file,status,before_kb,after_kb,reduction_pct,width,height,error,output_path
0.png,OK,126.7,12.5,90.1,512,512,,D:\female\11\0.webp
0.png,OK,3.3,1.1,65.2,512,512,,D:\female\9\0.webp
0_1.png,OK,117.8,24.4,79.3,512,512,,D:\female\11\0_1.webp
0_10.png,OK,189.3,32.8,82.7,512,512,,D:\female\11\0_10.webp
0_11.png,OK,118.4,11.1,90.6,512,512,,D:\female\11\0_11.webp
0_12.png,OK,203.0,38.1,81.2,512,512,,D:\female\11\0_12.webp
0_13.png,OK,101.3,11.5,88.6,512,512,,D:\female\11\0_13.webp
0_14.png,OK,127.7,14.7,88.5,512,512,,D:\female\11\0_14.webp
0_15.png,OK,144.7,20.9,85.6,512,512,,D:\female\11\0_15.webp
0_2.png,OK,108.7,9.9,90.9,512,512,,D:\female\11\0_2.webp
0_3.png,OK,106.2,14.3,86.5,512,512,,D:\female\11\0_3.webp
0_4.png,OK,113.2,30.1,73.4,512,512,,D:\female\11\0_4.webp
0_5.png,OK,119.1,14.0,88.2,512,512,,D:\female\11\0_5.webp
0_6.png,OK,116.4,13.1,88.8,512,512,,D:\female\11\0_6.webp
0_7.png,OK,124.9,12.9,89.6,512,512,,D:\female\11\0_7.webp
0_8.png,OK,119.0,22.9,80.8,512,512,,D:\female\11\0_8.webp
0_9.png,OK,114.7,13.5,88.2,512,512,,D:\female\11\0_9.webp
1.png,OK,181.4,28.7,84.2,512,512,,D:\female\11\1.webp
1.png,OK,99.6,14.7,85.3,512,512,,D:\female\9\1.webp
10.png,OK,172.6,19.0,89.0,512,512,,D:\female\11\10.webp
10.png,OK,110.3,15.7,85.7,512,512,,D:\female\9\10.webp
100.png,OK,161.2,16.9,89.5,512,512,,D:\female\11\100.webp
100.png,OK,17.3,6.9,60.4,512,512,,D:\female\9\100.webp
1000.png,OK,269.1,45.3,83.2,512,512,,D:\female\11\1000.webp
1001.png,OK,142.5,26.9,81.1,512,512,,D:\female\11\1001.webp
1001_1.png,OK,133.6,33.7,74.8,512,512,,D:\female\11\1001_1.webp
1001_2.png,OK,138.8,25.5,81.6,512,512,,D:\female\11\1001_2.webp
1001_3.png,OK,129.7,27.2,79.0,512,512,,D:\female\11\1001_3.webp
1002.png,OK,268.9,51.4,80.9,512,512,,D:\female\11\1002.webp
1003.png,OK,145.5,25.8,82.3,512,512,,D:\female\11\1003.webp
1003_1.png,OK,155.4,35.6,77.1,512,512,,D:\female\11\1003_1.webp
1003_2.png,OK,152.8,32.0,79.1,512,512,,D:\female\11\1003_2.webp
1004.png,OK,85.2,17.4,79.6,512,512,,D:\female\11\1004.webp
1004_1.png,OK,84.0,24.0,71.4,512,512,,D:\female\11\1004_1.webp
1005.png,OK,59.9,9.8,83.6,512,512,,D:\female\11\1005.webp
1006.png,OK,103.5,25.9,75.0,512,512,,D:\female\11\1006.webp
1007.png,OK,175.4,33.7,80.8,512,512,,D:\female\11\1007.webp
1007_1.png,OK,178.8,41.5,76.8,512,512,,D:\female\11\1007_1.webp
1008.png,OK,199.8,27.5,86.2,512,512,,D:\female\11\1008.webp
1008_1.png,OK,198.3,36.1,81.8,512,512,,D:\female\11\1008_1.webp
1009.png,OK,162.1,31.0,80.9,512,512,,D:\female\11\1009.webp
1009_1.png,OK,145.9,21.6,85.2,512,512,,D:\female\11\1009_1.webp
100_1.png,OK,18.1,6.8,62.2,512,512,,D:\female\9\100_1.webp
101.png,OK,46.1,12.6,72.6,512,512,,D:\female\11\101.webp
101.png,OK,2.8,1.3,55.1,512,512,,D:\female\9\101.webp
1010.png,OK,197.8,51.3,74.1,512,512,,D:\female\11\1010.webp
1010_1.png,OK,182.2,40.7,77.7,512,512,,D:\female\11\1010_1.webp
1011.png,OK,127.0,31.7,75.1,512,512,,D:\female\11\1011.webp
1011_1.png,OK,126.2,32.4,74.4,512,512,,D:\female\11\1011_1.webp
1012.png,OK,281.6,53.9,80.8,512,512,,D:\female\11\1012.webp
1012_1.png,OK,275.1,58.2,78.8,512,512,,D:\female\11\1012_1.webp
1012_2.png,OK,204.9,29.7,85.5,512,512,,D:\female\11\1012_2.webp
1012_3.png,OK,268.4,36.5,86.4,512,512,,D:\female\11\1012_3.webp
1012_4.png,OK,259.1,29.4,88.7,512,512,,D:\female\11\1012_4.webp
1012_5.png,OK,258.0,26.8,89.6,512,512,,D:\female\11\1012_5.webp
1013.png,OK,203.8,30.3,85.1,512,512,,D:\female\11\1013.webp
1013_1.png,OK,191.1,31.7,83.4,512,512,,D:\female\11\1013_1.webp
1014.png,OK,166.9,26.3,84.2,512,512,,D:\female\11\1014.webp
1014_1.png,OK,155.0,18.3,88.2,512,512,,D:\female\11\1014_1.webp
1015.png,OK,141.0,22.4,84.1,512,512,,D:\female\11\1015.webp
1015_1.png,OK,165.4,40.2,75.7,512,512,,D:\female\11\1015_1.webp
1016.png,OK,58.1,17.1,70.6,512,512,,D:\female\11\1016.webp
1017.png,OK,86.6,14.9,82.8,512,512,,D:\female\11\1017.webp
1017_1.png,OK,100.1,18.8,81.2,512,512,,D:\female\11\1017_1.webp
1017_2.png,OK,125.5,41.2,67.2,512,512,,D:\female\11\1017_2.webp
1018.png,OK,54.4,13.1,76.0,512,512,,D:\female\11\1018.webp
1018_1.png,OK,54.3,13.7,74.8,512,512,,D:\female\11\1018_1.webp
1018_2.png,OK,56.1,15.9,71.6,512,512,,D:\female\11\1018_2.webp
1019.png,OK,172.4,19.5,88.7,512,512,,D:\female\11\1019.webp
1019_1.png,OK,131.2,23.1,82.4,512,512,,D:\female\11\1019_1.webp
101_1.png,OK,48.5,12.1,75.1,512,512,,D:\female\11\101_1.webp
101_2.png,OK,43.7,9.4,78.5,512,512,,D:\female\11\101_2.webp
101_3.png,OK,43.6,9.9,77.3,512,512,,D:\female\11\101_3.webp
101_4.png,OK,46.1,10.9,76.4,512,512,,D:\female\11\101_4.webp
101_5.png,OK,48.1,10.9,77.3,512,512,,D:\female\11\101_5.webp
102.png,OK,263.4,36.3,86.2,512,512,,D:\female\11\102.webp
102.png,OK,6.0,2.6,56.9,512,512,,D:\female\9\102.webp
1020.png,OK,282.9,61.7,78.2,512,512,,D:\female\11\1020.webp
1020_1.png,OK,262.6,32.4,87.7,512,512,,D:\female\11\1020_1.webp
1020_2.png,OK,245.3,28.8,88.3,512,512,,D:\female\11\1020_2.webp
1021.png,OK,276.6,42.4,84.7,512,512,,D:\female\11\1021.webp
1021_1.png,OK,289.5,45.9,84.2,512,512,,D:\female\11\1021_1.webp
1022.png,OK,218.3,33.3,84.8,512,512,,D:\female\11\1022.webp
1023.png,OK,84.0,11.9,85.9,512,512,,D:\female\11\1023.webp
1023_1.png,OK,76.6,12.8,83.2,512,512,,D:\female\11\1023_1.webp
1024.png,OK,137.5,26.0,81.1,512,512,,D:\female\11\1024.webp
1024_1.png,OK,139.1,28.1,79.8,512,512,,D:\female\11\1024_1.webp
1025.png,OK,176.3,29.2,83.4,512,512,,D:\female\11\1025.webp
1026.png,OK,264.3,40.6,84.6,512,512,,D:\female\11\1026.webp
1026_1.png,OK,254.4,41.0,83.9,512,512,,D:\female\11\1026_1.webp
1027.png,OK,240.5,29.3,87.8,512,512,,D:\female\11\1027.webp
1028.png,OK,209.7,27.1,87.1,512,512,,D:\female\11\1028.webp
1028_1.png,OK,204.5,28.1,86.3,512,512,,D:\female\11\1028_1.webp
1028_2.png,OK,226.8,40.0,82.4,512,512,,D:\female\11\1028_2.webp
1029.png,OK,177.2,16.0,91.0,512,512,,D:\female\11\1029.webp
1029_1.png,OK,187.2,46.5,75.1,512,512,,D:\female\11\1029_1.webp
1029_2.png,OK,164.1,17.1,89.6,512,512,,D:\female\11\1029_2.webp
102_1.png,OK,6.5,3.0,53.4,512,512,,D:\female\9\102_1.webp
102_2.png,OK,6.5,3.1,51.7,512,512,,D:\female\9\102_2.webp
102_3.png,OK,6.5,3.1,52.1,512,512,,D:\female\9\102_3.webp
103.png,OK,174.6,21.1,87.9,512,512,,D:\female\11\103.webp
103.png,OK,36.4,8.4,76.8,512,512,,D:\female\9\103.webp
1030.png,OK,175.1,24.1,86.2,512,512,,D:\female\11\1030.webp
1030_1.png,OK,236.8,40.4,82.9,512,512,,D:\female\11\1030_1.webp
1030_2.png,OK,200.2,45.6,77.2,512,512,,D:\female\11\1030_2.webp
1031.png,OK,148.4,26.7,82.0,512,512,,D:\female\11\1031.webp
1031_1.png,OK,147.1,25.6,82.6,512,512,,D:\female\11\1031_1.webp
1032.png,OK,65.2,14.1,78.4,512,512,,D:\female\11\1032.webp
1033.png,OK,217.2,29.0,86.6,512,512,,D:\female\11\1033.webp
1033_1.png,OK,220.8,26.7,87.9,512,512,,D:\female\11\1033_1.webp
1033_10.png,OK,115.7,14.1,87.8,512,512,,D:\female\11\1033_10.webp
1033_11.png,OK,118.2,14.1,88.1,512,512,,D:\female\11\1033_11.webp
1033_12.png,OK,195.1,28.8,85.2,512,512,,D:\female\11\1033_12.webp
1033_13.png,OK,194.3,28.5,85.3,512,512,,D:\female\11\1033_13.webp
1033_14.png,OK,161.4,17.2,89.4,512,512,,D:\female\11\1033_14.webp
1033_15.png,OK,171.6,19.6,88.6,512,512,,D:\female\11\1033_15.webp
1033_2.png,OK,216.1,25.2,88.3,512,512,,D:\female\11\1033_2.webp
1033_3.png,OK,128.3,16.1,87.5,512,512,,D:\female\11\1033_3.webp
1033_4.png,OK,149.7,17.8,88.1,512,512,,D:\female\11\1033_4.webp
1033_5.png,OK,153.3,20.4,86.7,512,512,,D:\female\11\1033_5.webp
1033_6.png,OK,230.1,46.7,79.7,512,512,,D:\female\11\1033_6.webp
1033_7.png,OK,230.6,47.0,79.6,512,512,,D:\female\11\1033_7.webp
1033_8.png,OK,191.3,27.7,85.5,512,512,,D:\female\11\1033_8.webp
1033_9.png,OK,221.3,29.5,86.7,512,512,,D:\female\11\1033_9.webp
1034.png,OK,171.8,21.7,87.4,512,512,,D:\female\11\1034.webp
1034_1.png,OK,154.3,16.3,89.4,512,512,,D:\female\11\1034_1.webp
1034_2.png,OK,212.7,36.2,83.0,512,512,,D:\female\11\1034_2.webp
1035.png,OK,139.2,30.2,78.3,512,512,,D:\female\11\1035.webp
1035_1.png,OK,139.7,18.7,86.6,512,512,,D:\female\11\1035_1.webp
1036.png,OK,78.9,13.0,83.5,512,512,,D:\female\11\1036.webp
1036_1.png,OK,81.8,17.0,79.2,512,512,,D:\female\11\1036_1.webp
1037.png,OK,146.3,32.6,77.7,512,512,,D:\female\11\1037.webp
1037_1.png,OK,145.1,39.1,73.1,512,512,,D:\female\11\1037_1.webp
1038.png,OK,135.1,22.9,83.1,512,512,,D:\female\11\1038.webp
1038_1.png,OK,136.7,26.3,80.8,512,512,,D:\female\11\1038_1.webp
1039.png,OK,273.0,30.7,88.7,512,512,,D:\female\11\1039.webp
1039_1.png,OK,267.9,29.4,89.0,512,512,,D:\female\11\1039_1.webp
1039_10.png,OK,264.2,30.0,88.6,512,512,,D:\female\11\1039_10.webp
1039_11.png,OK,196.9,21.4,89.1,512,512,,D:\female\11\1039_11.webp
1039_12.png,OK,200.2,22.4,88.8,512,512,,D:\female\11\1039_12.webp
1039_13.png,OK,199.5,23.2,88.4,512,512,,D:\female\11\1039_13.webp
1039_14.png,OK,199.3,23.0,88.4,512,512,,D:\female\11\1039_14.webp
1039_15.png,OK,273.8,30.8,88.8,512,512,,D:\female\11\1039_15.webp
1039_16.png,OK,269.2,28.2,89.5,512,512,,D:\female\11\1039_16.webp
1039_2.png,OK,262.3,27.3,89.6,512,512,,D:\female\11\1039_2.webp
1039_3.png,OK,269.8,29.9,88.9,512,512,,D:\female\11\1039_3.webp
1039_4.png,OK,212.6,25.5,88.0,512,512,,D:\female\11\1039_4.webp
1039_5.png,OK,211.6,23.2,89.0,512,512,,D:\female\11\1039_5.webp
1039_6.png,OK,268.3,29.6,89.0,512,512,,D:\female\11\1039_6.webp
1039_7.png,OK,267.4,30.4,88.6,512,512,,D:\female\11\1039_7.webp
1039_8.png,OK,265.0,27.9,89.5,512,512,,D:\female\11\1039_8.webp
1039_9.png,OK,262.5,29.2,88.9,512,512,,D:\female\11\1039_9.webp
103_1.png,OK,174.7,42.1,75.9,512,512,,D:\female\11\103_1.webp
103_1.png,OK,38.2,9.3,75.7,512,512,,D:\female\9\103_1.webp
103_2.png,OK,158.4,18.3,88.4,512,512,,D:\female\11\103_2.webp
103_3.png,OK,133.9,17.0,87.3,512,512,,D:\female\11\103_3.webp
103_4.png,OK,164.8,20.1,87.8,512,512,,D:\female\11\103_4.webp
103_5.png,OK,177.2,21.4,87.9,512,512,,D:\female\11\103_5.webp
104.png,OK,240.2,28.1,88.3,512,512,,D:\female\11\104.webp
104.png,OK,12.7,6.3,50.4,512,512,,D:\female\9\104.webp
1040.png,OK,233.8,30.2,87.1,512,512,,D:\female\11\1040.webp
1040_1.png,OK,252.1,53.6,78.7,512,512,,D:\female\11\1040_1.webp
1041.png,OK,209.8,25.6,87.8,512,512,,D:\female\11\1041.webp
1041_1.png,OK,203.6,41.9,79.4,512,512,,D:\female\11\1041_1.webp
1041_2.png,OK,197.4,25.5,87.1,512,512,,D:\female\11\1041_2.webp
1041_3.png,OK,214.9,22.8,89.4,512,512,,D:\female\11\1041_3.webp
1042.png,OK,115.9,21.9,81.1,512,512,,D:\female\11\1042.webp
1042_1.png,OK,121.0,31.2,74.2,512,512,,D:\female\11\1042_1.webp
1043.png,OK,112.2,30.1,73.2,512,512,,D:\female\11\1043.webp
1043_1.png,OK,117.5,22.4,80.9,512,512,,D:\female\11\1043_1.webp
1043_2.png,OK,98.2,18.0,81.7,512,512,,D:\female\11\1043_2.webp
1044.png,OK,200.0,23.0,88.5,512,512,,D:\female\11\1044.webp
1044_1.png,OK,211.8,23.6,88.9,512,512,,D:\female\11\1044_1.webp
1045.png,OK,69.8,12.0,82.8,512,512,,D:\female\11\1045.webp
1045_1.png,OK,85.2,13.6,84.1,512,512,,D:\female\11\1045_1.webp
1046.png,OK,223.7,22.7,89.8,512,512,,D:\female\11\1046.webp
1046_1.png,OK,170.0,20.1,88.2,512,512,,D:\female\11\1046_1.webp
1047.png,OK,131.2,18.7,85.7,512,512,,D:\female\11\1047.webp
1047_1.png,OK,156.5,20.9,86.6,512,512,,D:\female\11\1047_1.webp
1048.png,OK,218.8,34.2,84.4,512,512,,D:\female\11\1048.webp
1048_1.png,OK,230.0,53.2,76.9,512,512,,D:\female\11\1048_1.webp
1048_2.png,OK,186.4,25.9,86.1,512,512,,D:\female\11\1048_2.webp
1049.png,OK,62.3,12.5,80.0,512,512,,D:\female\11\1049.webp
104_1.png,OK,12.1,5.9,51.1,512,512,,D:\female\9\104_1.webp
104_2.png,OK,12.1,5.8,52.2,512,512,,D:\female\9\104_2.webp
105.png,OK,133.1,15.3,88.5,512,512,,D:\female\11\105.webp
105.png,OK,4.4,2.0,54.4,512,512,,D:\female\9\105.webp
1050.png,OK,46.9,11.4,75.6,512,512,,D:\female\11\1050.webp
1050_1.png,OK,52.6,13.1,75.0,512,512,,D:\female\11\1050_1.webp
1051.png,OK,184.9,39.3,78.8,512,512,,D:\female\11\1051.webp
1051_1.png,OK,150.1,37.7,74.9,512,512,,D:\female\11\1051_1.webp
1051_2.png,OK,173.1,35.3,79.6,512,512,,D:\female\11\1051_2.webp
1052.png,OK,124.9,23.7,81.0,512,512,,D:\female\11\1052.webp
1052_1.png,OK,158.3,30.9,80.5,512,512,,D:\female\11\1052_1.webp
1053.png,OK,275.9,90.5,67.2,512,512,,D:\female\11\1053.webp
1054.png,OK,191.2,27.4,85.7,512,512,,D:\female\11\1054.webp
1054_1.png,OK,184.2,26.5,85.6,512,512,,D:\female\11\1054_1.webp
1054_2.png,OK,186.9,34.6,81.5,512,512,,D:\female\11\1054_2.webp
1055.png,OK,228.6,30.0,86.9,512,512,,D:\female\11\1055.webp
1055_1.png,OK,245.3,36.3,85.2,512,512,,D:\female\11\1055_1.webp
1055_2.png,OK,231.8,38.4,83.4,512,512,,D:\female\11\1055_2.webp
1056.png,OK,58.7,13.5,77.0,512,512,,D:\female\11\1056.webp
1056_1.png,OK,55.6,11.8,78.7,512,512,,D:\female\11\1056_1.webp
1057.png,OK,115.7,27.4,76.3,512,512,,D:\female\11\1057.webp
1058.png,OK,135.1,31.1,77.0,512,512,,D:\female\11\1058.webp
1059.png,OK,178.1,21.7,87.8,512,512,,D:\female\11\1059.webp
1059_1.png,OK,176.8,24.0,86.4,512,512,,D:\female\11\1059_1.webp
1059_2.png,OK,192.2,28.5,85.2,512,512,,D:\female\11\1059_2.webp
1059_3.png,OK,172.3,31.8,81.5,512,512,,D:\female\11\1059_3.webp
105_1.png,OK,133.5,14.8,88.9,512,512,,D:\female\11\105_1.webp
105_1.png,OK,4.2,1.8,56.2,512,512,,D:\female\9\105_1.webp
105_2.png,OK,134.9,15.8,88.3,512,512,,D:\female\11\105_2.webp
105_3.png,OK,200.2,53.6,73.2,512,512,,D:\female\11\105_3.webp
105_4.png,OK,198.2,48.4,75.6,512,512,,D:\female\11\105_4.webp
105_5.png,OK,187.1,44.3,76.3,512,512,,D:\female\11\105_5.webp
105_6.png,OK,175.9,29.2,83.4,512,512,,D:\female\11\105_6.webp
105_7.png,OK,191.5,40.1,79.1,512,512,,D:\female\11\105_7.webp
106.png,OK,236.2,49.9,78.9,512,512,,D:\female\11\106.webp
106.png,OK,3.1,1.4,55.3,512,512,,D:\female\9\106.webp
1060.png,OK,218.7,28.1,87.2,512,512,,D:\female\11\1060.webp
1060_1.png,OK,215.4,24.9,88.5,512,512,,D:\female\11\1060_1.webp
1061.png,OK,221.7,28.5,87.2,512,512,,D:\female\11\1061.webp
1062.png,OK,149.2,21.2,85.8,512,512,,D:\female\11\1062.webp
1062_1.png,OK,186.9,30.2,83.9,512,512,,D:\female\11\1062_1.webp
1063.png,OK,43.2,7.0,83.9,512,512,,D:\female\11\1063.webp
1063_1.png,OK,42.4,6.8,84.1,512,512,,D:\female\11\1063_1.webp
1064.png,OK,153.2,22.1,85.6,512,512,,D:\female\11\1064.webp
1064_1.png,OK,134.6,16.9,87.4,512,512,,D:\female\11\1064_1.webp
1065.png,OK,134.8,17.0,87.4,512,512,,D:\female\11\1065.webp
1066.png,OK,62.9,9.3,85.3,512,512,,D:\female\11\1066.webp
1066_1.png,OK,65.3,9.5,85.4,512,512,,D:\female\11\1066_1.webp
1067.png,OK,193.9,44.9,76.8,512,512,,D:\female\11\1067.webp
1067_1.png,OK,194.8,35.9,81.5,512,512,,D:\female\11\1067_1.webp
1068.png,OK,226.1,48.3,78.6,512,512,,D:\female\11\1068.webp
1068_1.png,OK,238.9,62.7,73.8,512,512,,D:\female\11\1068_1.webp
1068_2.png,OK,199.9,58.8,70.6,512,512,,D:\female\11\1068_2.webp
1068_3.png,OK,261.8,55.8,78.7,512,512,,D:\female\11\1068_3.webp
1069.png,OK,238.8,24.4,89.8,512,512,,D:\female\11\1069.webp
1069_1.png,OK,278.0,39.3,85.9,512,512,,D:\female\11\1069_1.webp
1069_10.png,OK,277.0,36.7,86.8,512,512,,D:\female\11\1069_10.webp
1069_11.png,OK,228.1,31.3,86.3,512,512,,D:\female\11\1069_11.webp
1069_12.png,OK,289.7,67.3,76.8,512,512,,D:\female\11\1069_12.webp
1069_13.png,OK,280.4,64.3,77.1,512,512,,D:\female\11\1069_13.webp
1069_2.png,OK,277.1,37.8,86.4,512,512,,D:\female\11\1069_2.webp
1069_3.png,OK,267.2,56.2,79.0,512,512,,D:\female\11\1069_3.webp
1069_4.png,OK,265.9,31.2,88.3,512,512,,D:\female\11\1069_4.webp
1069_5.png,OK,271.6,34.4,87.3,512,512,,D:\female\11\1069_5.webp
1069_6.png,OK,266.2,32.9,87.6,512,512,,D:\female\11\1069_6.webp
1069_7.png,OK,276.6,39.9,85.6,512,512,,D:\female\11\1069_7.webp
1069_8.png,OK,289.8,80.1,72.3,512,512,,D:\female\11\1069_8.webp
1069_9.png,OK,287.6,42.6,85.2,512,512,,D:\female\11\1069_9.webp
106_1.png,OK,220.7,29.9,86.4,512,512,,D:\female\11\106_1.webp
106_1.png,OK,3.1,1.4,55.0,512,512,,D:\female\9\106_1.webp
106_2.png,OK,213.9,28.2,86.8,512,512,,D:\female\11\106_2.webp
106_2.png,OK,3.3,1.5,54.5,512,512,,D:\female\9\106_2.webp
106_3.png,OK,227.3,31.9,86.0,512,512,,D:\female\11\106_3.webp
107.png,OK,250.0,42.2,83.1,512,512,,D:\female\11\107.webp
107.png,OK,33.8,10.7,68.3,512,512,,D:\female\9\107.webp
1070.png,OK,161.0,28.2,82.5,512,512,,D:\female\11\1070.webp
1070_1.png,OK,193.5,44.5,77.0,512,512,,D:\female\11\1070_1.webp
1071.png,OK,75.5,14.5,80.8,512,512,,D:\female\11\1071.webp
1071_1.png,OK,75.7,14.6,80.8,512,512,,D:\female\11\1071_1.webp
1072.png,OK,280.7,57.4,79.5,512,512,,D:\female\11\1072.webp
1072_1.png,OK,261.0,37.5,85.6,512,512,,D:\female\11\1072_1.webp
1072_2.png,OK,278.1,41.7,85.0,512,512,,D:\female\11\1072_2.webp
1073.png,OK,2.5,1.2,51.0,512,512,,D:\female\11\1073.webp
1074.png,OK,120.5,35.0,71.0,512,512,,D:\female\11\1074.webp
1074_1.png,OK,134.9,40.5,70.0,512,512,,D:\female\11\1074_1.webp
1075.png,OK,137.9,24.5,82.2,512,512,,D:\female\11\1075.webp
1075_1.png,OK,147.8,28.0,81.1,512,512,,D:\female\11\1075_1.webp
1076.png,OK,237.3,33.3,86.0,512,512,,D:\female\11\1076.webp
1076_1.png,OK,232.8,29.0,87.5,512,512,,D:\female\11\1076_1.webp
1076_2.png,OK,212.6,26.0,87.8,512,512,,D:\female\11\1076_2.webp
1076_3.png,OK,239.3,32.6,86.4,512,512,,D:\female\11\1076_3.webp
1077.png,OK,112.3,23.7,78.9,512,512,,D:\female\11\1077.webp
1077_1.png,OK,118.5,18.0,84.8,512,512,,D:\female\11\1077_1.webp
1078.png,OK,138.5,23.0,83.4,512,512,,D:\female\11\1078.webp
1078_1.png,OK,142.6,32.7,77.1,512,512,,D:\female\11\1078_1.webp
1078_2.png,OK,139.4,19.3,86.2,512,512,,D:\female\11\1078_2.webp
1079.png,OK,146.5,28.8,80.3,512,512,,D:\female\11\1079.webp
1079_1.png,OK,126.0,25.2,80.0,512,512,,D:\female\11\1079_1.webp
107_1.png,OK,31.6,9.5,69.9,512,512,,D:\female\9\107_1.webp
108.png,OK,245.7,33.8,86.2,512,512,,D:\female\11\108.webp
108.png,OK,4.4,2.1,52.0,512,512,,D:\female\9\108.webp
1080.png,OK,73.6,11.3,84.7,512,512,,D:\female\11\1080.webp
1080_1.png,OK,69.8,14.6,79.1,512,512,,D:\female\11\1080_1.webp
1081.png,OK,139.6,19.2,86.2,512,512,,D:\female\11\1081.webp
1081_1.png,OK,139.7,20.8,85.1,512,512,,D:\female\11\1081_1.webp
1082.png,OK,184.2,33.4,81.9,512,512,,D:\female\11\1082.webp
1082_1.png,OK,201.3,32.0,84.1,512,512,,D:\female\11\1082_1.webp
1082_2.png,OK,217.0,57.0,73.7,512,512,,D:\female\11\1082_2.webp
1083.png,OK,214.9,23.4,89.1,512,512,,D:\female\11\1083.webp
1084.png,OK,55.3,14.2,74.4,512,512,,D:\female\11\1084.webp
1084_1.png,OK,57.2,10.0,82.6,512,512,,D:\female\11\1084_1.webp
1084_2.png,OK,52.6,9.0,82.8,512,512,,D:\female\11\1084_2.webp
1085.png,OK,102.6,15.2,85.2,512,512,,D:\female\11\1085.webp
1085_1.png,OK,97.5,14.2,85.4,512,512,,D:\female\11\1085_1.webp
1085_2.png,OK,106.7,24.8,76.8,512,512,,D:\female\11\1085_2.webp
1086.png,OK,147.4,35.3,76.0,512,512,,D:\female\11\1086.webp
1086_1.png,OK,159.2,41.1,74.2,512,512,,D:\female\11\1086_1.webp
1087.png,OK,241.3,30.7,87.3,512,512,,D:\female\11\1087.webp
1087_1.png,OK,222.4,28.7,87.1,512,512,,D:\female\11\1087_1.webp
1087_2.png,OK,224.3,24.1,89.3,512,512,,D:\female\11\1087_2.webp
1087_3.png,OK,213.3,26.3,87.7,512,512,,D:\female\11\1087_3.webp
1087_4.png,OK,197.4,20.8,89.5,512,512,,D:\female\11\1087_4.webp
1088.png,OK,107.0,16.4,84.6,512,512,,D:\female\11\1088.webp
1088_1.png,OK,111.8,25.2,77.5,512,512,,D:\female\11\1088_1.webp
1088_2.png,OK,106.6,16.6,84.5,512,512,,D:\female\11\1088_2.webp
1089.png,OK,143.8,29.3,79.6,512,512,,D:\female\11\1089.webp
1089_1.png,OK,145.7,30.8,78.9,512,512,,D:\female\11\1089_1.webp
108_1.png,OK,260.9,46.3,82.3,512,512,,D:\female\11\108_1.webp
108_2.png,OK,265.4,37.3,86.0,512,512,,D:\female\11\108_2.webp
109.png,OK,282.9,83.6,70.4,512,512,,D:\female\11\109.webp
109.png,OK,76.7,11.9,84.4,512,512,,D:\female\9\109.webp
1090.png,OK,291.0,52.5,82.0,512,512,,D:\female\11\1090.webp
1090_1.png,OK,302.3,73.0,75.9,512,512,,D:\female\11\1090_1.webp
1090_2.png,OK,292.5,51.3,82.5,512,512,,D:\female\11\1090_2.webp
1090_3.png,OK,271.7,49.5,81.8,512,512,,D:\female\11\1090_3.webp
1091.png,OK,254.3,37.4,85.3,512,512,,D:\female\11\1091.webp
1091_1.png,OK,260.7,39.8,84.7,512,512,,D:\female\11\1091_1.webp
1091_2.png,OK,292.8,77.1,73.7,512,512,,D:\female\11\1091_2.webp
1092.png,OK,136.1,22.4,83.6,512,512,,D:\female\11\1092.webp
1093.png,OK,67.1,13.7,79.6,512,512,,D:\female\11\1093.webp
1093_1.png,OK,57.8,12.5,78.4,512,512,,D:\female\11\1093_1.webp
1093_2.png,OK,70.4,17.6,75.1,512,512,,D:\female\11\1093_2.webp
1094.png,OK,143.0,16.4,88.5,512,512,,D:\female\11\1094.webp
1094_1.png,OK,127.8,18.5,85.5,512,512,,D:\female\11\1094_1.webp
1095.png,OK,185.7,27.3,85.3,512,512,,D:\female\11\1095.webp
1095_1.png,OK,195.2,34.4,82.4,512,512,,D:\female\11\1095_1.webp
1096.png,OK,174.3,22.8,86.9,512,512,,D:\female\11\1096.webp
1096_1.png,OK,176.2,23.6,86.6,512,512,,D:\female\11\1096_1.webp
1096_2.png,OK,183.4,39.2,78.6,512,512,,D:\female\11\1096_2.webp
1097.png,OK,177.3,29.6,83.3,512,512,,D:\female\11\1097.webp
1097_1.png,OK,192.4,34.4,82.1,512,512,,D:\female\11\1097_1.webp
1098.png,OK,127.6,36.7,71.2,512,512,,D:\female\11\1098.webp
1099.png,OK,82.3,21.5,73.9,512,512,,D:\female\11\1099.webp
1099_1.png,OK,92.2,21.4,76.8,512,512,,D:\female\11\1099_1.webp
1099_2.png,OK,99.0,26.1,73.7,512,512,,D:\female\11\1099_2.webp
109_1.png,OK,227.0,33.9,85.1,512,512,,D:\female\11\109_1.webp
109_10.png,OK,239.8,56.8,76.3,512,512,,D:\female\11\109_10.webp
109_11.png,OK,213.5,33.8,84.2,512,512,,D:\female\11\109_11.webp
109_12.png,OK,193.6,30.4,84.3,512,512,,D:\female\11\109_12.webp
109_13.png,OK,302.3,100.3,66.8,512,512,,D:\female\11\109_13.webp
109_14.png,OK,242.5,41.3,83.0,512,512,,D:\female\11\109_14.webp
109_15.png,OK,244.2,56.9,76.7,512,512,,D:\female\11\109_15.webp
109_2.png,OK,308.5,83.5,72.9,512,512,,D:\female\11\109_2.webp
109_3.png,OK,259.0,57.8,77.7,512,512,,D:\female\11\109_3.webp
109_4.png,OK,247.5,59.6,75.9,512,512,,D:\female\11\109_4.webp
109_5.png,OK,277.5,59.9,78.4,512,512,,D:\female\11\109_5.webp
109_6.png,OK,321.5,105.2,67.3,512,512,,D:\female\11\109_6.webp
109_7.png,OK,247.0,46.9,81.0,512,512,,D:\female\11\109_7.webp
109_8.png,OK,258.4,57.7,77.7,512,512,,D:\female\11\109_8.webp
109_9.png,OK,192.8,33.0,82.9,512,512,,D:\female\11\109_9.webp
10_1.png,OK,194.1,24.1,87.6,512,512,,D:\female\11\10_1.webp
10_1.png,OK,94.5,10.5,88.9,512,512,,D:\female\9\10_1.webp
10_10.png,OK,202.1,43.4,78.5,512,512,,D:\female\11\10_10.webp
10_11.png,OK,165.2,14.9,91.0,512,512,,D:\female\11\10_11.webp
10_12.png,OK,159.7,19.6,87.7,512,512,,D:\female\11\10_12.webp
10_13.png,OK,188.9,21.8,88.5,512,512,,D:\female\11\10_13.webp
10_14.png,OK,159.9,19.9,87.6,512,512,,D:\female\11\10_14.webp
10_15.png,OK,219.2,33.5,84.7,512,512,,D:\female\11\10_15.webp
10_2.png,OK,195.4,22.3,88.6,512,512,,D:\female\11\10_2.webp
10_2.png,OK,104.4,14.0,86.6,512,512,,D:\female\9\10_2.webp
10_3.png,OK,158.8,19.6,87.7,512,512,,D:\female\11\10_3.webp
10_3.png,OK,120.9,20.9,82.7,512,512,,D:\female\9\10_3.webp
10_4.png,OK,159.0,19.7,87.6,512,512,,D:\female\11\10_4.webp
10_4.png,OK,120.6,20.4,83.1,512,512,,D:\female\9\10_4.webp
10_5.png,OK,159.0,19.7,87.6,512,512,,D:\female\11\10_5.webp
10_6.png,OK,159.2,19.6,87.7,512,512,,D:\female\11\10_6.webp
10_7.png,OK,198.7,44.7,77.5,512,512,,D:\female\11\10_7.webp
10_8.png,OK,159.3,20.2,87.3,512,512,,D:\female\11\10_8.webp
10_9.png,OK,159.3,20.3,87.3,512,512,,D:\female\11\10_9.webp
11.png,OK,91.5,10.0,89.0,512,512,,D:\female\11\11.webp
11.png,OK,85.9,13.4,84.4,512,512,,D:\female\9\11.webp
110.png,OK,226.3,35.7,84.2,512,512,,D:\female\11\110.webp
110.png,OK,10.6,4.8,55.1,512,512,,D:\female\9\110.webp
1100.png,OK,187.3,24.7,86.8,512,512,,D:\female\11\1100.webp
1100_1.png,OK,184.4,23.4,87.3,512,512,,D:\female\11\1100_1.webp
1101.png,OK,156.3,39.4,74.8,512,512,,D:\female\11\1101.webp
1101_1.png,OK,167.3,41.2,75.4,512,512,,D:\female\11\1101_1.webp
1101_2.png,OK,189.2,44.5,76.5,512,512,,D:\female\11\1101_2.webp
1101_3.png,OK,174.4,41.4,76.3,512,512,,D:\female\11\1101_3.webp
1102.png,OK,123.6,14.5,88.3,512,512,,D:\female\11\1102.webp
1102_1.png,OK,134.1,16.1,88.0,512,512,,D:\female\11\1102_1.webp
1103.png,OK,325.8,40.7,87.5,512,512,,D:\female\11\1103.webp
1103_1.png,OK,331.7,55.2,83.4,512,512,,D:\female\11\1103_1.webp
1103_2.png,OK,334.8,59.2,82.3,512,512,,D:\female\11\1103_2.webp
1103_3.png,OK,330.9,42.6,87.1,512,512,,D:\female\11\1103_3.webp
1104.png,OK,146.7,19.4,86.8,512,512,,D:\female\11\1104.webp
1104_1.png,OK,135.1,20.8,84.6,512,512,,D:\female\11\1104_1.webp
1105.png,OK,130.4,24.6,81.2,512,512,,D:\female\11\1105.webp
1106.png,OK,160.6,22.2,86.2,512,512,,D:\female\11\1106.webp
1106_1.png,OK,139.8,21.6,84.6,512,512,,D:\female\11\1106_1.webp
1107.png,OK,148.8,23.6,84.1,512,512,,D:\female\11\1107.webp
1107_1.png,OK,165.4,21.7,86.9,512,512,,D:\female\11\1107_1.webp
1108.png,OK,299.5,70.3,76.5,512,512,,D:\female\11\1108.webp
1108_1.png,OK,293.7,57.8,80.3,512,512,,D:\female\11\1108_1.webp
1109.png,OK,145.4,24.8,83.0,512,512,,D:\female\11\1109.webp
1109_1.png,OK,132.7,22.5,83.1,512,512,,D:\female\11\1109_1.webp
110_1.png,OK,236.2,41.5,82.4,512,512,,D:\female\11\110_1.webp
110_2.png,OK,241.0,49.3,79.5,512,512,,D:\female\11\110_2.webp
110_3.png,OK,244.6,49.5,79.7,512,512,,D:\female\11\110_3.webp
110_4.png,OK,239.3,47.5,80.1,512,512,,D:\female\11\110_4.webp
110_5.png,OK,239.3,41.3,82.7,512,512,,D:\female\11\110_5.webp
110_6.png,OK,239.1,40.1,83.2,512,512,,D:\female\11\110_6.webp
110_7.png,OK,239.5,40.3,83.2,512,512,,D:\female\11\110_7.webp
110_8.png,OK,237.3,38.6,83.7,512,512,,D:\female\11\110_8.webp
110_9.png,OK,229.7,37.6,83.6,512,512,,D:\female\11\110_9.webp
111.png,OK,64.7,10.2,84.2,512,512,,D:\female\11\111.webp
111.png,OK,18.4,7.2,60.6,512,512,,D:\female\9\111.webp
1110.png,OK,239.8,29.1,87.9,512,512,,D:\female\11\1110.webp
1110_1.png,OK,237.5,29.9,87.4,512,512,,D:\female\11\1110_1.webp
1110_2.png,OK,254.4,55.4,78.2,512,512,,D:\female\11\1110_2.webp
1110_3.png,OK,249.5,32.0,87.2,512,512,,D:\female\11\1110_3.webp
1111.png,OK,72.8,12.5,82.8,512,512,,D:\female\11\1111.webp
1111_1.png,OK,85.4,15.3,82.0,512,512,,D:\female\11\1111_1.webp
1111_2.png,OK,92.9,23.3,74.9,512,512,,D:\female\11\1111_2.webp
1112.png,OK,56.7,13.0,77.1,512,512,,D:\female\11\1112.webp
1113.png,OK,50.6,12.0,76.2,512,512,,D:\female\11\1113.webp
1113_1.png,OK,54.1,16.9,68.8,512,512,,D:\female\11\1113_1.webp
1114.png,OK,203.1,40.1,80.3,512,512,,D:\female\11\1114.webp
1115.png,OK,167.4,38.7,76.9,512,512,,D:\female\11\1115.webp
1115_1.png,OK,167.9,50.2,70.1,512,512,,D:\female\11\1115_1.webp
1115_2.png,OK,186.8,59.5,68.1,512,512,,D:\female\11\1115_2.webp
1116.png,OK,208.7,48.4,76.8,512,512,,D:\female\11\1116.webp
1116_1.png,OK,195.5,31.7,83.8,512,512,,D:\female\11\1116_1.webp
1117.png,OK,152.2,35.8,76.5,512,512,,D:\female\11\1117.webp
1117_1.png,OK,148.0,23.5,84.1,512,512,,D:\female\11\1117_1.webp
1117_2.png,OK,133.2,19.0,85.7,512,512,,D:\female\11\1117_2.webp
1118.png,OK,108.4,12.5,88.5,512,512,,D:\female\11\1118.webp
1118_1.png,OK,120.9,16.0,86.8,512,512,,D:\female\11\1118_1.webp
1118_2.png,OK,126.4,27.8,78.0,512,512,,D:\female\11\1118_2.webp
1118_3.png,OK,142.2,14.8,89.6,512,512,,D:\female\11\1118_3.webp
1119.png,OK,49.8,15.9,68.1,512,512,,D:\female\11\1119.webp
1119_1.png,OK,47.2,15.8,66.5,512,512,,D:\female\11\1119_1.webp
111_1.png,OK,79.6,20.5,74.2,512,512,,D:\female\11\111_1.webp
111_1.png,OK,23.9,8.6,63.9,512,512,,D:\female\9\111_1.webp
111_10.png,OK,89.5,22.1,75.3,512,512,,D:\female\11\111_10.webp
111_11.png,OK,69.3,18.2,73.7,512,512,,D:\female\11\111_11.webp
111_2.png,OK,88.0,26.6,69.8,512,512,,D:\female\11\111_2.webp
111_3.png,OK,72.7,14.2,80.5,512,512,,D:\female\11\111_3.webp
111_4.png,OK,85.9,19.0,77.9,512,512,,D:\female\11\111_4.webp
111_5.png,OK,62.5,13.5,78.5,512,512,,D:\female\11\111_5.webp
111_6.png,OK,69.0,16.9,75.5,512,512,,D:\female\11\111_6.webp
111_7.png,OK,72.5,21.0,71.0,512,512,,D:\female\11\111_7.webp
111_8.png,OK,69.0,17.5,74.7,512,512,,D:\female\11\111_8.webp
111_9.png,OK,65.3,10.2,84.4,512,512,,D:\female\11\111_9.webp
112.png,OK,218.2,39.5,81.9,512,512,,D:\female\11\112.webp
112.png,OK,2.5,1.1,56.3,512,512,,D:\female\9\112.webp
1120.png,OK,73.8,7.9,89.2,512,512,,D:\female\11\1120.webp
1120_1.png,OK,74.6,9.5,87.2,512,512,,D:\female\11\1120_1.webp
1121.png,OK,117.4,11.6,90.1,512,512,,D:\female\11\1121.webp
1121_1.png,OK,130.9,12.7,90.3,512,512,,D:\female\11\1121_1.webp
1121_2.png,OK,141.2,32.2,77.2,512,512,,D:\female\11\1121_2.webp
1122.png,OK,198.9,30.2,84.8,512,512,,D:\female\11\1122.webp
1123.png,OK,161.5,32.7,79.8,512,512,,D:\female\11\1123.webp
1123_1.png,OK,162.8,28.8,82.3,512,512,,D:\female\11\1123_1.webp
1124.png,OK,127.7,23.3,81.8,512,512,,D:\female\11\1124.webp
1124_1.png,OK,152.8,37.0,75.8,512,512,,D:\female\11\1124_1.webp
1124_2.png,OK,138.0,26.7,80.6,512,512,,D:\female\11\1124_2.webp
1124_3.png,OK,155.5,32.9,78.8,512,512,,D:\female\11\1124_3.webp
1124_4.png,OK,154.7,32.1,79.3,512,512,,D:\female\11\1124_4.webp
1124_5.png,OK,112.2,25.9,76.9,512,512,,D:\female\11\1124_5.webp
1124_6.png,OK,132.0,32.1,75.7,512,512,,D:\female\11\1124_6.webp
1125.png,OK,74.5,23.7,68.2,512,512,,D:\female\11\1125.webp
1125_1.png,OK,68.5,16.6,75.8,512,512,,D:\female\11\1125_1.webp
1125_2.png,OK,70.2,18.8,73.3,512,512,,D:\female\11\1125_2.webp
1126.png,OK,53.5,9.6,82.1,512,512,,D:\female\11\1126.webp
1127.png,OK,155.4,22.2,85.7,512,512,,D:\female\11\1127.webp
1128.png,OK,126.9,27.4,78.4,512,512,,D:\female\11\1128.webp
1128_1.png,OK,125.5,21.8,82.6,512,512,,D:\female\11\1128_1.webp
1129.png,OK,294.3,53.0,82.0,512,512,,D:\female\11\1129.webp
1129_1.png,OK,285.2,48.8,82.9,512,512,,D:\female\11\1129_1.webp
112_1.png,OK,223.0,40.5,81.8,512,512,,D:\female\11\112_1.webp
112_2.png,OK,203.0,29.9,85.3,512,512,,D:\female\11\112_2.webp
113.png,OK,220.3,45.0,79.6,512,512,,D:\female\11\113.webp
113.png,OK,39.2,12.2,68.8,512,512,,D:\female\9\113.webp
1130.png,OK,139.4,20.7,85.1,512,512,,D:\female\11\1130.webp
1130_1.png,OK,139.4,18.5,86.7,512,512,,D:\female\11\1130_1.webp
1130_2.png,OK,128.3,18.3,85.7,512,512,,D:\female\11\1130_2.webp
1131.png,OK,66.1,10.5,84.1,512,512,,D:\female\11\1131.webp
1132.png,OK,130.9,16.7,87.3,512,512,,D:\female\11\1132.webp
1132_1.png,OK,124.0,15.3,87.6,512,512,,D:\female\11\1132_1.webp
1132_2.png,OK,142.7,20.0,86.0,512,512,,D:\female\11\1132_2.webp
1133.png,OK,71.4,9.4,86.9,512,512,,D:\female\11\1133.webp
1133_1.png,OK,80.2,11.5,85.7,512,512,,D:\female\11\1133_1.webp
1134.png,OK,224.6,49.4,78.0,512,512,,D:\female\11\1134.webp
1135.png,OK,124.5,21.7,82.5,512,512,,D:\female\11\1135.webp
1135_1.png,OK,151.9,26.4,82.6,512,512,,D:\female\11\1135_1.webp
1136.png,OK,234.8,28.6,87.8,512,512,,D:\female\11\1136.webp
1136_1.png,OK,263.0,55.3,79.0,512,512,,D:\female\11\1136_1.webp
1137.png,OK,217.3,25.3,88.4,512,512,,D:\female\11\1137.webp
1137_1.png,OK,267.9,46.3,82.7,512,512,,D:\female\11\1137_1.webp
1137_2.png,OK,237.8,48.9,79.4,512,512,,D:\female\11\1137_2.webp
1138.png,OK,62.4,13.4,78.5,512,512,,D:\female\11\1138.webp
1138_1.png,OK,95.0,15.8,83.4,512,512,,D:\female\11\1138_1.webp
1138_2.png,OK,103.4,26.3,74.5,512,512,,D:\female\11\1138_2.webp
1138_3.png,OK,137.4,17.3,87.4,512,512,,D:\female\11\1138_3.webp
1139.png,OK,72.4,17.1,76.3,512,512,,D:\female\11\1139.webp
1139_1.png,OK,66.1,11.9,82.0,512,512,,D:\female\11\1139_1.webp
113_1.png,OK,227.4,42.0,81.5,512,512,,D:\female\11\113_1.webp
113_1.png,OK,32.4,9.3,71.4,512,512,,D:\female\9\113_1.webp
113_2.png,OK,234.5,48.5,79.3,512,512,,D:\female\11\113_2.webp
113_2.png,OK,38.4,10.4,72.9,512,512,,D:\female\9\113_2.webp
113_3.png,OK,27.5,8.0,70.9,512,512,,D:\female\9\113_3.webp
114.png,OK,196.8,53.4,72.8,512,512,,D:\female\11\114.webp
114.png,OK,7.0,3.4,52.0,512,512,,D:\female\9\114.webp
1140.png,OK,153.2,19.4,87.3,512,512,,D:\female\11\1140.webp
1140_1.png,OK,145.9,29.3,79.9,512,512,,D:\female\11\1140_1.webp
1141.png,OK,103.5,17.3,83.3,512,512,,D:\female\11\1141.webp
1141_1.png,OK,76.7,12.4,83.9,512,512,,D:\female\11\1141_1.webp
1141_2.png,OK,105.3,23.9,77.3,512,512,,D:\female\11\1141_2.webp
1142.png,OK,114.3,17.4,84.8,512,512,,D:\female\11\1142.webp
1142_1.png,OK,110.7,16.3,85.3,512,512,,D:\female\11\1142_1.webp
1143.png,OK,219.4,26.4,88.0,512,512,,D:\female\11\1143.webp
1143_1.png,OK,217.9,26.2,88.0,512,512,,D:\female\11\1143_1.webp
1144.png,OK,130.9,17.8,86.4,512,512,,D:\female\11\1144.webp
1144_1.png,OK,135.6,28.5,79.0,512,512,,D:\female\11\1144_1.webp
1145.png,OK,67.6,18.5,72.7,512,512,,D:\female\11\1145.webp
1146.png,OK,145.7,23.3,84.0,512,512,,D:\female\11\1146.webp
1146_1.png,OK,137.1,20.9,84.8,512,512,,D:\female\11\1146_1.webp
1146_2.png,OK,153.2,38.7,74.8,512,512,,D:\female\11\1146_2.webp
1147.png,OK,226.1,22.7,90.0,512,512,,D:\female\11\1147.webp
1148.png,OK,109.4,17.4,84.1,512,512,,D:\female\11\1148.webp
1148_1.png,OK,92.2,16.0,82.6,512,512,,D:\female\11\1148_1.webp
1149.png,OK,129.4,34.2,73.6,512,512,,D:\female\11\1149.webp
114_1.png,OK,181.4,35.6,80.4,512,512,,D:\female\11\114_1.webp
114_1.png,OK,7.5,3.6,52.2,512,512,,D:\female\9\114_1.webp
114_2.png,OK,171.3,26.3,84.7,512,512,,D:\female\11\114_2.webp
114_2.png,OK,7.6,3.4,54.6,512,512,,D:\female\9\114_2.webp
115.png,OK,192.3,34.9,81.9,512,512,,D:\female\11\115.webp
115.png,OK,16.8,7.1,57.5,512,512,,D:\female\9\115.webp
1150.png,OK,186.4,27.9,85.0,512,512,,D:\female\11\1150.webp
1150_1.png,OK,190.3,26.0,86.4,512,512,,D:\female\11\1150_1.webp
1151.png,OK,229.2,34.4,85.0,512,512,,D:\female\11\1151.webp
1151_1.png,OK,216.5,28.5,86.8,512,512,,D:\female\11\1151_1.webp
1151_2.png,OK,192.9,24.9,87.1,512,512,,D:\female\11\1151_2.webp
1152.png,OK,58.5,8.2,86.0,512,512,,D:\female\11\1152.webp
1152_1.png,OK,68.8,18.0,73.9,512,512,,D:\female\11\1152_1.webp
1153.png,OK,232.7,71.1,69.4,512,512,,D:\female\11\1153.webp
1153_1.png,OK,203.8,38.5,81.1,512,512,,D:\female\11\1153_1.webp
1154.png,OK,164.8,33.7,79.5,512,512,,D:\female\11\1154.webp
1155.png,OK,78.9,15.0,81.0,512,512,,D:\female\11\1155.webp
1155_1.png,OK,78.4,15.3,80.5,512,512,,D:\female\11\1155_1.webp
1155_2.png,OK,83.8,24.1,71.2,512,512,,D:\female\11\1155_2.webp
1155_3.png,OK,75.4,13.8,81.7,512,512,,D:\female\11\1155_3.webp
1156.png,OK,321.8,70.8,78.0,512,512,,D:\female\11\1156.webp
1156_1.png,OK,310.3,50.2,83.8,512,512,,D:\female\11\1156_1.webp
1157.png,OK,114.2,14.6,87.2,512,512,,D:\female\11\1157.webp
1157_1.png,OK,104.9,21.1,79.9,512,512,,D:\female\11\1157_1.webp
1158.png,OK,209.5,26.4,87.4,512,512,,D:\female\11\1158.webp
1159.png,OK,82.9,15.5,81.3,512,512,,D:\female\11\1159.webp
1159_1.png,OK,68.4,9.7,85.9,512,512,,D:\female\11\1159_1.webp
1159_2.png,OK,80.0,13.3,83.3,512,512,,D:\female\11\1159_2.webp
115_1.png,OK,196.4,31.4,84.0,512,512,,D:\female\11\115_1.webp
115_1.png,OK,17.2,7.3,57.4,512,512,,D:\female\9\115_1.webp
115_2.png,OK,210.8,46.1,78.1,512,512,,D:\female\11\115_2.webp
115_2.png,OK,17.5,7.6,56.7,512,512,,D:\female\9\115_2.webp
116.png,OK,202.6,30.7,84.9,512,512,,D:\female\11\116.webp
116.png,OK,5.5,2.6,52.6,512,512,,D:\female\9\116.webp
1160.png,OK,130.5,19.3,85.2,512,512,,D:\female\11\1160.webp
1160_1.png,OK,126.5,18.4,85.4,512,512,,D:\female\11\1160_1.webp
1161.png,OK,205.2,30.8,85.0,512,512,,D:\female\11\1161.webp
1162.png,OK,142.9,21.9,84.7,512,512,,D:\female\11\1162.webp
1162_1.png,OK,154.7,36.8,76.2,512,512,,D:\female\11\1162_1.webp
1162_2.png,OK,147.4,24.5,83.4,512,512,,D:\female\11\1162_2.webp
1163.png,OK,2.3,1.1,52.1,512,512,,D:\female\11\1163.webp
1163_1.png,OK,2.2,1.1,49.9,512,512,,D:\female\11\1163_1.webp
1164.png,OK,229.3,29.8,87.0,512,512,,D:\female\11\1164.webp
1164_1.png,OK,207.9,22.2,89.3,512,512,,D:\female\11\1164_1.webp
1165.png,OK,336.2,76.9,77.1,512,512,,D:\female\11\1165.webp
1165_1.png,OK,324.5,61.8,80.9,512,512,,D:\female\11\1165_1.webp
1166.png,OK,149.8,22.9,84.7,512,512,,D:\female\11\1166.webp
1166_1.png,OK,148.8,23.2,84.4,512,512,,D:\female\11\1166_1.webp
1167.png,OK,256.2,37.1,85.5,512,512,,D:\female\11\1167.webp
1167_1.png,OK,262.7,58.3,77.8,512,512,,D:\female\11\1167_1.webp
1168.png,OK,158.0,24.5,84.5,512,512,,D:\female\11\1168.webp
1168_1.png,OK,170.1,45.0,73.5,512,512,,D:\female\11\1168_1.webp
1168_2.png,OK,98.6,16.6,83.1,512,512,,D:\female\11\1168_2.webp
1169.png,OK,87.2,13.1,84.9,512,512,,D:\female\11\1169.webp
1169_1.png,OK,85.9,20.2,76.5,512,512,,D:\female\11\1169_1.webp
1169_2.png,OK,77.4,11.6,85.0,512,512,,D:\female\11\1169_2.webp
116_1.png,OK,229.2,48.9,78.7,512,512,,D:\female\11\116_1.webp
116_1.png,OK,5.8,2.7,52.4,512,512,,D:\female\9\116_1.webp
116_2.png,OK,249.0,74.1,70.2,512,512,,D:\female\11\116_2.webp
116_2.png,OK,5.7,2.8,51.5,512,512,,D:\female\9\116_2.webp
117.png,OK,106.9,11.0,89.7,512,512,,D:\female\11\117.webp
117.png,OK,31.1,9.6,69.2,512,512,,D:\female\9\117.webp
1170.png,OK,242.4,52.4,78.4,512,512,,D:\female\11\1170.webp
1171.png,OK,138.4,12.4,91.0,512,512,,D:\female\11\1171.webp
1171_1.png,OK,134.3,11.2,91.6,512,512,,D:\female\11\1171_1.webp
1171_2.png,OK,113.3,14.1,87.6,512,512,,D:\female\11\1171_2.webp
1172.png,OK,115.8,19.2,83.4,512,512,,D:\female\11\1172.webp
1172_1.png,OK,125.2,19.1,84.8,512,512,,D:\female\11\1172_1.webp
1173.png,OK,163.6,23.5,85.7,512,512,,D:\female\11\1173.webp
1173_1.png,OK,186.2,35.9,80.7,512,512,,D:\female\11\1173_1.webp
1174.png,OK,129.9,18.6,85.7,512,512,,D:\female\11\1174.webp
1174_1.png,OK,109.6,13.2,88.0,512,512,,D:\female\11\1174_1.webp
1174_2.png,OK,131.1,27.1,79.3,512,512,,D:\female\11\1174_2.webp
1175.png,OK,64.4,11.7,81.9,512,512,,D:\female\11\1175.webp
1175_1.png,OK,77.5,14.3,81.6,512,512,,D:\female\11\1175_1.webp
1176.png,OK,87.6,15.7,82.1,512,512,,D:\female\11\1176.webp
1177.png,OK,155.9,23.9,84.7,512,512,,D:\female\11\1177.webp
1177_1.png,OK,164.2,34.4,79.1,512,512,,D:\female\11\1177_1.webp
1177_2.png,OK,175.0,28.3,83.8,512,512,,D:\female\11\1177_2.webp
1177_3.png,OK,172.3,44.9,73.9,512,512,,D:\female\11\1177_3.webp
1178.png,OK,317.9,56.1,82.3,512,512,,D:\female\11\1178.webp
1178_1.png,OK,302.8,50.8,83.2,512,512,,D:\female\11\1178_1.webp
1179.png,OK,236.7,50.1,78.8,512,512,,D:\female\11\1179.webp
1179_1.png,OK,227.4,36.7,83.9,512,512,,D:\female\11\1179_1.webp
117_1.png,OK,102.3,10.3,89.9,512,512,,D:\female\11\117_1.webp
117_2.png,OK,129.3,24.5,81.1,512,512,,D:\female\11\117_2.webp
118.png,OK,116.1,11.6,90.0,512,512,,D:\female\11\118.webp
118.png,OK,4.2,1.9,53.6,512,512,,D:\female\9\118.webp
1180.png,OK,133.5,18.5,86.1,512,512,,D:\female\11\1180.webp
1180_1.png,OK,133.5,17.6,86.8,512,512,,D:\female\11\1180_1.webp
1181.png,OK,42.2,11.3,73.3,512,512,,D:\female\11\1181.webp
1181_1.png,OK,41.2,11.1,73.2,512,512,,D:\female\11\1181_1.webp
1182.png,OK,75.5,14.4,80.9,512,512,,D:\female\11\1182.webp
1182_1.png,OK,71.0,13.3,81.2,512,512,,D:\female\11\1182_1.webp
1182_2.png,OK,78.7,21.8,72.3,512,512,,D:\female\11\1182_2.webp
1183.png,OK,92.6,20.5,77.9,512,512,,D:\female\11\1183.webp
1183_1.png,OK,88.9,20.1,77.4,512,512,,D:\female\11\1183_1.webp
1184.png,OK,222.3,30.5,86.3,512,512,,D:\female\11\1184.webp
1184_1.png,OK,189.8,28.9,84.8,512,512,,D:\female\11\1184_1.webp
1185.png,OK,227.6,33.5,85.3,512,512,,D:\female\11\1185.webp
1185_1.png,OK,221.9,31.5,85.8,512,512,,D:\female\11\1185_1.webp
1186.png,OK,235.4,24.7,89.5,512,512,,D:\female\11\1186.webp
1186_1.png,OK,279.5,41.8,85.0,512,512,,D:\female\11\1186_1.webp
1187.png,OK,178.3,29.8,83.3,512,512,,D:\female\11\1187.webp
1187_1.png,OK,192.7,50.8,73.6,512,512,,D:\female\11\1187_1.webp
1187_2.png,OK,138.2,19.8,85.7,512,512,,D:\female\11\1187_2.webp
1188.png,OK,142.9,20.9,85.3,512,512,,D:\female\11\1188.webp
1188_1.png,OK,120.5,22.2,81.6,512,512,,D:\female\11\1188_1.webp
1189.png,OK,90.5,13.0,85.7,512,512,,D:\female\11\1189.webp
1189_1.png,OK,89.1,13.0,85.4,512,512,,D:\female\11\1189_1.webp
118_1.png,OK,112.0,11.3,89.9,512,512,,D:\female\11\118_1.webp
118_1.png,OK,4.2,1.9,53.7,512,512,,D:\female\9\118_1.webp
118_2.png,OK,142.6,27.3,80.9,512,512,,D:\female\11\118_2.webp
118_2.png,OK,4.4,2.1,52.8,512,512,,D:\female\9\118_2.webp
118_3.png,OK,4.2,2.0,52.5,512,512,,D:\female\9\118_3.webp
118_4.png,OK,3.9,1.8,53.9,512,512,,D:\female\9\118_4.webp
119.png,OK,188.2,19.2,89.8,512,512,,D:\female\11\119.webp
119.png,OK,34.7,7.9,77.2,512,512,,D:\female\9\119.webp
1190.png,OK,198.2,38.3,80.7,512,512,,D:\female\11\1190.webp
1190_1.png,OK,197.6,36.3,81.6,512,512,,D:\female\11\1190_1.webp
1191.png,OK,134.8,15.1,88.8,512,512,,D:\female\11\1191.webp
1191_1.png,OK,137.3,15.1,89.0,512,512,,D:\female\11\1191_1.webp
1192.png,OK,117.3,31.3,73.3,512,512,,D:\female\11\1192.webp
1192_1.png,OK,108.4,21.2,80.5,512,512,,D:\female\11\1192_1.webp
1193.png,OK,252.3,38.0,84.9,512,512,,D:\female\11\1193.webp
1193_1.png,OK,266.8,62.7,76.5,512,512,,D:\female\11\1193_1.webp
1194.png,OK,77.7,20.9,73.0,512,512,,D:\female\11\1194.webp
1194_1.png,OK,68.8,11.7,82.9,512,512,,D:\female\11\1194_1.webp
1194_2.png,OK,66.5,10.7,84.0,512,512,,D:\female\11\1194_2.webp
1195.png,OK,145.3,22.3,84.6,512,512,,D:\female\11\1195.webp
1195_1.png,OK,160.0,33.1,79.3,512,512,,D:\female\11\1195_1.webp
1196.png,OK,131.7,17.8,86.5,512,512,,D:\female\11\1196.webp
1196_1.png,OK,129.0,19.3,85.0,512,512,,D:\female\11\1196_1.webp
1197.png,OK,201.9,20.7,89.7,512,512,,D:\female\11\1197.webp
1197_1.png,OK,206.7,34.8,83.1,512,512,,D:\female\11\1197_1.webp
1197_2.png,OK,193.5,20.4,89.4,512,512,,D:\female\11\1197_2.webp
1198.png,OK,105.7,17.6,83.4,512,512,,D:\female\11\1198.webp
1199.png,OK,186.8,23.1,87.6,512,512,,D:\female\11\1199.webp
1199_1.png,OK,305.5,55.8,81.7,512,512,,D:\female\11\1199_1.webp
119_1.png,OK,209.6,34.1,83.8,512,512,,D:\female\11\119_1.webp
119_1.png,OK,44.0,9.7,78.0,512,512,,D:\female\9\119_1.webp
119_2.png,OK,213.9,33.8,84.2,512,512,,D:\female\11\119_2.webp
119_2.png,OK,46.1,13.4,71.0,512,512,,D:\female\9\119_2.webp
11_1.png,OK,91.7,18.1,80.3,512,512,,D:\female\11\11_1.webp
11_1.png,OK,74.8,9.8,86.9,512,512,,D:\female\9\11_1.webp
11_10.png,OK,84.3,19.5,76.9,512,512,,D:\female\11\11_10.webp
11_11.png,OK,96.5,9.7,90.0,512,512,,D:\female\11\11_11.webp
11_12.png,OK,86.2,10.1,88.3,512,512,,D:\female\11\11_12.webp
11_13.png,OK,86.1,10.1,88.3,512,512,,D:\female\11\11_13.webp
11_14.png,OK,86.2,10.1,88.3,512,512,,D:\female\11\11_14.webp
11_15.png,OK,63.5,7.2,88.7,512,512,,D:\female\11\11_15.webp
11_2.png,OK,90.4,9.1,89.9,512,512,,D:\female\11\11_2.webp
11_2.png,OK,81.9,12.2,85.1,512,512,,D:\female\9\11_2.webp
11_3.png,OK,86.2,10.1,88.2,512,512,,D:\female\11\11_3.webp
11_3.png,OK,93.4,17.7,81.1,512,512,,D:\female\9\11_3.webp
11_4.png,OK,86.1,10.1,88.3,512,512,,D:\female\11\11_4.webp
11_4.png,OK,92.9,17.0,81.7,512,512,,D:\female\9\11_4.webp
11_5.png,OK,86.1,10.2,88.2,512,512,,D:\female\11\11_5.webp
11_6.png,OK,86.1,10.2,88.2,512,512,,D:\female\11\11_6.webp
11_7.png,OK,86.1,10.1,88.2,512,512,,D:\female\11\11_7.webp
11_8.png,OK,86.1,10.1,88.2,512,512,,D:\female\11\11_8.webp
11_9.png,OK,86.1,10.2,88.2,512,512,,D:\female\11\11_9.webp
12.png,OK,89.9,12.6,86.0,512,512,,D:\female\11\12.webp
12.png,OK,107.2,15.7,85.3,512,512,,D:\female\9\12.webp
120.png,OK,337.6,61.0,81.9,512,512,,D:\female\11\120.webp
120.png,OK,6.8,2.5,62.5,512,512,,D:\female\9\120.webp
1200.png,OK,189.7,41.0,78.4,512,512,,D:\female\11\1200.webp
1201.png,OK,95.3,17.8,81.3,512,512,,D:\female\11\1201.webp
1201_1.png,OK,96.3,23.0,76.1,512,512,,D:\female\11\1201_1.webp
1202.png,OK,174.1,37.0,78.8,512,512,,D:\female\11\1202.webp
1203.png,OK,150.4,37.3,75.2,512,512,,D:\female\11\1203.webp
1204.png,OK,78.8,21.4,72.9,512,512,,D:\female\11\1204.webp
1204_1.png,OK,78.9,20.0,74.7,512,512,,D:\female\11\1204_1.webp
1204_2.png,OK,68.0,15.0,78.0,512,512,,D:\female\11\1204_2.webp
1205.png,OK,1.8,0.9,49.9,512,512,,D:\female\11\1205.webp
1205_1.png,OK,1.9,1.0,48.4,512,512,,D:\female\11\1205_1.webp
1205_2.png,OK,2.1,1.0,51.2,512,512,,D:\female\11\1205_2.webp
1206.png,OK,198.2,44.3,77.6,512,512,,D:\female\11\1206.webp
1207.png,OK,189.4,24.4,87.1,512,512,,D:\female\11\1207.webp
1207_1.png,OK,204.8,32.9,84.0,512,512,,D:\female\11\1207_1.webp
1207_2.png,OK,204.5,34.8,83.0,512,512,,D:\female\11\1207_2.webp
1207_3.png,OK,207.0,40.7,80.3,512,512,,D:\female\11\1207_3.webp
1208.png,OK,433.2,82.4,81.0,512,512,,D:\female\11\1208.webp
1208_1.png,OK,450.4,82.9,81.6,512,512,,D:\female\11\1208_1.webp
1209.png,OK,93.5,21.4,77.1,512,512,,D:\female\11\1209.webp
1209_1.png,OK,98.4,19.7,79.9,512,512,,D:\female\11\1209_1.webp
120_1.png,OK,333.9,58.4,82.5,512,512,,D:\female\11\120_1.webp
120_1.png,OK,6.6,2.4,63.4,512,512,,D:\female\9\120_1.webp
120_10.png,OK,298.6,47.1,84.2,512,512,,D:\female\11\120_10.webp
120_11.png,OK,308.1,50.7,83.5,512,512,,D:\female\11\120_11.webp
120_12.png,OK,281.4,74.3,73.6,512,512,,D:\female\11\120_12.webp
120_13.png,OK,260.8,37.3,85.7,512,512,,D:\female\11\120_13.webp
120_14.png,OK,273.9,45.0,83.6,512,512,,D:\female\11\120_14.webp
120_15.png,OK,267.5,36.3,86.4,512,512,,D:\female\11\120_15.webp
120_16.png,OK,282.3,69.2,75.5,512,512,,D:\female\11\120_16.webp
120_2.png,OK,324.8,60.0,81.5,512,512,,D:\female\11\120_2.webp
120_2.png,OK,6.6,2.4,63.5,512,512,,D:\female\9\120_2.webp
120_3.png,OK,349.8,92.8,73.5,512,512,,D:\female\11\120_3.webp
120_3.png,OK,6.6,2.4,63.4,512,512,,D:\female\9\120_3.webp
120_4.png,OK,332.5,62.7,81.1,512,512,,D:\female\11\120_4.webp
120_4.png,OK,6.6,2.4,63.5,512,512,,D:\female\9\120_4.webp
120_5.png,OK,319.6,53.3,83.3,512,512,,D:\female\11\120_5.webp
120_6.png,OK,315.9,52.7,83.3,512,512,,D:\female\11\120_6.webp
120_7.png,OK,342.9,88.0,74.3,512,512,,D:\female\11\120_7.webp
120_8.png,OK,323.1,59.8,81.5,512,512,,D:\female\11\120_8.webp
120_9.png,OK,313.3,51.7,83.5,512,512,,D:\female\11\120_9.webp
121.png,OK,322.4,56.7,82.4,512,512,,D:\female\11\121.webp
121.png,OK,62.0,22.7,63.3,512,512,,D:\female\9\121.webp
1210.png,OK,199.3,40.4,79.7,512,512,,D:\female\11\1210.webp
1211.png,OK,89.8,24.4,72.9,512,512,,D:\female\11\1211.webp
1211_1.png,OK,90.8,23.3,74.4,512,512,,D:\female\11\1211_1.webp
1212.png,OK,242.9,31.4,87.1,512,512,,D:\female\11\1212.webp
1212_1.png,OK,232.5,30.4,86.9,512,512,,D:\female\11\1212_1.webp
1212_2.png,OK,248.4,48.1,80.7,512,512,,D:\female\11\1212_2.webp
1213.png,OK,309.1,61.2,80.2,512,512,,D:\female\11\1213.webp
1214.png,OK,162.3,43.0,73.5,512,512,,D:\female\11\1214.webp
1214_1.png,OK,146.8,27.5,81.2,512,512,,D:\female\11\1214_1.webp
1215.png,OK,143.4,22.8,84.1,512,512,,D:\female\11\1215.webp
1215_1.png,OK,139.4,21.0,84.9,512,512,,D:\female\11\1215_1.webp
1215_2.png,OK,145.4,24.0,83.5,512,512,,D:\female\11\1215_2.webp
1216.png,OK,285.2,36.7,87.1,512,512,,D:\female\11\1216.webp
1216_1.png,OK,285.3,37.2,86.9,512,512,,D:\female\11\1216_1.webp
1217.png,OK,155.1,20.1,87.1,512,512,,D:\female\11\1217.webp
1217_1.png,OK,146.9,19.1,87.0,512,512,,D:\female\11\1217_1.webp
1218.png,OK,45.7,8.4,81.6,512,512,,D:\female\11\1218.webp
1218_1.png,OK,47.7,8.2,82.8,512,512,,D:\female\11\1218_1.webp
1218_2.png,OK,49.0,11.6,76.4,512,512,,D:\female\11\1218_2.webp
1219.png,OK,167.1,19.5,88.4,512,512,,D:\female\11\1219.webp
121_1.png,OK,315.1,52.8,83.2,512,512,,D:\female\11\121_1.webp
121_10.png,OK,277.3,40.2,85.5,512,512,,D:\female\11\121_10.webp
121_11.png,OK,293.4,46.0,84.3,512,512,,D:\female\11\121_11.webp
121_12.png,OK,256.8,68.8,73.2,512,512,,D:\female\11\121_12.webp
121_13.png,OK,243.0,33.0,86.4,512,512,,D:\female\11\121_13.webp
121_14.png,OK,258.5,36.2,86.0,512,512,,D:\female\11\121_14.webp
121_15.png,OK,253.4,33.0,87.0,512,512,,D:\female\11\121_15.webp
121_16.png,OK,308.9,79.0,74.4,512,512,,D:\female\11\121_16.webp
121_2.png,OK,305.1,52.5,82.8,512,512,,D:\female\11\121_2.webp
121_3.png,OK,328.8,87.5,73.4,512,512,,D:\female\11\121_3.webp
121_4.png,OK,312.4,56.3,82.0,512,512,,D:\female\11\121_4.webp
121_5.png,OK,299.6,47.2,84.2,512,512,,D:\female\11\121_5.webp
121_6.png,OK,290.6,44.7,84.6,512,512,,D:\female\11\121_6.webp
121_7.png,OK,320.2,80.7,74.8,512,512,,D:\female\11\121_7.webp
121_8.png,OK,300.0,58.6,80.5,512,512,,D:\female\11\121_8.webp
121_9.png,OK,293.1,45.7,84.4,512,512,,D:\female\11\121_9.webp
122.png,OK,260.7,34.8,86.6,512,512,,D:\female\11\122.webp
122.png,OK,18.6,8.3,55.1,512,512,,D:\female\9\122.webp
1220.png,OK,250.1,53.5,78.6,512,512,,D:\female\11\1220.webp
1220_1.png,OK,242.0,50.3,79.2,512,512,,D:\female\11\1220_1.webp
1221.png,OK,203.0,33.3,83.6,512,512,,D:\female\11\1221.webp
1221_1.png,OK,228.8,45.9,79.9,512,512,,D:\female\11\1221_1.webp
1222.png,OK,158.9,24.0,84.9,512,512,,D:\female\11\1222.webp
1222_1.png,OK,170.0,22.1,87.0,512,512,,D:\female\11\1222_1.webp
1223.png,OK,95.9,31.4,67.2,512,512,,D:\female\11\1223.webp
1223_1.png,OK,90.1,25.3,71.9,512,512,,D:\female\11\1223_1.webp
1224.png,OK,122.1,29.7,75.7,512,512,,D:\female\11\1224.webp
1225.png,OK,78.1,19.0,75.7,512,512,,D:\female\11\1225.webp
1226.png,OK,160.6,21.4,86.7,512,512,,D:\female\11\1226.webp
1226_1.png,OK,171.1,24.1,85.9,512,512,,D:\female\11\1226_1.webp
1226_2.png,OK,169.4,24.7,85.4,512,512,,D:\female\11\1226_2.webp
1227.png,OK,243.4,32.1,86.8,512,512,,D:\female\11\1227.webp
1227_1.png,OK,261.0,37.7,85.5,512,512,,D:\female\11\1227_1.webp
1227_2.png,OK,266.9,56.5,78.8,512,512,,D:\female\11\1227_2.webp
1227_3.png,OK,257.1,55.0,78.6,512,512,,D:\female\11\1227_3.webp
1228.png,OK,277.1,42.2,84.8,512,512,,D:\female\11\1228.webp
1228_1.png,OK,282.4,50.1,82.3,512,512,,D:\female\11\1228_1.webp
1229.png,OK,183.1,32.7,82.2,512,512,,D:\female\11\1229.webp
1229_1.png,OK,181.4,39.3,78.3,512,512,,D:\female\11\1229_1.webp
1229_2.png,OK,161.1,21.7,86.5,512,512,,D:\female\11\1229_2.webp
122_1.png,OK,20.4,10.0,51.1,512,512,,D:\female\9\122_1.webp
122_2.png,OK,19.7,10.6,46.5,512,512,,D:\female\9\122_2.webp
123.png,OK,386.5,73.9,80.9,512,512,,D:\female\11\123.webp
123.png,OK,10.8,4.2,61.4,512,512,,D:\female\9\123.webp
1230.png,OK,273.9,53.9,80.3,512,512,,D:\female\11\1230.webp
1230_1.png,OK,298.0,75.1,74.8,512,512,,D:\female\11\1230_1.webp
1231.png,OK,107.5,21.1,80.4,512,512,,D:\female\11\1231.webp
1232.png,OK,111.1,14.1,87.3,512,512,,D:\female\11\1232.webp
1232_1.png,OK,95.5,14.5,84.8,512,512,,D:\female\11\1232_1.webp
1233.png,OK,124.5,32.3,74.1,512,512,,D:\female\11\1233.webp
1233_1.png,OK,147.4,30.2,79.5,512,512,,D:\female\11\1233_1.webp
1234.png,OK,200.5,55.8,72.2,512,512,,D:\female\11\1234.webp
1234_1.png,OK,191.5,39.3,79.5,512,512,,D:\female\11\1234_1.webp
1235.png,OK,281.6,53.6,81.0,512,512,,D:\female\11\1235.webp
1235_1.png,OK,264.6,57.6,78.2,512,512,,D:\female\11\1235_1.webp
1236.png,OK,74.0,13.1,82.3,512,512,,D:\female\11\1236.webp
1236_1.png,OK,73.0,13.6,81.4,512,512,,D:\female\11\1236_1.webp
1237.png,OK,121.4,27.0,77.7,512,512,,D:\female\11\1237.webp
1237_1.png,OK,103.1,15.0,85.4,512,512,,D:\female\11\1237_1.webp
1237_2.png,OK,125.3,18.9,84.9,512,512,,D:\female\11\1237_2.webp
1238.png,OK,111.4,20.3,81.8,512,512,,D:\female\11\1238.webp
1238_1.png,OK,139.3,40.2,71.2,512,512,,D:\female\11\1238_1.webp
1239.png,OK,169.4,32.1,81.1,512,512,,D:\female\11\1239.webp
1239_1.png,OK,166.8,43.4,74.0,512,512,,D:\female\11\1239_1.webp
1239_2.png,OK,157.5,38.5,75.5,512,512,,D:\female\11\1239_2.webp
123_1.png,OK,380.9,76.7,79.9,512,512,,D:\female\11\123_1.webp
123_1.png,OK,10.4,3.5,66.7,512,512,,D:\female\9\123_1.webp
123_10.png,OK,372.4,66.8,82.1,512,512,,D:\female\11\123_10.webp
123_11.png,OK,360.6,60.0,83.4,512,512,,D:\female\11\123_11.webp
123_2.png,OK,373.9,75.0,79.9,512,512,,D:\female\11\123_2.webp
123_2.png,OK,10.4,3.5,65.8,512,512,,D:\female\9\123_2.webp
123_3.png,OK,357.4,74.7,79.1,512,512,,D:\female\11\123_3.webp
123_4.png,OK,416.2,86.3,79.3,512,512,,D:\female\11\123_4.webp
123_5.png,OK,378.3,80.3,78.8,512,512,,D:\female\11\123_5.webp
123_6.png,OK,351.7,74.6,78.8,512,512,,D:\female\11\123_6.webp
123_7.png,OK,354.4,74.7,78.9,512,512,,D:\female\11\123_7.webp
123_8.png,OK,359.7,77.7,78.4,512,512,,D:\female\11\123_8.webp
123_9.png,OK,389.5,72.3,81.4,512,512,,D:\female\11\123_9.webp
124.png,OK,103.5,13.9,86.5,512,512,,D:\female\11\124.webp
124.png,OK,8.3,4.1,51.0,512,512,,D:\female\9\124.webp
1240.png,OK,141.8,41.2,70.9,512,512,,D:\female\11\1240.webp
1240_1.png,OK,144.5,41.3,71.4,512,512,,D:\female\11\1240_1.webp
1241.png,OK,240.4,36.3,84.9,512,512,,D:\female\11\1241.webp
1241_1.png,OK,197.8,20.6,89.6,512,512,,D:\female\11\1241_1.webp
1242.png,OK,183.9,49.0,73.4,512,512,,D:\female\11\1242.webp
1242_1.png,OK,193.9,45.0,76.8,512,512,,D:\female\11\1242_1.webp
1243.png,OK,64.5,14.3,77.9,512,512,,D:\female\11\1243.webp
1243_1.png,OK,70.7,14.7,79.2,512,512,,D:\female\11\1243_1.webp
1243_2.png,OK,73.4,21.0,71.4,512,512,,D:\female\11\1243_2.webp
1244.png,OK,107.9,18.2,83.1,512,512,,D:\female\11\1244.webp
1244_1.png,OK,102.8,18.2,82.3,512,512,,D:\female\11\1244_1.webp
1245.png,OK,138.2,21.8,84.3,512,512,,D:\female\11\1245.webp
1245_1.png,OK,149.4,22.0,85.3,512,512,,D:\female\11\1245_1.webp
1246.png,OK,156.2,24.6,84.2,512,512,,D:\female\11\1246.webp
1246_1.png,OK,161.1,24.4,84.8,512,512,,D:\female\11\1246_1.webp
1247.png,OK,348.8,52.3,85.0,512,512,,D:\female\11\1247.webp
1247_1.png,OK,366.7,86.4,76.4,512,512,,D:\female\11\1247_1.webp
1248.png,OK,243.7,36.3,85.1,512,512,,D:\female\11\1248.webp
1248_1.png,OK,243.8,44.3,81.8,512,512,,D:\female\11\1248_1.webp
1248_2.png,OK,276.3,68.8,75.1,512,512,,D:\female\11\1248_2.webp
1249.png,OK,282.0,55.6,80.3,512,512,,D:\female\11\1249.webp
1249_1.png,OK,261.8,37.8,85.6,512,512,,D:\female\11\1249_1.webp
124_1.png,OK,94.2,10.5,88.9,512,512,,D:\female\11\124_1.webp
124_1.png,OK,8.2,4.0,50.6,512,512,,D:\female\9\124_1.webp
124_2.png,OK,120.2,36.0,70.0,512,512,,D:\female\11\124_2.webp
125.png,OK,281.8,37.8,86.6,512,512,,D:\female\11\125.webp
125.png,OK,79.9,17.0,78.7,512,512,,D:\female\9\125.webp
1250.png,OK,53.1,14.0,73.6,512,512,,D:\female\11\1250.webp
1250_1.png,OK,54.3,10.8,80.2,512,512,,D:\female\11\1250_1.webp
1251.png,OK,193.4,29.0,85.0,512,512,,D:\female\11\1251.webp
1251_1.png,OK,193.0,29.3,84.8,512,512,,D:\female\11\1251_1.webp
1252.png,OK,44.4,6.7,84.9,512,512,,D:\female\11\1252.webp
1252_1.png,OK,47.5,7.7,83.9,512,512,,D:\female\11\1252_1.webp
1253.png,OK,232.1,33.9,85.4,512,512,,D:\female\11\1253.webp
1254.png,OK,241.2,40.8,83.1,512,512,,D:\female\11\1254.webp
1254_1.png,OK,246.3,38.2,84.5,512,512,,D:\female\11\1254_1.webp
1254_2.png,OK,252.6,47.2,81.3,512,512,,D:\female\11\1254_2.webp
1255.png,OK,156.0,38.6,75.2,512,512,,D:\female\11\1255.webp
1255_1.png,OK,166.2,44.6,73.2,512,512,,D:\female\11\1255_1.webp
1256.png,OK,206.2,25.1,87.8,512,512,,D:\female\11\1256.webp
1256_1.png,OK,221.5,42.2,81.0,512,512,,D:\female\11\1256_1.webp
1256_2.png,OK,209.1,24.9,88.1,512,512,,D:\female\11\1256_2.webp
1257.png,OK,94.3,16.1,83.0,512,512,,D:\female\11\1257.webp
1257_1.png,OK,109.2,17.4,84.1,512,512,,D:\female\11\1257_1.webp
1258.png,OK,94.8,13.8,85.4,512,512,,D:\female\11\1258.webp
1258_1.png,OK,83.7,15.8,81.1,512,512,,D:\female\11\1258_1.webp
1259.png,OK,62.8,12.5,80.1,512,512,,D:\female\11\1259.webp
1259_1.png,OK,73.2,19.5,73.4,512,512,,D:\female\11\1259_1.webp
125_1.png,OK,285.3,38.8,86.4,512,512,,D:\female\11\125_1.webp
125_1.png,OK,57.3,14.8,74.3,512,512,,D:\female\9\125_1.webp
125_2.png,OK,280.6,68.9,75.4,512,512,,D:\female\11\125_2.webp
125_3.png,OK,305.2,75.9,75.1,512,512,,D:\female\11\125_3.webp
125_4.png,OK,285.8,67.5,76.4,512,512,,D:\female\11\125_4.webp
125_5.png,OK,287.2,37.4,87.0,512,512,,D:\female\11\125_5.webp
125_6.png,OK,284.5,38.4,86.5,512,512,,D:\female\11\125_6.webp
125_7.png,OK,290.9,37.5,87.1,512,512,,D:\female\11\125_7.webp
125_8.png,OK,266.4,29.4,89.0,512,512,,D:\female\11\125_8.webp
125_9.png,OK,236.9,23.6,90.0,512,512,,D:\female\11\125_9.webp
126.png,OK,230.2,22.6,90.2,512,512,,D:\female\11\126.webp
126.png,OK,3.3,1.5,55.2,512,512,,D:\female\9\126.webp
1260.png,OK,88.5,13.1,85.3,512,512,,D:\female\11\1260.webp
1261.png,OK,151.9,17.3,88.6,512,512,,D:\female\11\1261.webp
1261_1.png,OK,159.4,37.3,76.6,512,512,,D:\female\11\1261_1.webp
1262.png,OK,172.3,25.7,85.1,512,512,,D:\female\11\1262.webp
1262_1.png,OK,183.8,44.1,76.0,512,512,,D:\female\11\1262_1.webp
1263.png,OK,203.4,44.0,78.4,512,512,,D:\female\11\1263.webp
1264.png,OK,105.4,13.8,86.9,512,512,,D:\female\11\1264.webp
1264_1.png,OK,93.7,12.0,87.2,512,512,,D:\female\11\1264_1.webp
1264_2.png,OK,111.5,15.6,86.0,512,512,,D:\female\11\1264_2.webp
1265.png,OK,52.3,8.6,83.6,512,512,,D:\female\11\1265.webp
1265_1.png,OK,56.4,9.1,83.8,512,512,,D:\female\11\1265_1.webp
1266.png,OK,132.9,19.7,85.2,512,512,,D:\female\11\1266.webp
1266_1.png,OK,140.8,21.8,84.5,512,512,,D:\female\11\1266_1.webp
1267.png,OK,270.0,51.1,81.1,512,512,,D:\female\11\1267.webp
1267_1.png,OK,273.0,47.4,82.6,512,512,,D:\female\11\1267_1.webp
1268.png,OK,174.7,41.6,76.2,512,512,,D:\female\11\1268.webp
1268_1.png,OK,162.1,39.5,75.6,512,512,,D:\female\11\1268_1.webp
1269.png,OK,378.3,84.4,77.7,512,512,,D:\female\11\1269.webp
1269_1.png,OK,356.1,63.9,82.1,512,512,,D:\female\11\1269_1.webp
1269_2.png,OK,359.3,78.4,78.2,512,512,,D:\female\11\1269_2.webp
1269_3.png,OK,314.6,55.5,82.4,512,512,,D:\female\11\1269_3.webp
126_1.png,OK,236.8,21.9,90.8,512,512,,D:\female\11\126_1.webp
126_1.png,OK,3.3,1.5,53.8,512,512,,D:\female\9\126_1.webp
126_2.png,OK,267.1,29.1,89.1,512,512,,D:\female\11\126_2.webp
126_2.png,OK,3.3,1.5,54.7,512,512,,D:\female\9\126_2.webp
126_3.png,OK,3.3,1.5,53.4,512,512,,D:\female\9\126_3.webp
127.png,OK,201.9,24.9,87.7,512,512,,D:\female\11\127.webp
127.png,OK,8.9,3.7,58.8,512,512,,D:\female\9\127.webp
1270.png,OK,73.4,15.8,78.5,512,512,,D:\female\11\1270.webp
1271.png,OK,226.9,42.4,81.3,512,512,,D:\female\11\1271.webp
1271_1.png,OK,207.8,25.4,87.8,512,512,,D:\female\11\1271_1.webp
1271_2.png,OK,205.9,34.0,83.5,512,512,,D:\female\11\1271_2.webp
1271_3.png,OK,196.0,21.8,88.9,512,512,,D:\female\11\1271_3.webp
1271_4.png,OK,211.3,27.7,86.9,512,512,,D:\female\11\1271_4.webp
1272.png,OK,83.6,10.8,87.1,512,512,,D:\female\11\1272.webp
1272_1.png,OK,73.2,12.1,83.5,512,512,,D:\female\11\1272_1.webp
1273.png,OK,87.1,19.6,77.5,512,512,,D:\female\11\1273.webp
1273_1.png,OK,76.8,13.3,82.7,512,512,,D:\female\11\1273_1.webp
1273_2.png,OK,80.4,12.6,84.3,512,512,,D:\female\11\1273_2.webp
1274.png,OK,212.9,23.1,89.2,512,512,,D:\female\11\1274.webp
1274_1.png,OK,181.2,21.5,88.2,512,512,,D:\female\11\1274_1.webp
1274_2.png,OK,212.1,23.3,89.0,512,512,,D:\female\11\1274_2.webp
1275.png,OK,289.8,60.5,79.1,512,512,,D:\female\11\1275.webp
1275_1.png,OK,276.5,37.6,86.4,512,512,,D:\female\11\1275_1.webp
1276.png,OK,230.7,47.3,79.5,512,512,,D:\female\11\1276.webp
1276_1.png,OK,223.6,34.8,84.5,512,512,,D:\female\11\1276_1.webp
1276_2.png,OK,224.9,44.5,80.2,512,512,,D:\female\11\1276_2.webp
1277.png,OK,63.9,19.5,69.5,512,512,,D:\female\11\1277.webp
1277_1.png,OK,65.8,23.0,65.0,512,512,,D:\female\11\1277_1.webp
1278.png,OK,109.5,16.8,84.7,512,512,,D:\female\11\1278.webp
1278_1.png,OK,120.3,31.4,73.9,512,512,,D:\female\11\1278_1.webp
1279.png,OK,76.3,22.8,70.2,512,512,,D:\female\11\1279.webp
1279_1.png,OK,88.7,22.4,74.8,512,512,,D:\female\11\1279_1.webp
128.png,OK,148.9,23.3,84.4,512,512,,D:\female\11\128.webp
128.png,OK,2.2,0.9,57.9,512,512,,D:\female\9\128.webp
1280.png,OK,312.7,81.7,73.9,512,512,,D:\female\11\1280.webp
1280_1.png,OK,311.2,61.6,80.2,512,512,,D:\female\11\1280_1.webp
1281.png,OK,133.7,24.3,81.8,512,512,,D:\female\11\1281.webp
1281_1.png,OK,152.7,16.9,88.9,512,512,,D:\female\11\1281_1.webp
1282.png,OK,218.6,28.5,87.0,512,512,,D:\female\11\1282.webp
1282_1.png,OK,253.2,35.7,85.9,512,512,,D:\female\11\1282_1.webp
1283.png,OK,218.2,41.4,81.0,512,512,,D:\female\11\1283.webp
1283_1.png,OK,194.7,32.7,83.2,512,512,,D:\female\11\1283_1.webp
1284.png,OK,115.5,30.1,73.9,512,512,,D:\female\11\1284.webp
1284_1.png,OK,109.8,18.3,83.3,512,512,,D:\female\11\1284_1.webp
1284_2.png,OK,107.1,15.5,85.5,512,512,,D:\female\11\1284_2.webp
1285.png,OK,64.4,11.4,82.3,512,512,,D:\female\11\1285.webp
1285_1.png,OK,52.8,10.5,80.1,512,512,,D:\female\11\1285_1.webp
1285_2.png,OK,65.2,11.8,82.0,512,512,,D:\female\11\1285_2.webp
1286.png,OK,106.2,16.2,84.7,512,512,,D:\female\11\1286.webp
1286_1.png,OK,110.1,17.3,84.3,512,512,,D:\female\11\1286_1.webp
1287.png,OK,59.6,13.4,77.6,512,512,,D:\female\11\1287.webp
1287_1.png,OK,65.8,18.4,72.1,512,512,,D:\female\11\1287_1.webp
1288.png,OK,161.8,38.4,76.3,512,512,,D:\female\11\1288.webp
1288_1.png,OK,142.4,21.1,85.2,512,512,,D:\female\11\1288_1.webp
1289.png,OK,204.7,49.0,76.1,512,512,,D:\female\11\1289.webp
1289_1.png,OK,190.2,32.0,83.2,512,512,,D:\female\11\1289_1.webp
1289_2.png,OK,190.2,33.5,82.4,512,512,,D:\female\11\1289_2.webp
1289_3.png,OK,187.5,30.9,83.5,512,512,,D:\female\11\1289_3.webp
1289_4.png,OK,192.6,37.6,80.5,512,512,,D:\female\11\1289_4.webp
1289_5.png,OK,211.5,45.0,78.7,512,512,,D:\female\11\1289_5.webp
1289_6.png,OK,197.4,33.5,83.0,512,512,,D:\female\11\1289_6.webp
1289_7.png,OK,189.3,23.0,87.8,512,512,,D:\female\11\1289_7.webp
128_1.png,OK,2.2,0.9,57.9,512,512,,D:\female\9\128_1.webp
129.png,OK,127.8,20.4,84.0,512,512,,D:\female\11\129.webp
129.png,OK,57.5,18.9,67.1,512,512,,D:\female\9\129.webp
1290.png,OK,202.7,43.3,78.7,512,512,,D:\female\11\1290.webp
1290_1.png,OK,217.9,69.5,68.1,512,512,,D:\female\11\1290_1.webp
1291.png,OK,67.8,17.9,73.6,512,512,,D:\female\11\1291.webp
1291_1.png,OK,67.0,21.3,68.2,512,512,,D:\female\11\1291_1.webp
1292.png,OK,158.2,21.1,86.7,512,512,,D:\female\11\1292.webp
1292_1.png,OK,174.0,24.9,85.7,512,512,,D:\female\11\1292_1.webp
1293.png,OK,43.0,11.4,73.6,512,512,,D:\female\11\1293.webp
1293_1.png,OK,29.9,5.5,81.6,512,512,,D:\female\11\1293_1.webp
1294.png,OK,166.5,38.2,77.0,512,512,,D:\female\11\1294.webp
1294_1.png,OK,149.8,20.9,86.0,512,512,,D:\female\11\1294_1.webp
1294_2.png,OK,152.5,20.1,86.8,512,512,,D:\female\11\1294_2.webp
1295.png,OK,217.2,29.9,86.3,512,512,,D:\female\11\1295.webp
1295_1.png,OK,215.9,28.1,87.0,512,512,,D:\female\11\1295_1.webp
1296.png,OK,271.4,52.8,80.5,512,512,,D:\female\11\1296.webp
1296_1.png,OK,279.7,58.4,79.1,512,512,,D:\female\11\1296_1.webp
1296_2.png,OK,265.7,39.6,85.1,512,512,,D:\female\11\1296_2.webp
1297.png,OK,220.9,43.1,80.5,512,512,,D:\female\11\1297.webp
1297_1.png,OK,213.3,26.5,87.6,512,512,,D:\female\11\1297_1.webp
1298.png,OK,166.9,36.3,78.2,512,512,,D:\female\11\1298.webp
1298_1.png,OK,127.1,22.7,82.1,512,512,,D:\female\11\1298_1.webp
1299.png,OK,48.9,16.1,67.1,512,512,,D:\female\11\1299.webp
1299_1.png,OK,48.2,14.1,70.8,512,512,,D:\female\11\1299_1.webp
129_1.png,OK,65.1,19.5,70.0,512,512,,D:\female\9\129_1.webp
12_1.png,OK,90.0,12.6,85.9,512,512,,D:\female\11\12_1.webp
12_1.png,OK,92.1,10.8,88.3,512,512,,D:\female\9\12_1.webp
12_10.png,OK,90.2,12.6,86.0,512,512,,D:\female\11\12_10.webp
12_11.png,OK,90.1,12.7,86.0,512,512,,D:\female\11\12_11.webp
12_12.png,OK,90.2,12.7,85.9,512,512,,D:\female\11\12_12.webp
12_13.png,OK,90.2,12.7,85.9,512,512,,D:\female\11\12_13.webp
12_14.png,OK,90.2,12.7,86.0,512,512,,D:\female\11\12_14.webp
12_15.png,OK,90.1,12.7,85.9,512,512,,D:\female\11\12_15.webp
12_2.png,OK,89.9,12.6,85.9,512,512,,D:\female\11\12_2.webp
12_2.png,OK,101.6,14.6,85.6,512,512,,D:\female\9\12_2.webp
12_3.png,OK,90.0,12.6,86.0,512,512,,D:\female\11\12_3.webp
12_3.png,OK,116.7,20.6,82.3,512,512,,D:\female\9\12_3.webp
12_4.png,OK,90.0,12.6,86.0,512,512,,D:\female\11\12_4.webp
12_4.png,OK,116.8,20.1,82.8,512,512,,D:\female\9\12_4.webp
12_5.png,OK,90.0,12.6,85.9,512,512,,D:\female\11\12_5.webp
12_6.png,OK,89.9,12.6,86.0,512,512,,D:\female\11\12_6.webp
12_7.png,OK,117.6,27.1,77.0,512,512,,D:\female\11\12_7.webp
12_8.png,OK,110.0,24.3,77.9,512,512,,D:\female\11\12_8.webp
12_9.png,OK,112.6,20.7,81.6,512,512,,D:\female\11\12_9.webp
13.png,OK,68.5,6.8,90.1,512,512,,D:\female\11\13.webp
13.png,OK,105.8,15.8,85.1,512,512,,D:\female\9\13.webp
130.png,OK,162.1,22.4,86.2,512,512,,D:\female\11\130.webp
130.png,OK,8.8,3.9,55.5,512,512,,D:\female\9\130.webp
1300.png,OK,161.8,27.0,83.3,512,512,,D:\female\11\1300.webp
1300_1.png,OK,143.2,34.2,76.1,512,512,,D:\female\11\1300_1.webp
1300_2.png,OK,120.2,16.6,86.2,512,512,,D:\female\11\1300_2.webp
1301.png,OK,110.8,17.5,84.2,512,512,,D:\female\11\1301.webp
1301_1.png,OK,115.6,22.5,80.6,512,512,,D:\female\11\1301_1.webp
1302.png,OK,159.1,43.5,72.7,512,512,,D:\female\11\1302.webp
1302_1.png,OK,149.0,29.8,80.0,512,512,,D:\female\11\1302_1.webp
1302_2.png,OK,155.7,32.5,79.1,512,512,,D:\female\11\1302_2.webp
1303.png,OK,132.2,29.9,77.4,512,512,,D:\female\11\1303.webp
1304.png,OK,246.7,31.8,87.1,512,512,,D:\female\11\1304.webp
1304_1.png,OK,251.8,38.0,84.9,512,512,,D:\female\11\1304_1.webp
1304_2.png,OK,236.9,32.3,86.4,512,512,,D:\female\11\1304_2.webp
1305.png,OK,170.9,29.5,82.7,512,512,,D:\female\11\1305.webp
1305_1.png,OK,221.5,22.5,89.9,512,512,,D:\female\11\1305_1.webp
1306.png,OK,116.4,24.0,79.4,512,512,,D:\female\11\1306.webp
1306_1.png,OK,155.7,26.9,82.7,512,512,,D:\female\11\1306_1.webp
1306_2.png,OK,147.3,24.1,83.6,512,512,,D:\female\11\1306_2.webp
1307.png,OK,224.1,52.8,76.4,512,512,,D:\female\11\1307.webp
1307_1.png,OK,224.7,39.7,82.3,512,512,,D:\female\11\1307_1.webp
1308.png,OK,42.6,7.2,83.1,512,512,,D:\female\11\1308.webp
1308_1.png,OK,50.3,9.4,81.2,512,512,,D:\female\11\1308_1.webp
1308_2.png,OK,46.4,10.3,77.8,512,512,,D:\female\11\1308_2.webp
1308_3.png,OK,44.4,8.1,81.8,512,512,,D:\female\11\1308_3.webp
1309.png,OK,190.0,25.2,86.7,512,512,,D:\female\11\1309.webp
130_1.png,OK,8.5,3.7,56.7,512,512,,D:\female\9\130_1.webp
130_2.png,OK,6.8,3.1,54.0,512,512,,D:\female\9\130_2.webp
130_3.png,OK,8.6,3.7,57.2,512,512,,D:\female\9\130_3.webp
131.png,OK,190.5,26.2,86.3,512,512,,D:\female\11\131.webp
131.png,OK,10.2,6.0,41.0,512,512,,D:\female\9\131.webp
1310.png,OK,118.4,17.9,84.9,512,512,,D:\female\11\1310.webp
1310_1.png,OK,132.7,21.2,84.0,512,512,,D:\female\11\1310_1.webp
1310_2.png,OK,168.6,49.4,70.7,512,512,,D:\female\11\1310_2.webp
1311.png,OK,100.8,16.4,83.8,512,512,,D:\female\11\1311.webp
1311_1.png,OK,87.2,15.0,82.8,512,512,,D:\female\11\1311_1.webp
1311_2.png,OK,111.3,29.6,73.5,512,512,,D:\female\11\1311_2.webp
1312.png,OK,71.7,12.5,82.5,512,512,,D:\female\11\1312.webp
1312_1.png,OK,73.0,16.2,77.9,512,512,,D:\female\11\1312_1.webp
1312_2.png,OK,60.0,9.5,84.1,512,512,,D:\female\11\1312_2.webp
1313.png,OK,55.1,9.8,82.3,512,512,,D:\female\11\1313.webp
1314.png,OK,52.7,15.1,71.2,512,512,,D:\female\11\1314.webp
1314_1.png,OK,55.7,13.4,76.0,512,512,,D:\female\11\1314_1.webp
1314_2.png,OK,51.4,12.5,75.7,512,512,,D:\female\11\1314_2.webp
1315.png,OK,61.3,12.9,79.0,512,512,,D:\female\11\1315.webp
1315_1.png,OK,57.0,12.1,78.8,512,512,,D:\female\11\1315_1.webp
1316.png,OK,187.9,58.1,69.1,512,512,,D:\female\11\1316.webp
1317.png,OK,231.4,33.1,85.7,512,512,,D:\female\11\1317.webp
1317_1.png,OK,236.5,56.4,76.1,512,512,,D:\female\11\1317_1.webp
1318.png,OK,167.3,42.1,74.8,512,512,,D:\female\11\1318.webp
1318_1.png,OK,191.6,59.1,69.1,512,512,,D:\female\11\1318_1.webp
1318_2.png,OK,133.2,23.9,82.0,512,512,,D:\female\11\1318_2.webp
1319.png,OK,105.5,22.6,78.6,512,512,,D:\female\11\1319.webp
1319_1.png,OK,117.8,37.5,68.2,512,512,,D:\female\11\1319_1.webp
131_1.png,OK,245.0,67.2,72.6,512,512,,D:\female\11\131_1.webp
131_2.png,OK,221.4,27.8,87.4,512,512,,D:\female\11\131_2.webp
132.png,OK,305.5,62.0,79.7,512,512,,D:\female\11\132.webp
132.png,OK,2.8,1.3,54.0,512,512,,D:\female\9\132.webp
1320.png,OK,53.7,17.7,67.1,512,512,,D:\female\11\1320.webp
1320_1.png,OK,53.2,17.1,67.7,512,512,,D:\female\11\1320_1.webp
1320_2.png,OK,52.4,14.6,72.1,512,512,,D:\female\11\1320_2.webp
1321.png,OK,55.2,9.8,82.3,512,512,,D:\female\11\1321.webp
1321_1.png,OK,71.7,21.1,70.6,512,512,,D:\female\11\1321_1.webp
1322.png,OK,47.2,9.5,79.8,512,512,,D:\female\11\1322.webp
1322_1.png,OK,49.8,14.2,71.4,512,512,,D:\female\11\1322_1.webp
1322_2.png,OK,44.4,8.7,80.4,512,512,,D:\female\11\1322_2.webp
1323.png,OK,153.9,22.5,85.4,512,512,,D:\female\11\1323.webp
1324.png,OK,205.8,24.6,88.1,512,512,,D:\female\11\1324.webp
1324_1.png,OK,195.3,23.1,88.2,512,512,,D:\female\11\1324_1.webp
1325.png,OK,157.8,29.8,81.1,512,512,,D:\female\11\1325.webp
1325_1.png,OK,158.3,30.3,80.8,512,512,,D:\female\11\1325_1.webp
1326.png,OK,123.5,36.7,70.3,512,512,,D:\female\11\1326.webp
1326_1.png,OK,113.3,21.9,80.6,512,512,,D:\female\11\1326_1.webp
1327.png,OK,103.8,21.0,79.8,512,512,,D:\female\11\1327.webp
1327_1.png,OK,100.6,22.9,77.3,512,512,,D:\female\11\1327_1.webp
1328.png,OK,151.3,21.6,85.7,512,512,,D:\female\11\1328.webp
1328_1.png,OK,175.1,28.2,83.9,512,512,,D:\female\11\1328_1.webp
1329.png,OK,124.4,15.0,87.9,512,512,,D:\female\11\1329.webp
1329_1.png,OK,135.0,20.6,84.7,512,512,,D:\female\11\1329_1.webp
1329_2.png,OK,147.0,34.9,76.3,512,512,,D:\female\11\1329_2.webp
1329_3.png,OK,144.9,17.4,88.0,512,512,,D:\female\11\1329_3.webp
132_1.png,OK,328.7,72.7,77.9,512,512,,D:\female\11\132_1.webp
132_1.png,OK,2.8,1.2,56.1,512,512,,D:\female\9\132_1.webp
132_2.png,OK,338.9,86.6,74.5,512,512,,D:\female\11\132_2.webp
132_2.png,OK,2.8,1.2,55.0,512,512,,D:\female\9\132_2.webp
132_3.png,OK,286.5,56.3,80.4,512,512,,D:\female\11\132_3.webp
132_4.png,OK,262.6,41.7,84.1,512,512,,D:\female\11\132_4.webp
132_5.png,OK,282.3,59.8,78.8,512,512,,D:\female\11\132_5.webp
132_6.png,OK,199.4,22.5,88.7,512,512,,D:\female\11\132_6.webp
133.png,OK,265.2,52.4,80.2,512,512,,D:\female\11\133.webp
133.png,OK,22.8,8.6,62.5,512,512,,D:\female\9\133.webp
1330.png,OK,231.7,31.6,86.4,512,512,,D:\female\11\1330.webp
1330_1.png,OK,200.6,40.5,79.8,512,512,,D:\female\11\1330_1.webp
1330_2.png,OK,183.3,20.6,88.8,512,512,,D:\female\11\1330_2.webp
1331.png,OK,137.9,29.5,78.6,512,512,,D:\female\11\1331.webp
1332.png,OK,138.3,27.4,80.2,512,512,,D:\female\11\1332.webp
1332_1.png,OK,137.1,22.2,83.8,512,512,,D:\female\11\1332_1.webp
1332_2.png,OK,139.2,21.4,84.6,512,512,,D:\female\11\1332_2.webp
1333.png,OK,130.6,30.0,77.0,512,512,,D:\female\11\1333.webp
1333_1.png,OK,107.2,17.1,84.1,512,512,,D:\female\11\1333_1.webp
1334.png,OK,156.6,29.3,81.3,512,512,,D:\female\11\1334.webp
1334_1.png,OK,179.8,30.5,83.0,512,512,,D:\female\11\1334_1.webp
1334_2.png,OK,191.2,47.9,75.0,512,512,,D:\female\11\1334_2.webp
1335.png,OK,114.6,24.9,78.3,512,512,,D:\female\11\1335.webp
1335_1.png,OK,114.6,26.6,76.8,512,512,,D:\female\11\1335_1.webp
1336.png,OK,151.6,24.2,84.1,512,512,,D:\female\11\1336.webp
1337.png,OK,221.8,42.4,80.9,512,512,,D:\female\11\1337.webp
1337_1.png,OK,216.2,33.3,84.6,512,512,,D:\female\11\1337_1.webp
1337_2.png,OK,208.2,34.8,83.3,512,512,,D:\female\11\1337_2.webp
1338.png,OK,221.2,46.1,79.2,512,512,,D:\female\11\1338.webp
1338_1.png,OK,227.2,45.7,79.9,512,512,,D:\female\11\1338_1.webp
1339.png,OK,118.4,19.7,83.4,512,512,,D:\female\11\1339.webp
1339_1.png,OK,138.7,26.8,80.7,512,512,,D:\female\11\1339_1.webp
133_1.png,OK,259.0,34.9,86.5,512,512,,D:\female\11\133_1.webp
133_2.png,OK,274.4,39.1,85.8,512,512,,D:\female\11\133_2.webp
133_3.png,OK,288.0,43.4,84.9,512,512,,D:\female\11\133_3.webp
133_4.png,OK,258.5,37.8,85.4,512,512,,D:\female\11\133_4.webp
133_5.png,OK,287.6,41.2,85.7,512,512,,D:\female\11\133_5.webp
133_6.png,OK,253.2,45.6,82.0,512,512,,D:\female\11\133_6.webp
134.png,OK,225.1,40.1,82.2,512,512,,D:\female\11\134.webp
134.png,OK,3.6,1.7,52.5,512,512,,D:\female\9\134.webp
1340.png,OK,63.2,17.1,73.0,512,512,,D:\female\11\1340.webp
1340_1.png,OK,46.5,6.5,86.1,512,512,,D:\female\11\1340_1.webp
1340_2.png,OK,54.2,9.8,81.9,512,512,,D:\female\11\1340_2.webp
1341.png,OK,58.2,11.6,80.1,512,512,,D:\female\11\1341.webp
1342.png,OK,126.0,24.0,81.0,512,512,,D:\female\11\1342.webp
1342_1.png,OK,133.7,37.7,71.8,512,512,,D:\female\11\1342_1.webp
1343.png,OK,177.3,23.5,86.8,512,512,,D:\female\11\1343.webp
1343_1.png,OK,188.1,37.6,80.0,512,512,,D:\female\11\1343_1.webp
1344.png,OK,232.0,29.0,87.5,512,512,,D:\female\11\1344.webp
1344_1.png,OK,271.1,54.4,79.9,512,512,,D:\female\11\1344_1.webp
1345.png,OK,260.6,40.6,84.4,512,512,,D:\female\11\1345.webp
1345_1.png,OK,229.1,43.6,81.0,512,512,,D:\female\11\1345_1.webp
1345_2.png,OK,210.7,24.6,88.3,512,512,,D:\female\11\1345_2.webp
1346.png,OK,108.5,16.4,84.9,512,512,,D:\female\11\1346.webp
1346_1.png,OK,109.8,19.9,81.9,512,512,,D:\female\11\1346_1.webp
1346_2.png,OK,106.0,15.9,85.0,512,512,,D:\female\11\1346_2.webp
1346_3.png,OK,86.7,13.5,84.4,512,512,,D:\female\11\1346_3.webp
1347.png,OK,49.7,7.6,84.7,512,512,,D:\female\11\1347.webp
1347_1.png,OK,48.4,8.7,82.1,512,512,,D:\female\11\1347_1.webp
1348.png,OK,101.1,27.5,72.8,512,512,,D:\female\11\1348.webp
1349.png,OK,69.4,13.6,80.4,512,512,,D:\female\11\1349.webp
1349_1.png,OK,67.0,16.0,76.2,512,512,,D:\female\11\1349_1.webp
134_1.png,OK,167.7,18.5,89.0,512,512,,D:\female\11\134_1.webp
134_1.png,OK,3.8,1.8,52.1,512,512,,D:\female\9\134_1.webp
134_2.png,OK,179.2,24.3,86.4,512,512,,D:\female\11\134_2.webp
134_2.png,OK,3.5,1.7,52.2,512,512,,D:\female\9\134_2.webp
134_3.png,OK,3.6,1.7,53.4,512,512,,D:\female\9\134_3.webp
135.png,OK,251.7,30.0,88.1,512,512,,D:\female\11\135.webp
135.png,OK,8.5,3.8,54.8,512,512,,D:\female\9\135.webp
1350.png,OK,255.5,40.2,84.3,512,512,,D:\female\11\1350.webp
1350_1.png,OK,291.1,50.8,82.5,512,512,,D:\female\11\1350_1.webp
1351.png,OK,219.7,27.2,87.6,512,512,,D:\female\11\1351.webp
1351_1.png,OK,224.5,35.3,84.3,512,512,,D:\female\11\1351_1.webp
1352.png,OK,253.0,32.3,87.2,512,512,,D:\female\11\1352.webp
1352_1.png,OK,260.1,42.6,83.6,512,512,,D:\female\11\1352_1.webp
1353.png,OK,85.1,13.1,84.6,512,512,,D:\female\11\1353.webp
1353_1.png,OK,91.5,12.3,86.6,512,512,,D:\female\11\1353_1.webp
1354.png,OK,185.7,32.2,82.6,512,512,,D:\female\11\1354.webp
1354_1.png,OK,193.5,48.9,74.7,512,512,,D:\female\11\1354_1.webp
1354_2.png,OK,178.7,33.1,81.5,512,512,,D:\female\11\1354_2.webp
1354_3.png,OK,179.0,29.1,83.7,512,512,,D:\female\11\1354_3.webp
1355.png,OK,77.3,11.9,84.5,512,512,,D:\female\11\1355.webp
1355_1.png,OK,76.3,13.9,81.7,512,512,,D:\female\11\1355_1.webp
1356.png,OK,69.9,14.3,79.5,512,512,,D:\female\11\1356.webp
1356_1.png,OK,62.2,8.7,85.9,512,512,,D:\female\11\1356_1.webp
1357.png,OK,210.7,24.5,88.4,512,512,,D:\female\11\1357.webp
1357_1.png,OK,216.8,26.5,87.8,512,512,,D:\female\11\1357_1.webp
1357_2.png,OK,204.1,22.9,88.8,512,512,,D:\female\11\1357_2.webp
1358.png,OK,121.8,16.9,86.1,512,512,,D:\female\11\1358.webp
1358_1.png,OK,121.5,16.3,86.6,512,512,,D:\female\11\1358_1.webp
1359.png,OK,271.2,40.0,85.2,512,512,,D:\female\11\1359.webp
1359_1.png,OK,216.2,30.9,85.7,512,512,,D:\female\11\1359_1.webp
1359_2.png,OK,260.2,40.0,84.6,512,512,,D:\female\11\1359_2.webp
135_1.png,OK,260.7,54.6,79.0,512,512,,D:\female\11\135_1.webp
135_1.png,OK,8.3,3.9,53.6,512,512,,D:\female\9\135_1.webp
135_2.png,OK,264.1,34.4,87.0,512,512,,D:\female\11\135_2.webp
136.png,OK,172.4,20.6,88.0,512,512,,D:\female\11\136.webp
136.png,OK,3.5,1.6,55.0,512,512,,D:\female\9\136.webp
1360.png,OK,55.2,15.4,72.1,512,512,,D:\female\11\1360.webp
1360_1.png,OK,48.0,9.8,79.5,512,512,,D:\female\11\1360_1.webp
1361.png,OK,44.4,9.4,78.9,512,512,,D:\female\11\1361.webp
1361_1.png,OK,44.1,9.8,77.8,512,512,,D:\female\11\1361_1.webp
1362.png,OK,108.7,20.4,81.2,512,512,,D:\female\11\1362.webp
1362_1.png,OK,128.2,27.8,78.3,512,512,,D:\female\11\1362_1.webp
1362_2.png,OK,134.9,39.3,70.8,512,512,,D:\female\11\1362_2.webp
1363.png,OK,124.2,16.7,86.5,512,512,,D:\female\11\1363.webp
1363_1.png,OK,120.0,17.1,85.7,512,512,,D:\female\11\1363_1.webp
1363_2.png,OK,129.2,23.1,82.1,512,512,,D:\female\11\1363_2.webp
1364.png,OK,282.2,39.5,86.0,512,512,,D:\female\11\1364.webp
1364_1.png,OK,271.4,35.7,86.9,512,512,,D:\female\11\1364_1.webp
1365.png,OK,250.5,36.2,85.5,512,512,,D:\female\11\1365.webp
1365_1.png,OK,248.8,50.4,79.8,512,512,,D:\female\11\1365_1.webp
1365_2.png,OK,236.8,32.3,86.4,512,512,,D:\female\11\1365_2.webp
1366.png,OK,207.9,46.2,77.8,512,512,,D:\female\11\1366.webp
1366_1.png,OK,193.1,43.8,77.3,512,512,,D:\female\11\1366_1.webp
1367.png,OK,75.9,9.0,88.1,512,512,,D:\female\11\1367.webp
1367_1.png,OK,79.1,10.0,87.3,512,512,,D:\female\11\1367_1.webp
1368.png,OK,57.5,16.4,71.5,512,512,,D:\female\11\1368.webp
1368_1.png,OK,53.5,10.3,80.8,512,512,,D:\female\11\1368_1.webp
1369.png,OK,89.8,14.9,83.4,512,512,,D:\female\11\1369.webp
1369_1.png,OK,93.0,21.8,76.6,512,512,,D:\female\11\1369_1.webp
136_1.png,OK,172.3,41.6,75.8,512,512,,D:\female\11\136_1.webp
136_1.png,OK,3.4,1.5,55.6,512,512,,D:\female\9\136_1.webp
136_2.png,OK,154.3,18.3,88.1,512,512,,D:\female\11\136_2.webp
136_2.png,OK,3.4,1.5,55.7,512,512,,D:\female\9\136_2.webp
136_3.png,OK,131.1,17.1,86.9,512,512,,D:\female\11\136_3.webp
136_3.png,OK,3.4,1.5,55.4,512,512,,D:\female\9\136_3.webp
136_4.png,OK,162.5,20.2,87.5,512,512,,D:\female\11\136_4.webp
136_4.png,OK,3.4,1.5,55.8,512,512,,D:\female\9\136_4.webp
136_5.png,OK,175.0,21.0,88.0,512,512,,D:\female\11\136_5.webp
136_5.png,OK,3.4,1.5,56.1,512,512,,D:\female\9\136_5.webp
136_6.png,OK,160.6,37.2,76.8,512,512,,D:\female\11\136_6.webp
136_6.png,OK,3.4,1.5,55.7,512,512,,D:\female\9\136_6.webp
136_7.png,OK,165.4,19.4,88.3,512,512,,D:\female\11\136_7.webp
137.png,OK,248.6,34.4,86.2,512,512,,D:\female\11\137.webp
137.png,OK,48.3,16.5,65.8,512,512,,D:\female\9\137.webp
1370.png,OK,119.1,19.2,83.9,512,512,,D:\female\11\1370.webp
1370_1.png,OK,108.6,18.2,83.3,512,512,,D:\female\11\1370_1.webp
1370_2.png,OK,125.4,30.2,75.9,512,512,,D:\female\11\1370_2.webp
1371.png,OK,225.1,44.8,80.1,512,512,,D:\female\11\1371.webp
1371_1.png,OK,232.1,45.9,80.2,512,512,,D:\female\11\1371_1.webp
1371_2.png,OK,239.1,53.1,77.8,512,512,,D:\female\11\1371_2.webp
1372.png,OK,376.5,66.0,82.5,512,512,,D:\female\11\1372.webp
1372_1.png,OK,367.0,66.7,81.8,512,512,,D:\female\11\1372_1.webp
1373.png,OK,2.4,1.2,51.7,512,512,,D:\female\11\1373.webp
1373_1.png,OK,2.4,1.2,51.7,512,512,,D:\female\11\1373_1.webp
1373_2.png,OK,2.6,1.2,52.4,512,512,,D:\female\11\1373_2.webp
1374.png,OK,66.9,14.2,78.8,512,512,,D:\female\11\1374.webp
1374_1.png,OK,60.7,9.8,83.9,512,512,,D:\female\11\1374_1.webp
1374_2.png,OK,56.8,9.0,84.1,512,512,,D:\female\11\1374_2.webp
1375.png,OK,172.4,36.6,78.8,512,512,,D:\female\11\1375.webp
1375_1.png,OK,166.0,24.5,85.3,512,512,,D:\female\11\1375_1.webp
1376.png,OK,77.6,15.9,79.5,512,512,,D:\female\11\1376.webp
1376_1.png,OK,73.0,15.1,79.4,512,512,,D:\female\11\1376_1.webp
1377.png,OK,73.0,17.6,75.9,512,512,,D:\female\11\1377.webp
1377_1.png,OK,67.6,8.6,87.3,512,512,,D:\female\11\1377_1.webp
1378.png,OK,225.4,45.6,79.8,512,512,,D:\female\11\1378.webp
1378_1.png,OK,226.1,46.3,79.5,512,512,,D:\female\11\1378_1.webp
1378_2.png,OK,217.2,42.3,80.5,512,512,,D:\female\11\1378_2.webp
1379.png,OK,206.9,32.5,84.3,512,512,,D:\female\11\1379.webp
1379_1.png,OK,210.2,33.0,84.3,512,512,,D:\female\11\1379_1.webp
137_1.png,OK,225.6,27.7,87.7,512,512,,D:\female\11\137_1.webp
137_10.png,OK,222.3,53.2,76.1,512,512,,D:\female\11\137_10.webp
137_11.png,OK,227.8,49.9,78.1,512,512,,D:\female\11\137_11.webp
137_12.png,OK,256.6,56.6,77.9,512,512,,D:\female\11\137_12.webp
137_13.png,OK,244.0,32.8,86.6,512,512,,D:\female\11\137_13.webp
137_14.png,OK,278.2,38.6,86.1,512,512,,D:\female\11\137_14.webp
137_2.png,OK,272.4,38.6,85.8,512,512,,D:\female\11\137_2.webp
137_3.png,OK,209.6,28.6,86.3,512,512,,D:\female\11\137_3.webp
137_4.png,OK,249.5,33.6,86.5,512,512,,D:\female\11\137_4.webp
137_5.png,OK,232.0,27.0,88.4,512,512,,D:\female\11\137_5.webp
137_6.png,OK,194.9,35.5,81.8,512,512,,D:\female\11\137_6.webp
137_7.png,OK,263.1,54.0,79.5,512,512,,D:\female\11\137_7.webp
137_8.png,OK,253.4,38.2,84.9,512,512,,D:\female\11\137_8.webp
137_9.png,OK,242.8,32.9,86.5,512,512,,D:\female\11\137_9.webp
138.png,OK,226.6,29.1,87.2,512,512,,D:\female\11\138.webp
138.png,OK,8.0,3.3,58.5,512,512,,D:\female\9\138.webp
1380.png,OK,157.9,21.2,86.6,512,512,,D:\female\11\1380.webp
1381.png,OK,145.7,20.3,86.0,512,512,,D:\female\11\1381.webp
1381_1.png,OK,151.1,34.5,77.2,512,512,,D:\female\11\1381_1.webp
1382.png,OK,145.9,21.5,85.3,512,512,,D:\female\11\1382.webp
1382_1.png,OK,129.7,16.7,87.1,512,512,,D:\female\11\1382_1.webp
1383.png,OK,192.4,35.7,81.4,512,512,,D:\female\11\1383.webp
1383_1.png,OK,177.1,43.7,75.3,512,512,,D:\female\11\1383_1.webp
1384.png,OK,162.6,28.6,82.4,512,512,,D:\female\11\1384.webp
1384_1.png,OK,176.4,42.3,76.0,512,512,,D:\female\11\1384_1.webp
1384_2.png,OK,178.1,43.1,75.8,512,512,,D:\female\11\1384_2.webp
1385.png,OK,135.5,30.8,77.2,512,512,,D:\female\11\1385.webp
1385_1.png,OK,129.2,18.9,85.4,512,512,,D:\female\11\1385_1.webp
1386.png,OK,251.8,44.2,82.5,512,512,,D:\female\11\1386.webp
1386_1.png,OK,254.9,63.6,75.0,512,512,,D:\female\11\1386_1.webp
1387.png,OK,204.1,27.0,86.8,512,512,,D:\female\11\1387.webp
1387_1.png,OK,210.3,30.5,85.5,512,512,,D:\female\11\1387_1.webp
1387_2.png,OK,220.9,45.8,79.3,512,512,,D:\female\11\1387_2.webp
1388.png,OK,79.1,11.4,85.6,512,512,,D:\female\11\1388.webp
1388_1.png,OK,73.9,13.2,82.1,512,512,,D:\female\11\1388_1.webp
1389.png,OK,111.0,18.3,83.5,512,512,,D:\female\11\1389.webp
138_1.png,OK,227.9,45.8,79.9,512,512,,D:\female\11\138_1.webp
138_1.png,OK,9.2,3.9,57.7,512,512,,D:\female\9\138_1.webp
138_10.png,OK,223.1,28.8,87.1,512,512,,D:\female\11\138_10.webp
138_2.png,OK,226.9,27.2,88.0,512,512,,D:\female\11\138_2.webp
138_2.png,OK,9.2,4.0,57.0,512,512,,D:\female\9\138_2.webp
138_3.png,OK,222.9,27.7,87.6,512,512,,D:\female\11\138_3.webp
138_4.png,OK,226.9,34.1,85.0,512,512,,D:\female\11\138_4.webp
138_5.png,OK,221.7,27.0,87.8,512,512,,D:\female\11\138_5.webp
138_6.png,OK,221.0,28.8,87.0,512,512,,D:\female\11\138_6.webp
138_7.png,OK,235.7,50.8,78.5,512,512,,D:\female\11\138_7.webp
138_8.png,OK,235.8,44.4,81.1,512,512,,D:\female\11\138_8.webp
138_9.png,OK,228.3,28.7,87.5,512,512,,D:\female\11\138_9.webp
139.png,OK,211.2,29.2,86.2,512,512,,D:\female\11\139.webp
139.png,OK,8.4,2.9,65.5,512,512,,D:\female\9\139.webp
1390.png,OK,112.4,19.2,83.0,512,512,,D:\female\11\1390.webp
1390_1.png,OK,116.8,27.2,76.7,512,512,,D:\female\11\1390_1.webp
1390_2.png,OK,120.0,19.0,84.1,512,512,,D:\female\11\1390_2.webp
1390_3.png,OK,120.9,26.6,78.0,512,512,,D:\female\11\1390_3.webp
1390_4.png,OK,109.1,14.1,87.0,512,512,,D:\female\11\1390_4.webp
1391.png,OK,192.1,47.5,75.3,512,512,,D:\female\11\1391.webp
1391_1.png,OK,190.6,50.1,73.7,512,512,,D:\female\11\1391_1.webp
1391_2.png,OK,190.8,46.7,75.5,512,512,,D:\female\11\1391_2.webp
1391_3.png,OK,189.1,48.6,74.3,512,512,,D:\female\11\1391_3.webp
1392.png,OK,310.9,48.0,84.6,512,512,,D:\female\11\1392.webp
1393.png,OK,276.4,65.6,76.3,512,512,,D:\female\11\1393.webp
1393_1.png,OK,275.8,67.8,75.4,512,512,,D:\female\11\1393_1.webp
1394.png,OK,127.7,21.4,83.3,512,512,,D:\female\11\1394.webp
1395.png,OK,66.7,16.6,75.2,512,512,,D:\female\11\1395.webp
1395_1.png,OK,66.3,15.8,76.2,512,512,,D:\female\11\1395_1.webp
1396.png,OK,143.2,24.8,82.7,512,512,,D:\female\11\1396.webp
1396_1.png,OK,143.9,29.7,79.4,512,512,,D:\female\11\1396_1.webp
1396_2.png,OK,125.4,25.8,79.4,512,512,,D:\female\11\1396_2.webp
1397.png,OK,172.6,77.2,55.3,512,512,,D:\female\11\1397.webp
1397_1.png,OK,190.8,80.8,57.6,512,512,,D:\female\11\1397_1.webp
1398.png,OK,79.2,10.9,86.2,512,512,,D:\female\11\1398.webp
1399.png,OK,199.3,23.7,88.1,512,512,,D:\female\11\1399.webp
1399_1.png,OK,223.0,41.3,81.5,512,512,,D:\female\11\1399_1.webp
139_1.png,OK,224.3,27.5,87.8,512,512,,D:\female\11\139_1.webp
139_1.png,OK,8.6,2.8,67.8,512,512,,D:\female\9\139_1.webp
139_2.png,OK,245.9,29.5,88.0,512,512,,D:\female\11\139_2.webp
13_1.png,OK,88.4,16.6,81.3,512,512,,D:\female\11\13_1.webp
13_1.png,OK,90.9,10.7,88.3,512,512,,D:\female\9\13_1.webp
13_10.png,OK,88.5,14.1,84.0,512,512,,D:\female\11\13_10.webp
13_11.png,OK,101.6,30.3,70.2,512,512,,D:\female\11\13_11.webp
13_12.png,OK,86.6,13.6,84.3,512,512,,D:\female\11\13_12.webp
13_13.png,OK,83.8,11.8,86.0,512,512,,D:\female\11\13_13.webp
13_14.png,OK,84.1,11.7,86.1,512,512,,D:\female\11\13_14.webp
13_15.png,OK,96.4,21.5,77.7,512,512,,D:\female\11\13_15.webp
13_2.png,OK,74.8,8.4,88.8,512,512,,D:\female\11\13_2.webp
13_2.png,OK,100.4,14.0,86.0,512,512,,D:\female\9\13_2.webp
13_3.png,OK,85.8,12.6,85.3,512,512,,D:\female\11\13_3.webp
13_3.png,OK,115.4,20.4,82.3,512,512,,D:\female\9\13_3.webp
13_4.png,OK,102.0,27.8,72.8,512,512,,D:\female\11\13_4.webp
13_4.png,OK,115.3,20.1,82.6,512,512,,D:\female\9\13_4.webp
13_5.png,OK,121.7,34.9,71.3,512,512,,D:\female\11\13_5.webp
13_6.png,OK,71.6,8.9,87.6,512,512,,D:\female\11\13_6.webp
13_7.png,OK,76.1,16.9,77.8,512,512,,D:\female\11\13_7.webp
13_8.png,OK,92.6,15.3,83.5,512,512,,D:\female\11\13_8.webp
13_9.png,OK,79.2,14.6,81.6,512,512,,D:\female\11\13_9.webp
14.png,OK,149.8,14.9,90.1,512,512,,D:\female\11\14.webp
14.png,OK,2.2,0.9,58.1,512,512,,D:\female\9\14.webp
140.png,OK,219.0,24.6,88.8,512,512,,D:\female\11\140.webp
140.png,OK,3.1,1.5,51.6,512,512,,D:\female\9\140.webp
1400.png,OK,173.0,23.7,86.3,512,512,,D:\female\11\1400.webp
1400_1.png,OK,167.7,22.4,86.6,512,512,,D:\female\11\1400_1.webp
1401.png,OK,208.3,35.4,83.0,512,512,,D:\female\11\1401.webp
1401_1.png,OK,204.9,25.6,87.5,512,512,,D:\female\11\1401_1.webp
1401_2.png,OK,184.4,18.9,89.8,512,512,,D:\female\11\1401_2.webp
1402.png,OK,47.4,9.4,80.1,512,512,,D:\female\11\1402.webp
1402_1.png,OK,55.0,12.4,77.4,512,512,,D:\female\11\1402_1.webp
1402_2.png,OK,51.7,15.6,69.8,512,512,,D:\female\11\1402_2.webp
1403.png,OK,76.3,10.9,85.7,512,512,,D:\female\11\1403.webp
1403_1.png,OK,76.8,9.8,87.2,512,512,,D:\female\11\1403_1.webp
1404.png,OK,81.0,20.6,74.5,512,512,,D:\female\11\1404.webp
1405.png,OK,83.3,11.6,86.0,512,512,,D:\female\11\1405.webp
1405_1.png,OK,101.5,29.1,71.4,512,512,,D:\female\11\1405_1.webp
1406.png,OK,144.5,22.6,84.4,512,512,,D:\female\11\1406.webp
1406_1.png,OK,170.0,33.1,80.5,512,512,,D:\female\11\1406_1.webp
1407.png,OK,179.4,32.2,82.1,512,512,,D:\female\11\1407.webp
1407_1.png,OK,166.7,23.7,85.8,512,512,,D:\female\11\1407_1.webp
1408.png,OK,191.4,43.2,77.4,512,512,,D:\female\11\1408.webp
1408_1.png,OK,193.2,37.3,80.7,512,512,,D:\female\11\1408_1.webp
1409.png,OK,62.5,13.4,78.5,512,512,,D:\female\11\1409.webp
1409_1.png,OK,53.4,13.4,74.9,512,512,,D:\female\11\1409_1.webp
1409_2.png,OK,54.9,10.4,81.1,512,512,,D:\female\11\1409_2.webp
140_1.png,OK,215.4,25.3,88.2,512,512,,D:\female\11\140_1.webp
140_1.png,OK,3.1,1.4,54.5,512,512,,D:\female\9\140_1.webp
140_2.png,OK,227.1,45.5,80.0,512,512,,D:\female\11\140_2.webp
140_3.png,OK,216.1,41.1,81.0,512,512,,D:\female\11\140_3.webp
140_4.png,OK,224.3,43.1,80.8,512,512,,D:\female\11\140_4.webp
140_5.png,OK,221.0,26.0,88.3,512,512,,D:\female\11\140_5.webp
140_6.png,OK,220.8,24.4,89.0,512,512,,D:\female\11\140_6.webp
140_7.png,OK,216.7,23.3,89.3,512,512,,D:\female\11\140_7.webp
140_8.png,OK,209.4,22.6,89.2,512,512,,D:\female\11\140_8.webp
140_9.png,OK,204.7,24.9,87.8,512,512,,D:\female\11\140_9.webp
141.png,OK,137.7,16.8,87.8,512,512,,D:\female\11\141.webp
141.png,OK,44.8,15.2,66.0,512,512,,D:\female\9\141.webp
1410.png,OK,50.2,8.7,82.7,512,512,,D:\female\11\1410.webp
1410_1.png,OK,50.6,9.3,81.7,512,512,,D:\female\11\1410_1.webp
1411.png,OK,114.8,13.4,88.3,512,512,,D:\female\11\1411.webp
1411_1.png,OK,117.0,15.1,87.1,512,512,,D:\female\11\1411_1.webp
1412.png,OK,92.0,15.9,82.7,512,512,,D:\female\11\1412.webp
1412_1.png,OK,87.1,14.9,82.8,512,512,,D:\female\11\1412_1.webp
1413.png,OK,234.6,31.9,86.4,512,512,,D:\female\11\1413.webp
1413_1.png,OK,228.0,49.6,78.2,512,512,,D:\female\11\1413_1.webp
1413_2.png,OK,280.1,43.0,84.6,512,512,,D:\female\11\1413_2.webp
1413_3.png,OK,236.7,43.8,81.5,512,512,,D:\female\11\1413_3.webp
1414.png,OK,342.0,70.2,79.5,512,512,,D:\female\11\1414.webp
1414_1.png,OK,306.5,45.8,85.1,512,512,,D:\female\11\1414_1.webp
1415.png,OK,105.2,14.9,85.9,512,512,,D:\female\11\1415.webp
1415_1.png,OK,122.3,28.6,76.6,512,512,,D:\female\11\1415_1.webp
1415_2.png,OK,111.1,13.1,88.2,512,512,,D:\female\11\1415_2.webp
1415_3.png,OK,97.8,12.8,87.0,512,512,,D:\female\11\1415_3.webp
1416.png,OK,55.7,10.7,80.9,512,512,,D:\female\11\1416.webp
1416_1.png,OK,58.3,16.0,72.5,512,512,,D:\female\11\1416_1.webp
1417.png,OK,69.7,11.7,83.2,512,512,,D:\female\11\1417.webp
1417_1.png,OK,85.5,18.5,78.4,512,512,,D:\female\11\1417_1.webp
1418.png,OK,233.7,47.1,79.8,512,512,,D:\female\11\1418.webp
1418_1.png,OK,232.4,44.8,80.7,512,512,,D:\female\11\1418_1.webp
1419.png,OK,50.0,8.7,82.5,512,512,,D:\female\11\1419.webp
1419_1.png,OK,49.6,11.6,76.6,512,512,,D:\female\11\1419_1.webp
141_1.png,OK,140.6,18.0,87.2,512,512,,D:\female\11\141_1.webp
141_2.png,OK,120.6,18.4,84.7,512,512,,D:\female\11\141_2.webp
141_3.png,OK,164.8,46.6,71.7,512,512,,D:\female\11\141_3.webp
141_4.png,OK,119.6,29.5,75.4,512,512,,D:\female\11\141_4.webp
141_5.png,OK,135.1,15.7,88.4,512,512,,D:\female\11\141_5.webp
142.png,OK,194.8,26.3,86.5,512,512,,D:\female\11\142.webp
142.png,OK,2.4,1.1,55.7,512,512,,D:\female\9\142.webp
1420.png,OK,156.9,26.6,83.1,512,512,,D:\female\11\1420.webp
1420_1.png,OK,141.3,20.5,85.5,512,512,,D:\female\11\1420_1.webp
1421.png,OK,244.7,43.7,82.1,512,512,,D:\female\11\1421.webp
1422.png,OK,160.3,29.2,81.8,512,512,,D:\female\11\1422.webp
1423.png,OK,200.2,50.1,75.0,512,512,,D:\female\11\1423.webp
1423_1.png,OK,188.0,32.0,83.0,512,512,,D:\female\11\1423_1.webp
1424.png,OK,57.7,11.3,80.5,512,512,,D:\female\11\1424.webp
1425.png,OK,185.1,52.5,71.6,512,512,,D:\female\11\1425.webp
1426.png,OK,48.6,9.3,80.9,512,512,,D:\female\11\1426.webp
1427.png,OK,161.2,37.0,77.0,512,512,,D:\female\11\1427.webp
1427_1.png,OK,154.8,21.9,85.9,512,512,,D:\female\11\1427_1.webp
1427_2.png,OK,139.7,18.2,87.0,512,512,,D:\female\11\1427_2.webp
1428.png,OK,202.1,44.4,78.0,512,512,,D:\female\11\1428.webp
1429.png,OK,120.2,21.9,81.8,512,512,,D:\female\11\1429.webp
1429_1.png,OK,143.4,19.6,86.3,512,512,,D:\female\11\1429_1.webp
142_1.png,OK,186.2,24.2,87.0,512,512,,D:\female\11\142_1.webp
142_10.png,OK,317.5,109.8,65.4,512,512,,D:\female\11\142_10.webp
142_11.png,OK,272.5,57.6,78.8,512,512,,D:\female\11\142_11.webp
142_12.png,OK,298.2,81.4,72.7,512,512,,D:\female\11\142_12.webp
142_13.png,OK,240.7,54.4,77.4,512,512,,D:\female\11\142_13.webp
142_2.png,OK,182.9,28.6,84.3,512,512,,D:\female\11\142_2.webp
142_3.png,OK,187.8,23.4,87.5,512,512,,D:\female\11\142_3.webp
142_4.png,OK,271.2,79.1,70.8,512,512,,D:\female\11\142_4.webp
142_5.png,OK,240.1,59.1,75.4,512,512,,D:\female\11\142_5.webp
142_6.png,OK,241.9,52.8,78.2,512,512,,D:\female\11\142_6.webp
142_7.png,OK,352.3,83.8,76.2,512,512,,D:\female\11\142_7.webp
142_8.png,OK,330.2,108.4,67.2,512,512,,D:\female\11\142_8.webp
142_9.png,OK,312.9,70.5,77.5,512,512,,D:\female\11\142_9.webp
143.png,OK,266.0,37.8,85.8,512,512,,D:\female\11\143.webp
143.png,OK,6.1,2.5,59.2,512,512,,D:\female\9\143.webp
1430.png,OK,87.8,12.3,86.0,512,512,,D:\female\11\1430.webp
1430_1.png,OK,79.1,12.9,83.7,512,512,,D:\female\11\1430_1.webp
1431.png,OK,173.3,22.6,87.0,512,512,,D:\female\11\1431.webp
1431_1.png,OK,156.1,19.3,87.7,512,512,,D:\female\11\1431_1.webp
1431_2.png,OK,159.8,33.3,79.2,512,512,,D:\female\11\1431_2.webp
1432.png,OK,128.3,27.0,78.9,512,512,,D:\female\11\1432.webp
1432_1.png,OK,127.4,26.5,79.2,512,512,,D:\female\11\1432_1.webp
1432_2.png,OK,130.9,29.1,77.8,512,512,,D:\female\11\1432_2.webp
1433.png,OK,90.2,20.0,77.8,512,512,,D:\female\11\1433.webp
1433_1.png,OK,92.2,20.8,77.5,512,512,,D:\female\11\1433_1.webp
1434.png,OK,173.8,20.9,88.0,512,512,,D:\female\11\1434.webp
1434_1.png,OK,156.7,18.5,88.2,512,512,,D:\female\11\1434_1.webp
1434_2.png,OK,182.3,39.0,78.6,512,512,,D:\female\11\1434_2.webp
1435.png,OK,187.1,25.8,86.2,512,512,,D:\female\11\1435.webp
1435_1.png,OK,221.8,23.8,89.3,512,512,,D:\female\11\1435_1.webp
1436.png,OK,289.0,37.1,87.1,512,512,,D:\female\11\1436.webp
1436_1.png,OK,284.5,39.9,86.0,512,512,,D:\female\11\1436_1.webp
1437.png,OK,85.5,16.3,80.9,512,512,,D:\female\11\1437.webp
1437_1.png,OK,88.2,23.0,74.0,512,512,,D:\female\11\1437_1.webp
1437_2.png,OK,78.8,17.9,77.3,512,512,,D:\female\11\1437_2.webp
1438.png,OK,275.2,46.0,83.3,512,512,,D:\female\11\1438.webp
1438_1.png,OK,284.2,49.4,82.6,512,512,,D:\female\11\1438_1.webp
1438_2.png,OK,284.1,70.5,75.2,512,512,,D:\female\11\1438_2.webp
1439.png,OK,161.5,26.1,83.8,512,512,,D:\female\11\1439.webp
1439_1.png,OK,140.4,25.3,82.0,512,512,,D:\female\11\1439_1.webp
1439_2.png,OK,147.3,22.0,85.0,512,512,,D:\female\11\1439_2.webp
143_1.png,OK,257.2,35.1,86.4,512,512,,D:\female\11\143_1.webp
143_10.png,OK,362.2,117.7,67.5,512,512,,D:\female\11\143_10.webp
143_11.png,OK,308.0,58.5,81.0,512,512,,D:\female\11\143_11.webp
143_12.png,OK,353.5,97.3,72.5,512,512,,D:\female\11\143_12.webp
143_13.png,OK,289.2,55.3,80.9,512,512,,D:\female\11\143_13.webp
143_2.png,OK,261.1,41.3,84.2,512,512,,D:\female\11\143_2.webp
143_3.png,OK,261.4,33.3,87.2,512,512,,D:\female\11\143_3.webp
143_4.png,OK,342.2,106.7,68.8,512,512,,D:\female\11\143_4.webp
143_5.png,OK,307.2,79.2,74.2,512,512,,D:\female\11\143_5.webp
143_6.png,OK,284.6,55.5,80.5,512,512,,D:\female\11\143_6.webp
143_7.png,OK,407.2,91.9,77.4,512,512,,D:\female\11\143_7.webp
143_8.png,OK,379.1,117.1,69.1,512,512,,D:\female\11\143_8.webp
143_9.png,OK,338.6,69.2,79.6,512,512,,D:\female\11\143_9.webp
144.png,OK,212.2,27.6,87.0,512,512,,D:\female\11\144.webp
144.png,OK,15.4,6.3,59.3,512,512,,D:\female\9\144.webp
1440.png,OK,131.7,23.3,82.3,512,512,,D:\female\11\1440.webp
1440_1.png,OK,140.9,31.4,77.7,512,512,,D:\female\11\1440_1.webp
1441.png,OK,148.2,38.0,74.4,512,512,,D:\female\11\1441.webp
1441_1.png,OK,158.5,40.0,74.8,512,512,,D:\female\11\1441_1.webp
1442.png,OK,235.1,28.8,87.8,512,512,,D:\female\11\1442.webp
1442_1.png,OK,268.8,35.5,86.8,512,512,,D:\female\11\1442_1.webp
1443.png,OK,218.5,40.0,81.7,512,512,,D:\female\11\1443.webp
1443_1.png,OK,201.4,35.2,82.5,512,512,,D:\female\11\1443_1.webp
1444.png,OK,158.9,31.3,80.3,512,512,,D:\female\11\1444.webp
1444_1.png,OK,151.4,21.9,85.5,512,512,,D:\female\11\1444_1.webp
1445.png,OK,172.5,24.7,85.7,512,512,,D:\female\11\1445.webp
1445_1.png,OK,178.4,27.9,84.3,512,512,,D:\female\11\1445_1.webp
1446.png,OK,54.8,13.2,75.9,512,512,,D:\female\11\1446.webp
1446_1.png,OK,56.3,17.1,69.7,512,512,,D:\female\11\1446_1.webp
1446_2.png,OK,50.2,10.5,79.1,512,512,,D:\female\11\1446_2.webp
1447.png,OK,81.1,16.2,80.0,512,512,,D:\female\11\1447.webp
1447_1.png,OK,88.8,25.2,71.6,512,512,,D:\female\11\1447_1.webp
1448.png,OK,215.8,27.4,87.3,512,512,,D:\female\11\1448.webp
1448_1.png,OK,220.2,42.8,80.6,512,512,,D:\female\11\1448_1.webp
1449.png,OK,123.6,18.4,85.1,512,512,,D:\female\11\1449.webp
144_1.png,OK,214.6,30.2,85.9,512,512,,D:\female\11\144_1.webp
144_1.png,OK,15.5,6.3,59.3,512,512,,D:\female\9\144_1.webp
144_2.png,OK,230.5,52.5,77.2,512,512,,D:\female\11\144_2.webp
144_2.png,OK,15.1,5.3,65.2,512,512,,D:\female\9\144_2.webp
144_3.png,OK,206.0,33.9,83.5,512,512,,D:\female\11\144_3.webp
144_4.png,OK,203.3,28.3,86.1,512,512,,D:\female\11\144_4.webp
144_5.png,OK,214.0,27.4,87.2,512,512,,D:\female\11\144_5.webp
144_6.png,OK,189.1,23.8,87.4,512,512,,D:\female\11\144_6.webp
144_7.png,OK,193.4,25.7,86.7,512,512,,D:\female\11\144_7.webp
144_8.png,OK,201.6,43.4,78.5,512,512,,D:\female\11\144_8.webp
144_9.png,OK,202.8,41.3,79.6,512,512,,D:\female\11\144_9.webp
145.png,OK,186.2,27.2,85.4,512,512,,D:\female\11\145.webp
145.png,OK,178.1,28.0,84.3,512,512,,D:\female\9\145.webp
1450.png,OK,131.1,22.4,82.9,512,512,,D:\female\11\1450.webp
1450_1.png,OK,138.6,21.6,84.4,512,512,,D:\female\11\1450_1.webp
1451.png,OK,87.3,22.3,74.5,512,512,,D:\female\11\1451.webp
1451_1.png,OK,82.3,20.8,74.7,512,512,,D:\female\11\1451_1.webp
1452.png,OK,60.3,14.1,76.5,512,512,,D:\female\11\1452.webp
1453.png,OK,212.8,39.3,81.5,512,512,,D:\female\11\1453.webp
1453_1.png,OK,195.5,33.8,82.7,512,512,,D:\female\11\1453_1.webp
1454.png,OK,186.2,26.2,85.9,512,512,,D:\female\11\1454.webp
1454_1.png,OK,168.9,26.5,84.3,512,512,,D:\female\11\1454_1.webp
1454_2.png,OK,182.7,21.3,88.3,512,512,,D:\female\11\1454_2.webp
1455.png,OK,226.6,25.5,88.7,512,512,,D:\female\11\1455.webp
1455_1.png,OK,246.0,33.5,86.4,512,512,,D:\female\11\1455_1.webp
1455_2.png,OK,273.4,62.8,77.0,512,512,,D:\female\11\1455_2.webp
1456.png,OK,204.9,29.2,85.8,512,512,,D:\female\11\1456.webp
1456_1.png,OK,207.6,34.0,83.6,512,512,,D:\female\11\1456_1.webp
1457.png,OK,162.0,31.6,80.5,512,512,,D:\female\11\1457.webp
1457_1.png,OK,143.7,28.4,80.3,512,512,,D:\female\11\1457_1.webp
1457_2.png,OK,153.0,41.8,72.6,512,512,,D:\female\11\1457_2.webp
1458.png,OK,65.2,15.9,75.6,512,512,,D:\female\11\1458.webp
1458_1.png,OK,69.9,22.3,68.1,512,512,,D:\female\11\1458_1.webp
1458_2.png,OK,60.5,14.8,75.6,512,512,,D:\female\11\1458_2.webp
1459.png,OK,143.6,27.1,81.1,512,512,,D:\female\11\1459.webp
1459_1.png,OK,161.8,23.1,85.7,512,512,,D:\female\11\1459_1.webp
145_1.png,OK,192.7,36.0,81.3,512,512,,D:\female\11\145_1.webp
145_10.png,OK,194.6,47.5,75.6,512,512,,D:\female\11\145_10.webp
145_11.png,OK,199.5,46.3,76.8,512,512,,D:\female\11\145_11.webp
145_2.png,OK,201.3,36.7,81.8,512,512,,D:\female\11\145_2.webp
145_3.png,OK,178.2,24.1,86.5,512,512,,D:\female\11\145_3.webp
145_4.png,OK,196.3,32.6,83.4,512,512,,D:\female\11\145_4.webp
145_5.png,OK,182.9,27.6,84.9,512,512,,D:\female\11\145_5.webp
145_6.png,OK,195.8,44.8,77.1,512,512,,D:\female\11\145_6.webp
145_7.png,OK,194.4,25.8,86.7,512,512,,D:\female\11\145_7.webp
145_8.png,OK,182.4,27.7,84.8,512,512,,D:\female\11\145_8.webp
145_9.png,OK,184.4,28.5,84.5,512,512,,D:\female\11\145_9.webp
146.png,OK,255.2,50.5,80.2,512,512,,D:\female\11\146.webp
146.png,OK,2.7,1.2,55.2,512,512,,D:\female\9\146.webp
1460.png,OK,215.0,36.7,82.9,512,512,,D:\female\11\1460.webp
1461.png,OK,116.7,22.8,80.5,512,512,,D:\female\11\1461.webp
1461_1.png,OK,101.4,19.7,80.5,512,512,,D:\female\11\1461_1.webp
1462.png,OK,228.0,38.8,83.0,512,512,,D:\female\11\1462.webp
1462_1.png,OK,238.4,63.1,73.5,512,512,,D:\female\11\1462_1.webp
1463.png,OK,176.1,29.5,83.2,512,512,,D:\female\11\1463.webp
1463_1.png,OK,196.4,24.8,87.4,512,512,,D:\female\11\1463_1.webp
1463_2.png,OK,217.0,52.0,76.0,512,512,,D:\female\11\1463_2.webp
1464.png,OK,253.5,58.5,76.9,512,512,,D:\female\11\1464.webp
1464_1.png,OK,253.6,33.6,86.8,512,512,,D:\female\11\1464_1.webp
1465.png,OK,188.0,22.1,88.2,512,512,,D:\female\11\1465.webp
1465_1.png,OK,196.6,42.9,78.2,512,512,,D:\female\11\1465_1.webp
1465_2.png,OK,138.7,19.3,86.1,512,512,,D:\female\11\1465_2.webp
1466.png,OK,153.4,26.5,82.7,512,512,,D:\female\11\1466.webp
1466_1.png,OK,162.2,26.9,83.4,512,512,,D:\female\11\1466_1.webp
1466_2.png,OK,182.5,49.1,73.1,512,512,,D:\female\11\1466_2.webp
1467.png,OK,75.1,14.6,80.5,512,512,,D:\female\11\1467.webp
1467_1.png,OK,70.0,18.0,74.3,512,512,,D:\female\11\1467_1.webp
1468.png,OK,143.0,23.0,83.9,512,512,,D:\female\11\1468.webp
1469.png,OK,231.1,31.6,86.3,512,512,,D:\female\11\1469.webp
1469_1.png,OK,251.8,58.5,76.8,512,512,,D:\female\11\1469_1.webp
1469_2.png,OK,239.4,27.7,88.4,512,512,,D:\female\11\1469_2.webp
1469_3.png,OK,219.7,24.4,88.9,512,512,,D:\female\11\1469_3.webp
146_1.png,OK,244.5,48.1,80.3,512,512,,D:\female\11\146_1.webp
146_1.png,OK,2.9,1.3,53.9,512,512,,D:\female\9\146_1.webp
146_2.png,OK,263.6,63.7,75.8,512,512,,D:\female\11\146_2.webp
146_3.png,OK,235.1,43.3,81.6,512,512,,D:\female\11\146_3.webp
146_4.png,OK,254.3,61.2,75.9,512,512,,D:\female\11\146_4.webp
146_5.png,OK,231.4,37.8,83.7,512,512,,D:\female\11\146_5.webp
146_6.png,OK,213.5,32.3,84.9,512,512,,D:\female\11\146_6.webp
146_7.png,OK,238.8,52.8,77.9,512,512,,D:\female\11\146_7.webp
146_8.png,OK,212.6,33.2,84.4,512,512,,D:\female\11\146_8.webp
146_9.png,OK,223.3,48.9,78.1,512,512,,D:\female\11\146_9.webp
147.png,OK,216.9,27.2,87.5,512,512,,D:\female\11\147.webp
147.png,OK,6.8,2.6,62.5,512,512,,D:\female\9\147.webp
1470.png,OK,267.6,56.5,78.9,512,512,,D:\female\11\1470.webp
1470_1.png,OK,247.2,42.3,82.9,512,512,,D:\female\11\1470_1.webp
1471.png,OK,174.4,29.3,83.2,512,512,,D:\female\11\1471.webp
1471_1.png,OK,165.9,33.9,79.5,512,512,,D:\female\11\1471_1.webp
1472.png,OK,43.9,11.1,74.6,512,512,,D:\female\11\1472.webp
1472_1.png,OK,53.8,13.4,75.0,512,512,,D:\female\11\1472_1.webp
1473.png,OK,113.7,24.0,78.9,512,512,,D:\female\11\1473.webp
1473_1.png,OK,192.4,35.8,81.4,512,512,,D:\female\11\1473_1.webp
1473_2.png,OK,207.9,52.7,74.7,512,512,,D:\female\11\1473_2.webp
1473_3.png,OK,237.4,31.2,86.8,512,512,,D:\female\11\1473_3.webp
1473_4.png,OK,80.0,19.7,75.3,512,512,,D:\female\11\1473_4.webp
1473_5.png,OK,191.7,28.8,85.0,512,512,,D:\female\11\1473_5.webp
1474.png,OK,77.2,9.5,87.8,512,512,,D:\female\11\1474.webp
1474_1.png,OK,99.3,12.8,87.1,512,512,,D:\female\11\1474_1.webp
1475.png,OK,131.3,34.3,73.9,512,512,,D:\female\11\1475.webp
1475_1.png,OK,119.4,20.8,82.6,512,512,,D:\female\11\1475_1.webp
1476.png,OK,230.5,32.2,86.0,512,512,,D:\female\11\1476.webp
1476_1.png,OK,241.3,47.3,80.4,512,512,,D:\female\11\1476_1.webp
1476_2.png,OK,234.2,29.6,87.4,512,512,,D:\female\11\1476_2.webp
1477.png,OK,243.9,30.7,87.4,512,512,,D:\female\11\1477.webp
1477_1.png,OK,244.1,56.6,76.8,512,512,,D:\female\11\1477_1.webp
1477_2.png,OK,218.9,47.3,78.4,512,512,,D:\female\11\1477_2.webp
1478.png,OK,274.6,63.9,76.7,512,512,,D:\female\11\1478.webp
1478_1.png,OK,255.5,32.7,87.2,512,512,,D:\female\11\1478_1.webp
1479.png,OK,70.4,17.1,75.6,512,512,,D:\female\11\1479.webp
1479_1.png,OK,78.2,20.1,74.3,512,512,,D:\female\11\1479_1.webp
147_1.png,OK,248.0,41.7,83.2,512,512,,D:\female\11\147_1.webp
147_10.png,OK,241.4,35.5,85.3,512,512,,D:\female\11\147_10.webp
147_11.png,OK,232.8,35.6,84.7,512,512,,D:\female\11\147_11.webp
147_2.png,OK,246.1,37.3,84.9,512,512,,D:\female\11\147_2.webp
147_3.png,OK,232.0,28.4,87.7,512,512,,D:\female\11\147_3.webp
147_4.png,OK,254.3,44.1,82.6,512,512,,D:\female\11\147_4.webp
147_5.png,OK,277.7,65.4,76.5,512,512,,D:\female\11\147_5.webp
147_6.png,OK,255.7,47.6,81.4,512,512,,D:\female\11\147_6.webp
147_7.png,OK,253.7,36.8,85.5,512,512,,D:\female\11\147_7.webp
147_8.png,OK,220.7,44.8,79.7,512,512,,D:\female\11\147_8.webp
147_9.png,OK,246.6,40.8,83.5,512,512,,D:\female\11\147_9.webp
148.png,OK,226.5,29.9,86.8,512,512,,D:\female\11\148.webp
148.png,OK,5.8,2.7,53.9,512,512,,D:\female\9\148.webp
1480.png,OK,77.2,21.6,72.0,512,512,,D:\female\11\1480.webp
1480_1.png,OK,75.2,14.3,81.0,512,512,,D:\female\11\1480_1.webp
1480_2.png,OK,76.9,16.8,78.2,512,512,,D:\female\11\1480_2.webp
1481.png,OK,60.3,8.5,85.8,512,512,,D:\female\11\1481.webp
1481_1.png,OK,67.5,16.5,75.6,512,512,,D:\female\11\1481_1.webp
1482.png,OK,164.1,28.3,82.7,512,512,,D:\female\11\1482.webp
1482_1.png,OK,145.5,20.6,85.8,512,512,,D:\female\11\1482_1.webp
1483.png,OK,205.9,28.0,86.4,512,512,,D:\female\11\1483.webp
1483_1.png,OK,214.5,49.1,77.1,512,512,,D:\female\11\1483_1.webp
1483_2.png,OK,204.2,34.1,83.3,512,512,,D:\female\11\1483_2.webp
1484.png,OK,134.8,35.3,73.8,512,512,,D:\female\11\1484.webp
1484_1.png,OK,142.2,37.0,74.0,512,512,,D:\female\11\1484_1.webp
1485.png,OK,183.1,34.9,80.9,512,512,,D:\female\11\1485.webp
1485_1.png,OK,166.5,30.2,81.8,512,512,,D:\female\11\1485_1.webp
1486.png,OK,171.7,23.2,86.5,512,512,,D:\female\11\1486.webp
1486_1.png,OK,162.6,20.1,87.6,512,512,,D:\female\11\1486_1.webp
1486_2.png,OK,176.6,23.9,86.5,512,512,,D:\female\11\1486_2.webp
1486_3.png,OK,190.1,31.2,83.6,512,512,,D:\female\11\1486_3.webp
1487.png,OK,51.0,9.9,80.5,512,512,,D:\female\11\1487.webp
1487_1.png,OK,51.2,12.3,76.0,512,512,,D:\female\11\1487_1.webp
1488.png,OK,52.9,10.3,80.6,512,512,,D:\female\11\1488.webp
1488_1.png,OK,53.5,10.9,79.6,512,512,,D:\female\11\1488_1.webp
1488_2.png,OK,53.2,10.5,80.3,512,512,,D:\female\11\1488_2.webp
1489.png,OK,84.8,20.1,76.3,512,512,,D:\female\11\1489.webp
1489_1.png,OK,89.4,19.7,78.0,512,512,,D:\female\11\1489_1.webp
1489_2.png,OK,68.4,12.8,81.3,512,512,,D:\female\11\1489_2.webp
148_1.png,OK,270.6,52.5,80.6,512,512,,D:\female\11\148_1.webp
148_2.png,OK,255.6,39.7,84.5,512,512,,D:\female\11\148_2.webp
148_3.png,OK,266.4,40.6,84.7,512,512,,D:\female\11\148_3.webp
148_4.png,OK,268.1,40.8,84.8,512,512,,D:\female\11\148_4.webp
148_5.png,OK,255.5,38.7,84.8,512,512,,D:\female\11\148_5.webp
149.png,OK,236.4,56.9,75.9,512,512,,D:\female\11\149.webp
149.png,OK,82.1,19.8,75.9,512,512,,D:\female\9\149.webp
149_1.png,OK,276.8,66.1,76.1,512,512,,D:\female\11\149_1.webp
149_10.png,OK,252.8,61.2,75.8,512,512,,D:\female\11\149_10.webp
149_11.png,OK,217.3,39.4,81.9,512,512,,D:\female\11\149_11.webp
149_12.png,OK,228.8,37.0,83.8,512,512,,D:\female\11\149_12.webp
149_13.png,OK,233.9,43.1,81.6,512,512,,D:\female\11\149_13.webp
149_14.png,OK,253.0,68.3,73.0,512,512,,D:\female\11\149_14.webp
149_15.png,OK,228.9,52.0,77.3,512,512,,D:\female\11\149_15.webp
149_2.png,OK,250.0,42.3,83.1,512,512,,D:\female\11\149_2.webp
149_3.png,OK,255.7,50.0,80.5,512,512,,D:\female\11\149_3.webp
149_4.png,OK,246.7,47.4,80.8,512,512,,D:\female\11\149_4.webp
149_5.png,OK,253.7,61.7,75.7,512,512,,D:\female\11\149_5.webp
149_6.png,OK,268.5,79.2,70.5,512,512,,D:\female\11\149_6.webp
149_7.png,OK,221.0,45.6,79.4,512,512,,D:\female\11\149_7.webp
149_8.png,OK,254.1,60.6,76.1,512,512,,D:\female\11\149_8.webp
149_9.png,OK,268.5,59.0,78.0,512,512,,D:\female\11\149_9.webp
14_1.png,OK,131.8,27.3,79.3,512,512,,D:\female\11\14_1.webp
14_10.png,OK,154.7,23.8,84.6,512,512,,D:\female\11\14_10.webp
14_11.png,OK,148.7,18.5,87.5,512,512,,D:\female\11\14_11.webp
14_12.png,OK,150.4,26.9,82.1,512,512,,D:\female\11\14_12.webp
14_13.png,OK,163.6,23.6,85.6,512,512,,D:\female\11\14_13.webp
14_14.png,OK,158.7,21.6,86.4,512,512,,D:\female\11\14_14.webp
14_15.png,OK,166.3,18.7,88.7,512,512,,D:\female\11\14_15.webp
14_2.png,OK,156.4,32.6,79.2,512,512,,D:\female\11\14_2.webp
14_3.png,OK,105.3,10.8,89.7,512,512,,D:\female\11\14_3.webp
14_4.png,OK,125.0,19.8,84.1,512,512,,D:\female\11\14_4.webp
14_5.png,OK,144.6,15.5,89.3,512,512,,D:\female\11\14_5.webp
14_6.png,OK,132.6,15.2,88.6,512,512,,D:\female\11\14_6.webp
14_7.png,OK,111.8,13.0,88.4,512,512,,D:\female\11\14_7.webp
14_8.png,OK,95.1,14.4,84.8,512,512,,D:\female\11\14_8.webp
14_9.png,OK,117.1,12.9,89.0,512,512,,D:\female\11\14_9.webp
15.png,OK,33.1,5.4,83.8,512,512,,D:\female\11\15.webp
15.png,OK,2.2,0.9,58.1,512,512,,D:\female\9\15.webp
150.png,OK,221.1,40.3,81.8,512,512,,D:\female\11\150.webp
150.png,OK,2.8,1.2,56.8,512,512,,D:\female\9\150.webp
150_1.png,OK,210.0,24.0,88.6,512,512,,D:\female\11\150_1.webp
150_1.png,OK,3.0,1.3,55.9,512,512,,D:\female\9\150_1.webp
150_10.png,OK,211.3,24.7,88.3,512,512,,D:\female\11\150_10.webp
150_11.png,OK,237.7,36.3,84.7,512,512,,D:\female\11\150_11.webp
150_12.png,OK,222.6,30.7,86.2,512,512,,D:\female\11\150_12.webp
150_13.png,OK,237.6,33.8,85.8,512,512,,D:\female\11\150_13.webp
150_14.png,OK,224.7,30.8,86.3,512,512,,D:\female\11\150_14.webp
150_15.png,OK,230.8,32.1,86.1,512,512,,D:\female\11\150_15.webp
150_16.png,OK,214.1,26.5,87.6,512,512,,D:\female\11\150_16.webp
150_17.png,OK,227.2,29.3,87.1,512,512,,D:\female\11\150_17.webp
150_18.png,OK,231.6,44.3,80.9,512,512,,D:\female\11\150_18.webp
150_19.png,OK,230.4,32.9,85.7,512,512,,D:\female\11\150_19.webp
150_2.png,OK,233.9,33.1,85.9,512,512,,D:\female\11\150_2.webp
150_2.png,OK,3.0,1.3,54.7,512,512,,D:\female\9\150_2.webp
150_20.png,OK,234.3,33.9,85.6,512,512,,D:\female\11\150_20.webp
150_21.png,OK,218.4,31.2,85.7,512,512,,D:\female\11\150_21.webp
150_22.png,OK,228.0,30.4,86.7,512,512,,D:\female\11\150_22.webp
150_23.png,OK,228.6,32.0,86.0,512,512,,D:\female\11\150_23.webp
150_24.png,OK,236.6,50.8,78.5,512,512,,D:\female\11\150_24.webp
150_25.png,OK,240.8,51.2,78.7,512,512,,D:\female\11\150_25.webp
150_3.png,OK,230.8,33.7,85.4,512,512,,D:\female\11\150_3.webp
150_3.png,OK,2.9,1.3,56.0,512,512,,D:\female\9\150_3.webp
150_4.png,OK,226.4,30.9,86.4,512,512,,D:\female\11\150_4.webp
150_5.png,OK,218.5,29.7,86.4,512,512,,D:\female\11\150_5.webp
150_6.png,OK,226.2,30.8,86.4,512,512,,D:\female\11\150_6.webp
150_7.png,OK,216.8,28.3,87.0,512,512,,D:\female\11\150_7.webp
150_8.png,OK,232.1,43.8,81.1,512,512,,D:\female\11\150_8.webp
150_9.png,OK,226.1,31.8,85.9,512,512,,D:\female\11\150_9.webp
151.png,OK,220.4,28.4,87.1,512,512,,D:\female\11\151.webp
151.png,OK,6.8,2.5,63.7,512,512,,D:\female\9\151.webp
151_1.png,OK,247.6,60.5,75.6,512,512,,D:\female\11\151_1.webp
151_2.png,OK,231.3,29.6,87.2,512,512,,D:\female\11\151_2.webp
151_3.png,OK,221.2,28.2,87.3,512,512,,D:\female\11\151_3.webp
151_4.png,OK,230.0,29.6,87.1,512,512,,D:\female\11\151_4.webp
151_5.png,OK,226.7,29.0,87.2,512,512,,D:\female\11\151_5.webp
151_6.png,OK,228.3,31.8,86.1,512,512,,D:\female\11\151_6.webp
151_7.png,OK,227.3,32.8,85.6,512,512,,D:\female\11\151_7.webp
152.png,OK,261.5,57.1,78.1,512,512,,D:\female\11\152.webp
152.png,OK,65.2,17.9,72.5,512,512,,D:\female\9\152.webp
152_1.png,OK,257.4,53.6,79.2,512,512,,D:\female\11\152_1.webp
152_1.png,OK,67.1,19.3,71.2,512,512,,D:\female\9\152_1.webp
152_2.png,OK,235.8,44.7,81.0,512,512,,D:\female\11\152_2.webp
152_3.png,OK,226.0,38.7,82.9,512,512,,D:\female\11\152_3.webp
153.png,OK,228.5,30.5,86.6,512,512,,D:\female\11\153.webp
153.png,OK,142.0,25.0,82.4,512,512,,D:\female\9\153.webp
153_1.png,OK,273.2,53.6,80.4,512,512,,D:\female\11\153_1.webp
153_1.png,OK,123.0,12.6,89.8,512,512,,D:\female\9\153_1.webp
153_2.png,OK,255.6,39.8,84.4,512,512,,D:\female\11\153_2.webp
153_3.png,OK,266.3,39.7,85.1,512,512,,D:\female\11\153_3.webp
153_4.png,OK,267.9,40.7,84.8,512,512,,D:\female\11\153_4.webp
153_5.png,OK,255.4,38.7,84.8,512,512,,D:\female\11\153_5.webp
154.png,OK,150.9,19.8,86.9,512,512,,D:\female\11\154.webp
154.png,OK,7.9,3.4,56.5,512,512,,D:\female\9\154.webp
154_1.png,OK,164.4,25.6,84.4,512,512,,D:\female\11\154_1.webp
154_2.png,OK,159.1,23.7,85.1,512,512,,D:\female\11\154_2.webp
154_3.png,OK,154.0,22.7,85.3,512,512,,D:\female\11\154_3.webp
155.png,OK,151.2,29.3,80.6,512,512,,D:\female\11\155.webp
155.png,OK,7.3,2.9,59.8,512,512,,D:\female\9\155.webp
155_1.png,OK,169.3,29.9,82.4,512,512,,D:\female\11\155_1.webp
155_2.png,OK,135.1,24.3,82.0,512,512,,D:\female\11\155_2.webp
156.png,OK,152.0,18.2,88.0,512,512,,D:\female\11\156.webp
156.png,OK,7.6,3.1,59.5,512,512,,D:\female\9\156.webp
156_1.png,OK,183.9,27.7,84.9,512,512,,D:\female\11\156_1.webp
156_1.png,OK,7.7,3.2,57.7,512,512,,D:\female\9\156_1.webp
157.png,OK,196.7,33.0,83.2,512,512,,D:\female\11\157.webp
157.png,OK,90.2,46.5,48.4,512,512,,D:\female\9\157.webp
157_1.png,OK,191.8,29.3,84.7,512,512,,D:\female\11\157_1.webp
157_1.png,OK,92.0,49.0,46.8,512,512,,D:\female\9\157_1.webp
157_2.png,OK,90.1,51.4,43.0,512,512,,D:\female\9\157_2.webp
157_3.png,OK,88.2,44.6,49.5,512,512,,D:\female\9\157_3.webp
157_4.png,OK,90.1,50.5,44.0,512,512,,D:\female\9\157_4.webp
157_5.png,OK,88.5,44.8,49.4,512,512,,D:\female\9\157_5.webp
158.png,OK,262.5,51.6,80.3,512,512,,D:\female\11\158.webp
158.png,OK,8.5,4.1,52.1,512,512,,D:\female\9\158.webp
158_1.png,OK,258.2,45.2,82.5,512,512,,D:\female\11\158_1.webp
158_1.png,OK,8.5,4.2,50.6,512,512,,D:\female\9\158_1.webp
158_2.png,OK,259.8,42.2,83.8,512,512,,D:\female\11\158_2.webp
158_2.png,OK,8.7,4.1,53.2,512,512,,D:\female\9\158_2.webp
158_3.png,OK,237.0,49.0,79.3,512,512,,D:\female\11\158_3.webp
158_3.png,OK,8.4,4.0,52.9,512,512,,D:\female\9\158_3.webp
158_4.png,OK,8.5,4.1,51.3,512,512,,D:\female\9\158_4.webp
158_5.png,OK,8.7,4.2,51.5,512,512,,D:\female\9\158_5.webp
159.png,OK,181.8,36.4,80.0,512,512,,D:\female\11\159.webp
159.png,OK,7.7,3.3,57.2,512,512,,D:\female\9\159.webp
159_1.png,OK,178.4,30.9,82.7,512,512,,D:\female\11\159_1.webp
159_2.png,OK,179.7,29.3,83.7,512,512,,D:\female\11\159_2.webp
159_3.png,OK,166.9,35.1,79.0,512,512,,D:\female\11\159_3.webp
15_1.png,OK,47.9,8.1,83.0,512,512,,D:\female\11\15_1.webp
15_10.png,OK,42.6,8.4,80.3,512,512,,D:\female\11\15_10.webp
15_11.png,OK,42.5,8.2,80.8,512,512,,D:\female\11\15_11.webp
15_12.png,OK,48.0,8.3,82.8,512,512,,D:\female\11\15_12.webp
15_13.png,OK,48.0,8.2,82.8,512,512,,D:\female\11\15_13.webp
15_14.png,OK,48.1,8.2,82.9,512,512,,D:\female\11\15_14.webp
15_15.png,OK,48.2,8.2,83.0,512,512,,D:\female\11\15_15.webp
15_2.png,OK,47.9,8.1,83.0,512,512,,D:\female\11\15_2.webp
15_3.png,OK,45.0,7.4,83.5,512,512,,D:\female\11\15_3.webp
15_4.png,OK,48.0,8.2,83.0,512,512,,D:\female\11\15_4.webp
15_5.png,OK,48.0,8.3,82.7,512,512,,D:\female\11\15_5.webp
15_6.png,OK,48.0,8.3,82.7,512,512,,D:\female\11\15_6.webp
15_7.png,OK,48.0,8.2,82.9,512,512,,D:\female\11\15_7.webp
15_8.png,OK,48.0,8.2,82.9,512,512,,D:\female\11\15_8.webp
15_9.png,OK,48.1,8.3,82.7,512,512,,D:\female\11\15_9.webp
16.png,OK,85.1,19.6,76.9,512,512,,D:\female\11\16.webp
16.png,OK,3.0,1.3,56.6,512,512,,D:\female\9\16.webp
160.png,OK,246.3,43.9,82.2,512,512,,D:\female\11\160.webp
160.png,OK,20.5,6.5,68.1,512,512,,D:\female\9\160.webp
160_1.png,OK,21.1,6.5,69.4,512,512,,D:\female\9\160_1.webp
160_2.png,OK,22.6,6.1,72.9,512,512,,D:\female\9\160_2.webp
160_3.png,OK,19.0,4.9,74.1,512,512,,D:\female\9\160_3.webp
160_4.png,OK,21.1,6.6,68.7,512,512,,D:\female\9\160_4.webp
160_5.png,OK,20.5,5.5,73.0,512,512,,D:\female\9\160_5.webp
160_6.png,OK,20.2,6.4,68.5,512,512,,D:\female\9\160_6.webp
160_7.png,OK,20.1,6.2,69.1,512,512,,D:\female\9\160_7.webp
160_8.png,OK,19.4,6.3,67.6,512,512,,D:\female\9\160_8.webp
160_9.png,OK,19.9,6.3,68.2,512,512,,D:\female\9\160_9.webp
161.png,OK,224.1,29.1,87.0,512,512,,D:\female\11\161.webp
161.png,OK,63.9,33.8,47.2,512,512,,D:\female\9\161.webp
161_1.png,OK,219.1,26.0,88.1,512,512,,D:\female\11\161_1.webp
161_1.png,OK,63.7,40.6,36.3,512,512,,D:\female\9\161_1.webp
161_2.png,OK,222.2,25.5,88.5,512,512,,D:\female\11\161_2.webp
161_2.png,OK,59.6,30.6,48.7,512,512,,D:\female\9\161_2.webp
161_3.png,OK,63.4,35.4,44.2,512,512,,D:\female\9\161_3.webp
161_4.png,OK,58.7,30.3,48.4,512,512,,D:\female\9\161_4.webp
161_5.png,OK,64.5,38.1,40.9,512,512,,D:\female\9\161_5.webp
161_6.png,OK,64.9,42.8,34.1,512,512,,D:\female\9\161_6.webp
161_7.png,OK,64.7,42.7,34.0,512,512,,D:\female\9\161_7.webp
161_8.png,OK,65.0,42.4,34.8,512,512,,D:\female\9\161_8.webp
162.png,OK,233.1,47.7,79.6,512,512,,D:\female\11\162.webp
162.png,OK,2.9,1.2,56.9,512,512,,D:\female\9\162.webp
162_1.png,OK,210.6,32.5,84.6,512,512,,D:\female\11\162_1.webp
162_1.png,OK,2.9,1.3,56.0,512,512,,D:\female\9\162_1.webp
162_2.png,OK,236.5,37.6,84.1,512,512,,D:\female\11\162_2.webp
162_2.png,OK,3.1,1.4,55.2,512,512,,D:\female\9\162_2.webp
162_3.png,OK,220.2,35.3,84.0,512,512,,D:\female\11\162_3.webp
162_3.png,OK,3.0,1.3,56.3,512,512,,D:\female\9\162_3.webp
162_4.png,OK,224.9,48.0,78.7,512,512,,D:\female\11\162_4.webp
162_4.png,OK,2.7,1.2,56.2,512,512,,D:\female\9\162_4.webp
162_5.png,OK,217.4,29.3,86.5,512,512,,D:\female\11\162_5.webp
162_5.png,OK,2.9,1.3,54.9,512,512,,D:\female\9\162_5.webp
162_6.png,OK,196.0,28.8,85.3,512,512,,D:\female\11\162_6.webp
163.png,OK,229.2,35.2,84.6,512,512,,D:\female\11\163.webp
163.png,OK,6.2,2.9,53.6,512,512,,D:\female\9\163.webp
163_1.png,OK,241.8,36.9,84.7,512,512,,D:\female\11\163_1.webp
163_2.png,OK,236.9,34.3,85.5,512,512,,D:\female\11\163_2.webp
163_3.png,OK,263.4,47.5,81.9,512,512,,D:\female\11\163_3.webp
163_4.png,OK,257.4,42.3,83.5,512,512,,D:\female\11\163_4.webp
163_5.png,OK,256.9,39.6,84.6,512,512,,D:\female\11\163_5.webp
164.png,OK,286.3,67.5,76.4,512,512,,D:\female\11\164.webp
164.png,OK,5.8,2.4,57.7,512,512,,D:\female\9\164.webp
164_1.png,OK,301.1,73.1,75.7,512,512,,D:\female\11\164_1.webp
164_1.png,OK,6.5,3.1,51.8,512,512,,D:\female\9\164_1.webp
164_10.png,OK,288.8,65.8,77.2,512,512,,D:\female\11\164_10.webp
164_11.png,OK,265.4,40.2,84.8,512,512,,D:\female\11\164_11.webp
164_12.png,OK,260.4,37.3,85.7,512,512,,D:\female\11\164_12.webp
164_13.png,OK,266.1,37.6,85.9,512,512,,D:\female\11\164_13.webp
164_14.png,OK,264.1,33.1,87.5,512,512,,D:\female\11\164_14.webp
164_15.png,OK,255.4,34.9,86.3,512,512,,D:\female\11\164_15.webp
164_2.png,OK,268.5,38.9,85.5,512,512,,D:\female\11\164_2.webp
164_2.png,OK,6.5,3.0,54.3,512,512,,D:\female\9\164_2.webp
164_3.png,OK,274.7,35.4,87.1,512,512,,D:\female\11\164_3.webp
164_3.png,OK,6.6,3.1,53.7,512,512,,D:\female\9\164_3.webp
164_4.png,OK,265.8,34.7,86.9,512,512,,D:\female\11\164_4.webp
164_5.png,OK,262.9,37.6,85.7,512,512,,D:\female\11\164_5.webp
164_6.png,OK,264.7,35.1,86.7,512,512,,D:\female\11\164_6.webp
164_7.png,OK,273.1,37.1,86.4,512,512,,D:\female\11\164_7.webp
164_8.png,OK,288.8,66.6,77.0,512,512,,D:\female\11\164_8.webp
164_9.png,OK,271.2,36.6,86.5,512,512,,D:\female\11\164_9.webp
165.png,OK,226.0,29.5,86.9,512,512,,D:\female\11\165.webp
165.png,OK,53.3,16.2,69.6,512,512,,D:\female\9\165.webp
165_1.png,OK,238.2,34.6,85.5,512,512,,D:\female\11\165_1.webp
165_1.png,OK,51.5,11.3,78.1,512,512,,D:\female\9\165_1.webp
165_2.png,OK,255.9,50.1,80.4,512,512,,D:\female\11\165_2.webp
165_2.png,OK,56.7,13.4,76.4,512,512,,D:\female\9\165_2.webp
166.png,OK,264.9,41.6,84.3,512,512,,D:\female\11\166.webp
166.png,OK,6.9,3.1,54.6,512,512,,D:\female\9\166.webp
166_1.png,OK,272.0,46.6,82.9,512,512,,D:\female\11\166_1.webp
166_1.png,OK,7.1,3.3,54.4,512,512,,D:\female\9\166_1.webp
166_2.png,OK,262.3,40.4,84.6,512,512,,D:\female\11\166_2.webp
166_3.png,OK,258.1,41.2,84.0,512,512,,D:\female\11\166_3.webp
167.png,OK,203.0,33.9,83.3,512,512,,D:\female\11\167.webp
167.png,OK,5.4,2.7,50.1,512,512,,D:\female\9\167.webp
167_1.png,OK,209.3,37.6,82.0,512,512,,D:\female\11\167_1.webp
167_1.png,OK,5.4,2.7,49.7,512,512,,D:\female\9\167_1.webp
167_2.png,OK,196.9,31.6,83.9,512,512,,D:\female\11\167_2.webp
167_3.png,OK,197.9,33.3,83.2,512,512,,D:\female\11\167_3.webp
168.png,OK,103.7,18.9,81.8,512,512,,D:\female\11\168.webp
168.png,OK,9.7,4.5,53.5,512,512,,D:\female\9\168.webp
168_1.png,OK,99.2,13.3,86.6,512,512,,D:\female\11\168_1.webp
168_1.png,OK,9.3,4.3,53.9,512,512,,D:\female\9\168_1.webp
168_2.png,OK,107.8,26.9,75.0,512,512,,D:\female\11\168_2.webp
168_2.png,OK,9.3,4.3,53.9,512,512,,D:\female\9\168_2.webp
168_3.png,OK,91.7,11.1,87.9,512,512,,D:\female\11\168_3.webp
168_4.png,OK,99.0,13.1,86.7,512,512,,D:\female\11\168_4.webp
168_5.png,OK,98.3,13.6,86.2,512,512,,D:\female\11\168_5.webp
169.png,OK,129.3,22.4,82.7,512,512,,D:\female\11\169.webp
169.png,OK,34.7,11.4,67.3,512,512,,D:\female\9\169.webp
169_1.png,OK,141.0,20.7,85.3,512,512,,D:\female\11\169_1.webp
169_1.png,OK,30.7,8.3,72.9,512,512,,D:\female\9\169_1.webp
169_2.png,OK,142.3,36.5,74.3,512,512,,D:\female\11\169_2.webp
169_3.png,OK,131.8,17.7,86.6,512,512,,D:\female\11\169_3.webp
169_4.png,OK,134.4,18.3,86.4,512,512,,D:\female\11\169_4.webp
169_5.png,OK,138.8,20.6,85.2,512,512,,D:\female\11\169_5.webp
16_1.png,OK,101.3,23.2,77.1,512,512,,D:\female\11\16_1.webp
16_2.png,OK,98.4,11.6,88.2,512,512,,D:\female\11\16_2.webp
16_3.png,OK,109.5,25.7,76.6,512,512,,D:\female\11\16_3.webp
16_4.png,OK,100.9,13.3,86.8,512,512,,D:\female\11\16_4.webp
16_5.png,OK,60.6,10.2,83.1,512,512,,D:\female\11\16_5.webp
16_6.png,OK,89.5,14.6,83.7,512,512,,D:\female\11\16_6.webp
17.png,OK,241.0,58.6,75.7,512,512,,D:\female\11\17.webp
17.png,OK,110.3,13.4,87.9,512,512,,D:\female\9\17.webp
170.png,OK,66.6,13.9,79.1,512,512,,D:\female\11\170.webp
170.png,OK,11.0,5.6,48.9,512,512,,D:\female\9\170.webp
170_1.png,OK,63.4,10.5,83.4,512,512,,D:\female\11\170_1.webp
170_1.png,OK,11.0,5.6,48.8,512,512,,D:\female\9\170_1.webp
170_2.png,OK,68.8,19.2,72.0,512,512,,D:\female\11\170_2.webp
170_2.png,OK,10.9,5.6,48.7,512,512,,D:\female\9\170_2.webp
170_3.png,OK,57.3,8.6,85.0,512,512,,D:\female\11\170_3.webp
170_3.png,OK,10.9,5.4,50.7,512,512,,D:\female\9\170_3.webp
170_4.png,OK,64.0,11.0,82.8,512,512,,D:\female\11\170_4.webp
170_4.png,OK,10.9,5.6,48.3,512,512,,D:\female\9\170_4.webp
170_5.png,OK,65.0,11.5,82.2,512,512,,D:\female\11\170_5.webp
171.png,OK,162.2,31.1,80.8,512,512,,D:\female\11\171.webp
171.png,OK,11.3,4.2,63.1,512,512,,D:\female\9\171.webp
171_1.png,OK,162.7,31.0,80.9,512,512,,D:\female\11\171_1.webp
171_2.png,OK,163.2,33.5,79.5,512,512,,D:\female\11\171_2.webp
171_3.png,OK,164.4,30.3,81.6,512,512,,D:\female\11\171_3.webp
171_4.png,OK,173.2,49.2,71.6,512,512,,D:\female\11\171_4.webp
171_5.png,OK,166.9,32.7,80.4,512,512,,D:\female\11\171_5.webp
171_6.png,OK,161.1,30.3,81.2,512,512,,D:\female\11\171_6.webp
171_7.png,OK,159.7,29.1,81.8,512,512,,D:\female\11\171_7.webp
172.png,OK,178.8,24.1,86.5,512,512,,D:\female\11\172.webp
172.png,OK,11.3,3.6,68.3,512,512,,D:\female\9\172.webp
172_1.png,OK,209.9,24.7,88.2,512,512,,D:\female\11\172_1.webp
172_1.png,OK,9.8,3.7,61.8,512,512,,D:\female\9\172_1.webp
173.png,OK,103.0,16.5,84.0,512,512,,D:\female\11\173.webp
173.png,OK,51.8,23.4,54.8,512,512,,D:\female\9\173.webp
173_1.png,OK,50.8,21.9,57.0,512,512,,D:\female\9\173_1.webp
174.png,OK,268.6,46.1,82.8,512,512,,D:\female\11\174.webp
174.png,OK,2.5,1.0,57.9,512,512,,D:\female\9\174.webp
174_1.png,OK,273.9,48.2,82.4,512,512,,D:\female\11\174_1.webp
174_2.png,OK,265.3,43.9,83.5,512,512,,D:\female\11\174_2.webp
174_3.png,OK,260.9,43.0,83.5,512,512,,D:\female\11\174_3.webp
175.png,OK,204.5,35.3,82.7,512,512,,D:\female\11\175.webp
175.png,OK,6.3,3.0,52.4,512,512,,D:\female\9\175.webp
175_1.png,OK,210.4,38.4,81.7,512,512,,D:\female\11\175_1.webp
175_2.png,OK,201.5,33.9,83.2,512,512,,D:\female\11\175_2.webp
175_3.png,OK,200.3,35.7,82.2,512,512,,D:\female\11\175_3.webp
176.png,OK,265.6,52.8,80.1,512,512,,D:\female\11\176.webp
176.png,OK,8.6,3.6,58.4,512,512,,D:\female\9\176.webp
176_1.png,OK,261.3,46.9,82.0,512,512,,D:\female\11\176_1.webp
176_1.png,OK,8.0,3.2,60.0,512,512,,D:\female\9\176_1.webp
176_2.png,OK,262.5,43.7,83.3,512,512,,D:\female\11\176_2.webp
176_3.png,OK,247.7,52.7,78.7,512,512,,D:\female\11\176_3.webp
177.png,OK,185.3,37.2,79.9,512,512,,D:\female\11\177.webp
177.png,OK,19.7,5.3,73.1,512,512,,D:\female\9\177.webp
177_1.png,OK,181.8,33.0,81.8,512,512,,D:\female\11\177_1.webp
177_1.png,OK,13.7,4.4,67.8,512,512,,D:\female\9\177_1.webp
177_10.png,OK,23.7,7.5,68.6,512,512,,D:\female\9\177_10.webp
177_11.png,OK,24.0,7.5,68.8,512,512,,D:\female\9\177_11.webp
177_2.png,OK,182.9,30.7,83.2,512,512,,D:\female\11\177_2.webp
177_2.png,OK,20.7,5.6,73.0,512,512,,D:\female\9\177_2.webp
177_3.png,OK,173.7,36.7,78.9,512,512,,D:\female\11\177_3.webp
177_3.png,OK,21.0,6.0,71.3,512,512,,D:\female\9\177_3.webp
177_4.png,OK,21.5,6.2,71.3,512,512,,D:\female\9\177_4.webp
177_5.png,OK,20.8,6.0,71.3,512,512,,D:\female\9\177_5.webp
177_6.png,OK,23.4,7.6,67.6,512,512,,D:\female\9\177_6.webp
177_7.png,OK,23.1,7.6,67.3,512,512,,D:\female\9\177_7.webp
177_8.png,OK,21.4,6.2,71.2,512,512,,D:\female\9\177_8.webp
177_9.png,OK,21.0,6.3,69.7,512,512,,D:\female\9\177_9.webp
178.png,OK,174.6,26.4,84.9,512,512,,D:\female\11\178.webp
178.png,OK,5.6,2.5,55.9,512,512,,D:\female\9\178.webp
179.png,OK,138.0,28.1,79.6,512,512,,D:\female\11\179.webp
179.png,OK,7.0,2.8,60.4,512,512,,D:\female\9\179.webp
179_1.png,OK,137.7,20.6,85.0,512,512,,D:\female\11\179_1.webp
179_2.png,OK,161.4,25.0,84.5,512,512,,D:\female\11\179_2.webp
179_3.png,OK,138.2,22.7,83.6,512,512,,D:\female\11\179_3.webp
179_4.png,OK,145.0,36.2,75.0,512,512,,D:\female\11\179_4.webp
179_5.png,OK,136.9,17.4,87.3,512,512,,D:\female\11\179_5.webp
179_6.png,OK,123.8,17.4,86.0,512,512,,D:\female\11\179_6.webp
17_1.png,OK,99.3,10.9,89.0,512,512,,D:\female\9\17_1.webp
17_2.png,OK,89.5,9.3,89.6,512,512,,D:\female\9\17_2.webp
18.png,OK,45.8,7.8,82.9,512,512,,D:\female\11\18.webp
18.png,OK,110.8,13.0,88.3,512,512,,D:\female\9\18.webp
180.png,OK,147.9,24.9,83.2,512,512,,D:\female\11\180.webp
180.png,OK,17.1,6.5,62.1,512,512,,D:\female\9\180.webp
180_1.png,OK,149.6,24.8,83.4,512,512,,D:\female\11\180_1.webp
180_1.png,OK,16.4,5.7,65.1,512,512,,D:\female\9\180_1.webp
180_10.png,OK,144.4,21.3,85.3,512,512,,D:\female\11\180_10.webp
180_2.png,OK,151.1,27.2,82.0,512,512,,D:\female\11\180_2.webp
180_2.png,OK,17.5,6.0,65.8,512,512,,D:\female\9\180_2.webp
180_3.png,OK,160.4,28.3,82.4,512,512,,D:\female\11\180_3.webp
180_4.png,OK,169.8,33.7,80.2,512,512,,D:\female\11\180_4.webp
180_5.png,OK,163.4,30.8,81.1,512,512,,D:\female\11\180_5.webp
180_6.png,OK,165.6,28.3,82.9,512,512,,D:\female\11\180_6.webp
180_7.png,OK,167.5,27.2,83.7,512,512,,D:\female\11\180_7.webp
180_8.png,OK,165.1,27.5,83.3,512,512,,D:\female\11\180_8.webp
180_9.png,OK,148.2,25.8,82.6,512,512,,D:\female\11\180_9.webp
181.png,OK,151.6,20.0,86.8,512,512,,D:\female\11\181.webp
181.png,OK,148.5,37.9,74.5,512,512,,D:\female\9\181.webp
181_1.png,OK,164.5,25.8,84.3,512,512,,D:\female\11\181_1.webp
181_2.png,OK,159.2,23.7,85.1,512,512,,D:\female\11\181_2.webp
181_3.png,OK,154.0,22.8,85.2,512,512,,D:\female\11\181_3.webp
182.png,OK,151.1,29.5,80.5,512,512,,D:\female\11\182.webp
182.png,OK,3.2,1.5,52.0,512,512,,D:\female\9\182.webp
182_1.png,OK,169.3,29.8,82.4,512,512,,D:\female\11\182_1.webp
182_2.png,OK,135.2,24.3,82.0,512,512,,D:\female\11\182_2.webp
183.png,OK,229.7,35.4,84.6,512,512,,D:\female\11\183.webp
183.png,OK,5.0,2.2,56.4,512,512,,D:\female\9\183.webp
183_1.png,OK,241.6,37.0,84.7,512,512,,D:\female\11\183_1.webp
183_2.png,OK,236.9,33.5,85.9,512,512,,D:\female\11\183_2.webp
183_3.png,OK,263.3,47.5,81.9,512,512,,D:\female\11\183_3.webp
183_4.png,OK,257.5,42.2,83.6,512,512,,D:\female\11\183_4.webp
183_5.png,OK,256.7,39.6,84.6,512,512,,D:\female\11\183_5.webp
184.png,OK,181.5,24.7,86.4,512,512,,D:\female\11\184.webp
184.png,OK,3.5,1.7,50.8,512,512,,D:\female\9\184.webp
184_1.png,OK,209.8,24.4,88.3,512,512,,D:\female\11\184_1.webp
184_1.png,OK,3.6,1.8,49.5,512,512,,D:\female\9\184_1.webp
184_2.png,OK,3.7,1.7,53.5,512,512,,D:\female\9\184_2.webp
184_3.png,OK,3.6,1.8,50.0,512,512,,D:\female\9\184_3.webp
184_4.png,OK,3.7,1.9,49.7,512,512,,D:\female\9\184_4.webp
185.png,OK,251.6,47.6,81.1,512,512,,D:\female\11\185.webp
185.png,OK,2.7,1.2,53.5,512,512,,D:\female\9\185.webp
185_1.png,OK,302.6,82.4,72.8,512,512,,D:\female\11\185_1.webp
185_1.png,OK,2.7,1.2,53.6,512,512,,D:\female\9\185_1.webp
185_2.png,OK,258.2,52.0,79.9,512,512,,D:\female\11\185_2.webp
185_2.png,OK,2.4,1.0,56.0,512,512,,D:\female\9\185_2.webp
185_3.png,OK,259.4,48.2,81.4,512,512,,D:\female\11\185_3.webp
185_3.png,OK,2.5,1.1,55.8,512,512,,D:\female\9\185_3.webp
185_4.png,OK,250.6,52.5,79.1,512,512,,D:\female\11\185_4.webp
185_4.png,OK,2.7,1.2,54.8,512,512,,D:\female\9\185_4.webp
185_5.png,OK,324.9,93.5,71.2,512,512,,D:\female\11\185_5.webp
185_5.png,OK,2.7,1.2,54.8,512,512,,D:\female\9\185_5.webp
186.png,OK,252.6,25.6,89.9,512,512,,D:\female\11\186.webp
186.png,OK,2.9,1.3,55.6,512,512,,D:\female\9\186.webp
186_1.png,OK,246.1,25.4,89.7,512,512,,D:\female\11\186_1.webp
186_1.png,OK,2.9,1.3,56.7,512,512,,D:\female\9\186_1.webp
186_2.png,OK,261.5,28.7,89.0,512,512,,D:\female\11\186_2.webp
186_3.png,OK,250.9,27.1,89.2,512,512,,D:\female\11\186_3.webp
187.png,OK,253.9,26.1,89.7,512,512,,D:\female\11\187.webp
187.png,OK,7.0,2.8,60.3,512,512,,D:\female\9\187.webp
187_1.png,OK,247.0,26.1,89.5,512,512,,D:\female\11\187_1.webp
187_2.png,OK,262.7,30.4,88.4,512,512,,D:\female\11\187_2.webp
187_3.png,OK,254.2,29.0,88.6,512,512,,D:\female\11\187_3.webp
188.png,OK,289.9,42.9,85.2,512,512,,D:\female\11\188.webp
188.png,OK,7.1,3.1,55.7,512,512,,D:\female\9\188.webp
188_1.png,OK,297.0,47.9,83.9,512,512,,D:\female\11\188_1.webp
188_10.png,OK,286.7,41.8,85.4,512,512,,D:\female\11\188_10.webp
188_2.png,OK,292.6,46.1,84.2,512,512,,D:\female\11\188_2.webp
188_3.png,OK,299.5,54.8,81.7,512,512,,D:\female\11\188_3.webp
188_4.png,OK,294.0,51.6,82.5,512,512,,D:\female\11\188_4.webp
188_5.png,OK,297.6,56.2,81.1,512,512,,D:\female\11\188_5.webp
188_6.png,OK,295.1,46.7,84.2,512,512,,D:\female\11\188_6.webp
188_7.png,OK,295.3,46.1,84.4,512,512,,D:\female\11\188_7.webp
188_8.png,OK,294.9,45.4,84.6,512,512,,D:\female\11\188_8.webp
188_9.png,OK,286.3,40.7,85.8,512,512,,D:\female\11\188_9.webp
189.png,OK,273.1,33.4,87.8,512,512,,D:\female\11\189.webp
189.png,OK,129.8,52.7,59.4,512,512,,D:\female\9\189.webp
189_1.png,OK,292.5,46.2,84.2,512,512,,D:\female\11\189_1.webp
189_1.png,OK,129.9,51.9,60.0,512,512,,D:\female\9\189_1.webp
189_10.png,OK,267.3,44.9,83.2,512,512,,D:\female\11\189_10.webp
189_11.png,OK,262.8,31.8,87.9,512,512,,D:\female\11\189_11.webp
189_12.png,OK,276.9,35.0,87.4,512,512,,D:\female\11\189_12.webp
189_2.png,OK,284.4,51.0,82.1,512,512,,D:\female\11\189_2.webp
189_3.png,OK,269.9,34.4,87.2,512,512,,D:\female\11\189_3.webp
189_4.png,OK,253.5,26.8,89.4,512,512,,D:\female\11\189_4.webp
189_5.png,OK,298.4,75.6,74.7,512,512,,D:\female\11\189_5.webp
189_6.png,OK,289.7,66.6,77.0,512,512,,D:\female\11\189_6.webp
189_7.png,OK,277.7,37.8,86.4,512,512,,D:\female\11\189_7.webp
189_8.png,OK,274.5,34.0,87.6,512,512,,D:\female\11\189_8.webp
189_9.png,OK,263.6,31.1,88.2,512,512,,D:\female\11\189_9.webp
18_1.png,OK,46.4,8.4,81.9,512,512,,D:\female\11\18_1.webp
18_1.png,OK,98.1,10.5,89.3,512,512,,D:\female\9\18_1.webp
18_10.png,OK,55.0,13.4,75.6,512,512,,D:\female\11\18_10.webp
18_11.png,OK,40.9,8.0,80.5,512,512,,D:\female\11\18_11.webp
18_2.png,OK,40.9,7.5,81.7,512,512,,D:\female\11\18_2.webp
18_2.png,OK,84.7,9.1,89.2,512,512,,D:\female\9\18_2.webp
18_3.png,OK,44.7,11.2,75.1,512,512,,D:\female\11\18_3.webp
18_4.png,OK,38.4,10.5,72.6,512,512,,D:\female\11\18_4.webp
18_5.png,OK,42.0,10.3,75.5,512,512,,D:\female\11\18_5.webp
18_6.png,OK,41.4,8.0,80.7,512,512,,D:\female\11\18_6.webp
18_7.png,OK,42.5,12.1,71.6,512,512,,D:\female\11\18_7.webp
18_8.png,OK,52.3,14.1,73.0,512,512,,D:\female\11\18_8.webp
18_9.png,OK,49.1,9.7,80.2,512,512,,D:\female\11\18_9.webp
19.png,OK,138.2,29.0,79.0,512,512,,D:\female\11\19.webp
19.png,OK,79.0,9.4,88.2,512,512,,D:\female\9\19.webp
190.png,OK,254.8,29.1,88.6,512,512,,D:\female\11\190.webp
190.png,OK,2.6,1.2,53.3,512,512,,D:\female\9\190.webp
190_1.png,OK,275.6,67.4,75.6,512,512,,D:\female\11\190_1.webp
190_1.png,OK,2.5,1.1,54.7,512,512,,D:\female\9\190_1.webp
190_10.png,OK,310.1,60.3,80.6,512,512,,D:\female\11\190_10.webp
190_2.png,OK,252.9,29.3,88.4,512,512,,D:\female\11\190_2.webp
190_2.png,OK,2.5,1.1,55.3,512,512,,D:\female\9\190_2.webp
190_3.png,OK,253.3,28.9,88.6,512,512,,D:\female\11\190_3.webp
190_4.png,OK,224.6,28.8,87.2,512,512,,D:\female\11\190_4.webp
190_5.png,OK,244.8,29.8,87.8,512,512,,D:\female\11\190_5.webp
190_6.png,OK,360.0,61.7,82.9,512,512,,D:\female\11\190_6.webp
190_7.png,OK,343.3,55.5,83.8,512,512,,D:\female\11\190_7.webp
190_8.png,OK,408.5,74.4,81.8,512,512,,D:\female\11\190_8.webp
190_9.png,OK,387.0,71.1,81.6,512,512,,D:\female\11\190_9.webp
191.png,OK,259.8,30.9,88.1,512,512,,D:\female\11\191.webp
191.png,OK,6.1,2.3,62.5,512,512,,D:\female\9\191.webp
191_1.png,OK,284.9,70.3,75.3,512,512,,D:\female\11\191_1.webp
191_1.png,OK,6.7,2.4,63.5,512,512,,D:\female\9\191_1.webp
191_10.png,OK,303.6,56.6,81.4,512,512,,D:\female\11\191_10.webp
191_2.png,OK,258.3,30.8,88.1,512,512,,D:\female\11\191_2.webp
191_2.png,OK,6.6,2.5,62.2,512,512,,D:\female\9\191_2.webp
191_3.png,OK,257.9,30.4,88.2,512,512,,D:\female\11\191_3.webp
191_3.png,OK,6.7,2.8,59.0,512,512,,D:\female\9\191_3.webp
191_4.png,OK,230.2,30.9,86.6,512,512,,D:\female\11\191_4.webp
191_5.png,OK,251.4,31.8,87.4,512,512,,D:\female\11\191_5.webp
191_6.png,OK,346.5,57.2,83.5,512,512,,D:\female\11\191_6.webp
191_7.png,OK,332.7,53.2,84.0,512,512,,D:\female\11\191_7.webp
191_8.png,OK,392.0,70.9,81.9,512,512,,D:\female\11\191_8.webp
191_9.png,OK,374.5,67.8,81.9,512,512,,D:\female\11\191_9.webp
192.png,OK,268.2,58.4,78.2,512,512,,D:\female\11\192.webp
192.png,OK,11.7,4.8,58.8,512,512,,D:\female\9\192.webp
192_1.png,OK,270.3,71.0,73.7,512,512,,D:\female\11\192_1.webp
192_1.png,OK,11.6,4.9,58.1,512,512,,D:\female\9\192_1.webp
192_10.png,OK,182.6,26.2,85.6,512,512,,D:\female\11\192_10.webp
192_11.png,OK,191.2,33.0,82.7,512,512,,D:\female\11\192_11.webp
192_12.png,OK,176.3,32.7,81.5,512,512,,D:\female\11\192_12.webp
192_13.png,OK,187.4,29.6,84.2,512,512,,D:\female\11\192_13.webp
192_14.png,OK,180.1,30.5,83.1,512,512,,D:\female\11\192_14.webp
192_15.png,OK,196.4,35.9,81.7,512,512,,D:\female\11\192_15.webp
192_16.png,OK,241.1,60.9,74.7,512,512,,D:\female\11\192_16.webp
192_17.png,OK,244.0,77.4,68.3,512,512,,D:\female\11\192_17.webp
192_18.png,OK,176.0,20.9,88.1,512,512,,D:\female\11\192_18.webp
192_19.png,OK,171.0,30.1,82.4,512,512,,D:\female\11\192_19.webp
192_2.png,OK,217.6,36.1,83.4,512,512,,D:\female\11\192_2.webp
192_2.png,OK,11.3,4.6,59.3,512,512,,D:\female\9\192_2.webp
192_20.png,OK,194.6,29.3,84.9,512,512,,D:\female\11\192_20.webp
192_21.png,OK,182.2,20.9,88.5,512,512,,D:\female\11\192_21.webp
192_22.png,OK,182.9,23.6,87.1,512,512,,D:\female\11\192_22.webp
192_23.png,OK,172.6,25.7,85.1,512,512,,D:\female\11\192_23.webp
192_24.png,OK,159.4,20.8,87.0,512,512,,D:\female\11\192_24.webp
192_25.png,OK,136.1,25.9,81.0,512,512,,D:\female\11\192_25.webp
192_3.png,OK,221.1,39.0,82.3,512,512,,D:\female\11\192_3.webp
192_4.png,OK,265.7,58.5,78.0,512,512,,D:\female\11\192_4.webp
192_5.png,OK,281.4,88.1,68.7,512,512,,D:\female\11\192_5.webp
192_6.png,OK,196.7,38.3,80.5,512,512,,D:\female\11\192_6.webp
192_7.png,OK,206.6,54.5,73.6,512,512,,D:\female\11\192_7.webp
192_8.png,OK,223.5,63.3,71.7,512,512,,D:\female\11\192_8.webp
192_9.png,OK,184.5,38.9,78.9,512,512,,D:\female\11\192_9.webp
193.png,OK,274.7,51.9,81.1,512,512,,D:\female\11\193.webp
193.png,OK,281.5,43.9,84.4,512,512,,D:\female\9\193.webp
193_1.png,OK,278.1,50.5,81.9,512,512,,D:\female\11\193_1.webp
193_1.png,OK,243.6,40.2,83.5,512,512,,D:\female\9\193_1.webp
193_10.png,OK,253.9,49.9,80.4,512,512,,D:\female\11\193_10.webp
193_11.png,OK,299.8,67.2,77.6,512,512,,D:\female\11\193_11.webp
193_12.png,OK,302.1,71.7,76.3,512,512,,D:\female\11\193_12.webp
193_13.png,OK,277.3,50.4,81.8,512,512,,D:\female\11\193_13.webp
193_14.png,OK,292.4,55.3,81.1,512,512,,D:\female\11\193_14.webp
193_15.png,OK,285.0,70.1,75.4,512,512,,D:\female\11\193_15.webp
193_16.png,OK,260.8,39.5,84.9,512,512,,D:\female\11\193_16.webp
193_17.png,OK,278.7,65.4,76.5,512,512,,D:\female\11\193_17.webp
193_18.png,OK,272.2,60.5,77.8,512,512,,D:\female\11\193_18.webp
193_19.png,OK,260.8,41.1,84.2,512,512,,D:\female\11\193_19.webp
193_2.png,OK,305.1,71.8,76.5,512,512,,D:\female\11\193_2.webp
193_20.png,OK,244.8,31.8,87.0,512,512,,D:\female\11\193_20.webp
193_21.png,OK,247.9,32.0,87.1,512,512,,D:\female\11\193_21.webp
193_22.png,OK,362.3,88.4,75.6,512,512,,D:\female\11\193_22.webp
193_23.png,OK,335.7,73.5,78.1,512,512,,D:\female\11\193_23.webp
193_24.png,OK,238.8,30.1,87.4,512,512,,D:\female\11\193_24.webp
193_25.png,OK,253.9,40.4,84.1,512,512,,D:\female\11\193_25.webp
193_3.png,OK,285.8,50.9,82.2,512,512,,D:\female\11\193_3.webp
193_4.png,OK,265.0,45.0,83.0,512,512,,D:\female\11\193_4.webp
193_5.png,OK,299.7,58.0,80.6,512,512,,D:\female\11\193_5.webp
193_6.png,OK,283.7,62.6,77.9,512,512,,D:\female\11\193_6.webp
193_7.png,OK,273.2,51.2,81.3,512,512,,D:\female\11\193_7.webp
193_8.png,OK,255.5,45.3,82.3,512,512,,D:\female\11\193_8.webp
193_9.png,OK,285.0,69.4,75.7,512,512,,D:\female\11\193_9.webp
194.png,OK,244.3,34.5,85.9,512,512,,D:\female\11\194.webp
194.png,OK,2.7,1.2,55.9,512,512,,D:\female\9\194.webp
194_1.png,OK,253.9,35.3,86.1,512,512,,D:\female\11\194_1.webp
194_1.png,OK,2.7,1.2,55.8,512,512,,D:\female\9\194_1.webp
194_10.png,OK,238.8,61.2,74.4,512,512,,D:\female\11\194_10.webp
194_11.png,OK,234.9,63.6,73.0,512,512,,D:\female\11\194_11.webp
194_2.png,OK,259.4,35.4,86.3,512,512,,D:\female\11\194_2.webp
194_3.png,OK,254.0,41.8,83.5,512,512,,D:\female\11\194_3.webp
194_4.png,OK,311.6,51.5,83.5,512,512,,D:\female\11\194_4.webp
194_5.png,OK,242.2,29.8,87.7,512,512,,D:\female\11\194_5.webp
194_6.png,OK,275.2,71.0,74.2,512,512,,D:\female\11\194_6.webp
194_7.png,OK,251.9,37.8,85.0,512,512,,D:\female\11\194_7.webp
194_8.png,OK,261.5,36.6,86.0,512,512,,D:\female\11\194_8.webp
194_9.png,OK,237.8,38.2,83.9,512,512,,D:\female\11\194_9.webp
195.png,OK,114.2,19.4,83.1,512,512,,D:\female\11\195.webp
195.png,OK,5.1,2.2,56.6,512,512,,D:\female\9\195.webp
195_1.png,OK,126.7,21.7,82.9,512,512,,D:\female\11\195_1.webp
195_10.png,OK,115.8,17.3,85.1,512,512,,D:\female\11\195_10.webp
195_11.png,OK,147.2,29.2,80.2,512,512,,D:\female\11\195_11.webp
195_12.png,OK,113.2,16.0,85.9,512,512,,D:\female\11\195_12.webp
195_13.png,OK,131.2,23.7,81.9,512,512,,D:\female\11\195_13.webp
195_14.png,OK,162.3,43.4,73.3,512,512,,D:\female\11\195_14.webp
195_15.png,OK,143.5,32.3,77.5,512,512,,D:\female\11\195_15.webp
195_16.png,OK,118.7,27.3,77.0,512,512,,D:\female\11\195_16.webp
195_17.png,OK,103.2,16.4,84.1,512,512,,D:\female\11\195_17.webp
195_18.png,OK,101.5,15.7,84.5,512,512,,D:\female\11\195_18.webp
195_19.png,OK,140.5,27.2,80.6,512,512,,D:\female\11\195_19.webp
195_2.png,OK,128.1,17.9,86.1,512,512,,D:\female\11\195_2.webp
195_20.png,OK,115.7,22.3,80.7,512,512,,D:\female\11\195_20.webp
195_21.png,OK,157.4,49.0,68.9,512,512,,D:\female\11\195_21.webp
195_22.png,OK,132.5,24.6,81.4,512,512,,D:\female\11\195_22.webp
195_23.png,OK,141.3,35.7,74.8,512,512,,D:\female\11\195_23.webp
195_24.png,OK,112.4,22.0,80.4,512,512,,D:\female\11\195_24.webp
195_25.png,OK,107.1,13.7,87.2,512,512,,D:\female\11\195_25.webp
195_3.png,OK,117.7,29.5,74.9,512,512,,D:\female\11\195_3.webp
195_4.png,OK,111.7,16.8,85.0,512,512,,D:\female\11\195_4.webp
195_5.png,OK,141.7,40.3,71.6,512,512,,D:\female\11\195_5.webp
195_6.png,OK,101.7,16.3,84.0,512,512,,D:\female\11\195_6.webp
195_7.png,OK,142.4,34.8,75.6,512,512,,D:\female\11\195_7.webp
195_8.png,OK,113.0,17.6,84.4,512,512,,D:\female\11\195_8.webp
195_9.png,OK,141.7,26.7,81.1,512,512,,D:\female\11\195_9.webp
196.png,OK,246.6,76.5,69.0,512,512,,D:\female\11\196.webp
196.png,OK,13.8,5.6,59.3,512,512,,D:\female\9\196.webp
196_1.png,OK,207.8,49.8,76.1,512,512,,D:\female\11\196_1.webp
196_1.png,OK,14.0,5.3,62.3,512,512,,D:\female\9\196_1.webp
196_2.png,OK,191.9,33.5,82.5,512,512,,D:\female\11\196_2.webp
196_2.png,OK,14.6,6.0,58.8,512,512,,D:\female\9\196_2.webp
196_3.png,OK,12.3,4.3,65.2,512,512,,D:\female\9\196_3.webp
197.png,OK,245.5,75.8,69.1,512,512,,D:\female\11\197.webp
197.png,OK,3.0,1.4,54.1,512,512,,D:\female\9\197.webp
197_1.png,OK,208.2,49.5,76.2,512,512,,D:\female\11\197_1.webp
197_1.png,OK,2.5,1.1,56.2,512,512,,D:\female\9\197_1.webp
197_2.png,OK,191.2,33.8,82.3,512,512,,D:\female\11\197_2.webp
197_2.png,OK,2.6,1.1,56.0,512,512,,D:\female\9\197_2.webp
197_3.png,OK,2.6,1.2,55.2,512,512,,D:\female\9\197_3.webp
197_4.png,OK,2.8,1.2,56.1,512,512,,D:\female\9\197_4.webp
198.png,OK,263.0,52.5,80.0,512,512,,D:\female\11\198.webp
198.png,OK,6.8,2.4,65.3,512,512,,D:\female\9\198.webp
198_1.png,OK,253.9,54.4,78.6,512,512,,D:\female\11\198_1.webp
198_1.png,OK,5.5,2.1,60.9,512,512,,D:\female\9\198_1.webp
198_10.png,OK,284.6,85.2,70.1,512,512,,D:\female\11\198_10.webp
198_11.png,OK,261.4,60.4,76.9,512,512,,D:\female\11\198_11.webp
198_12.png,OK,246.3,66.1,73.2,512,512,,D:\female\11\198_12.webp
198_13.png,OK,234.7,48.9,79.1,512,512,,D:\female\11\198_13.webp
198_14.png,OK,319.8,103.4,67.7,512,512,,D:\female\11\198_14.webp
198_15.png,OK,251.8,51.6,79.5,512,512,,D:\female\11\198_15.webp
198_2.png,OK,220.5,33.9,84.6,512,512,,D:\female\11\198_2.webp
198_3.png,OK,228.3,38.1,83.3,512,512,,D:\female\11\198_3.webp
198_4.png,OK,220.2,34.4,84.4,512,512,,D:\female\11\198_4.webp
198_5.png,OK,233.7,59.6,74.5,512,512,,D:\female\11\198_5.webp
198_6.png,OK,212.0,35.3,83.4,512,512,,D:\female\11\198_6.webp
198_7.png,OK,302.6,94.8,68.7,512,512,,D:\female\11\198_7.webp
198_8.png,OK,212.0,34.8,83.6,512,512,,D:\female\11\198_8.webp
198_9.png,OK,242.5,49.4,79.6,512,512,,D:\female\11\198_9.webp
199.png,OK,261.3,51.4,80.3,512,512,,D:\female\11\199.webp
199.png,OK,10.7,3.6,66.0,512,512,,D:\female\9\199.webp
199_1.png,OK,253.1,54.0,78.7,512,512,,D:\female\11\199_1.webp
199_1.png,OK,10.7,3.6,66.3,512,512,,D:\female\9\199_1.webp
199_10.png,OK,281.8,84.9,69.9,512,512,,D:\female\11\199_10.webp
199_11.png,OK,261.4,60.6,76.8,512,512,,D:\female\11\199_11.webp
199_12.png,OK,248.9,70.2,71.8,512,512,,D:\female\11\199_12.webp
199_13.png,OK,233.6,48.8,79.1,512,512,,D:\female\11\199_13.webp
199_14.png,OK,317.9,102.7,67.7,512,512,,D:\female\11\199_14.webp
199_15.png,OK,254.6,51.1,79.9,512,512,,D:\female\11\199_15.webp
199_2.png,OK,220.3,33.9,84.6,512,512,,D:\female\11\199_2.webp
199_2.png,OK,11.0,3.6,66.8,512,512,,D:\female\9\199_2.webp
199_3.png,OK,227.0,37.6,83.4,512,512,,D:\female\11\199_3.webp
199_3.png,OK,10.9,3.6,66.7,512,512,,D:\female\9\199_3.webp
199_4.png,OK,219.8,34.3,84.4,512,512,,D:\female\11\199_4.webp
199_4.png,OK,11.0,4.2,61.9,512,512,,D:\female\9\199_4.webp
199_5.png,OK,233.1,59.1,74.6,512,512,,D:\female\11\199_5.webp
199_6.png,OK,210.7,34.8,83.5,512,512,,D:\female\11\199_6.webp
199_7.png,OK,300.4,94.1,68.7,512,512,,D:\female\11\199_7.webp
199_8.png,OK,212.2,34.7,83.7,512,512,,D:\female\11\199_8.webp
199_9.png,OK,242.5,49.5,79.6,512,512,,D:\female\11\199_9.webp
19_1.png,OK,123.1,18.4,85.1,512,512,,D:\female\11\19_1.webp
19_1.png,OK,86.5,12.1,86.0,512,512,,D:\female\9\19_1.webp
19_2.png,OK,131.7,18.7,85.8,512,512,,D:\female\11\19_2.webp
19_2.png,OK,77.7,16.5,78.8,512,512,,D:\female\9\19_2.webp
19_3.png,OK,130.4,16.2,87.6,512,512,,D:\female\11\19_3.webp
19_3.png,OK,96.9,21.2,78.2,512,512,,D:\female\9\19_3.webp
19_4.png,OK,83.3,18.8,77.5,512,512,,D:\female\9\19_4.webp
19_5.png,OK,83.9,10.1,88.0,512,512,,D:\female\9\19_5.webp
19_6.png,OK,80.6,8.9,89.0,512,512,,D:\female\9\19_6.webp
19_7.png,OK,84.5,10.0,88.2,512,512,,D:\female\9\19_7.webp
19_8.png,OK,93.5,12.6,86.5,512,512,,D:\female\9\19_8.webp
19_9.png,OK,70.7,6.4,90.9,512,512,,D:\female\9\19_9.webp
1_1.png,OK,181.8,37.8,79.2,512,512,,D:\female\11\1_1.webp
1_1.png,OK,85.5,10.0,88.3,512,512,,D:\female\9\1_1.webp
1_10.png,OK,159.9,20.3,87.3,512,512,,D:\female\11\1_10.webp
1_11.png,OK,196.1,31.7,83.8,512,512,,D:\female\11\1_11.webp
1_12.png,OK,159.7,20.4,87.3,512,512,,D:\female\11\1_12.webp
1_13.png,OK,159.7,20.3,87.3,512,512,,D:\female\11\1_13.webp
1_14.png,OK,186.2,31.0,83.4,512,512,,D:\female\11\1_14.webp
1_15.png,OK,159.5,20.2,87.3,512,512,,D:\female\11\1_15.webp
1_2.png,OK,170.4,23.8,86.0,512,512,,D:\female\11\1_2.webp
1_2.png,OK,94.2,13.2,85.9,512,512,,D:\female\9\1_2.webp
1_3.png,OK,159.8,20.3,87.3,512,512,,D:\female\11\1_3.webp
1_3.png,OK,108.2,19.1,82.3,512,512,,D:\female\9\1_3.webp
1_4.png,OK,182.9,28.3,84.5,512,512,,D:\female\11\1_4.webp
1_4.png,OK,107.9,18.9,82.5,512,512,,D:\female\9\1_4.webp
1_5.png,OK,189.4,31.6,83.3,512,512,,D:\female\11\1_5.webp
1_6.png,OK,181.7,30.6,83.2,512,512,,D:\female\11\1_6.webp
1_7.png,OK,159.8,20.4,87.2,512,512,,D:\female\11\1_7.webp
1_8.png,OK,159.8,20.3,87.3,512,512,,D:\female\11\1_8.webp
1_9.png,OK,184.1,31.4,82.9,512,512,,D:\female\11\1_9.webp
2.png,OK,152.0,13.5,91.1,512,512,,D:\female\11\2.webp
2.png,OK,102.7,15.1,85.3,512,512,,D:\female\9\2.webp
20.png,OK,187.4,45.1,75.9,512,512,,D:\female\11\20.webp
20.png,OK,81.8,9.7,88.2,512,512,,D:\female\9\20.webp
200.png,OK,274.0,53.0,80.7,512,512,,D:\female\11\200.webp
200.png,OK,8.3,3.8,54.6,512,512,,D:\female\9\200.webp
200_1.png,OK,296.3,83.5,71.8,512,512,,D:\female\11\200_1.webp
200_2.png,OK,274.5,52.4,80.9,512,512,,D:\female\11\200_2.webp
200_3.png,OK,250.7,41.0,83.7,512,512,,D:\female\11\200_3.webp
200_4.png,OK,261.6,47.8,81.7,512,512,,D:\female\11\200_4.webp
200_5.png,OK,268.9,48.0,82.2,512,512,,D:\female\11\200_5.webp
200_6.png,OK,278.7,66.5,76.1,512,512,,D:\female\11\200_6.webp
200_7.png,OK,251.0,39.6,84.2,512,512,,D:\female\11\200_7.webp
201.png,OK,275.5,53.9,80.4,512,512,,D:\female\11\201.webp
201.png,OK,6.8,2.7,60.1,512,512,,D:\female\9\201.webp
201_1.png,OK,295.7,83.6,71.7,512,512,,D:\female\11\201_1.webp
201_2.png,OK,270.8,50.5,81.4,512,512,,D:\female\11\201_2.webp
201_3.png,OK,250.0,40.7,83.7,512,512,,D:\female\11\201_3.webp
201_4.png,OK,260.2,46.9,82.0,512,512,,D:\female\11\201_4.webp
201_5.png,OK,267.4,47.4,82.3,512,512,,D:\female\11\201_5.webp
201_6.png,OK,274.2,65.4,76.2,512,512,,D:\female\11\201_6.webp
201_7.png,OK,243.3,37.3,84.7,512,512,,D:\female\11\201_7.webp
202.png,OK,251.2,45.6,81.8,512,512,,D:\female\11\202.webp
202.png,OK,12.4,4.8,61.4,512,512,,D:\female\9\202.webp
202_1.png,OK,230.4,46.4,79.9,512,512,,D:\female\11\202_1.webp
202_1.png,OK,12.6,4.9,61.0,512,512,,D:\female\9\202_1.webp
202_10.png,OK,269.2,47.3,82.4,512,512,,D:\female\11\202_10.webp
202_11.png,OK,253.4,32.8,87.1,512,512,,D:\female\11\202_11.webp
202_12.png,OK,255.0,67.2,73.7,512,512,,D:\female\11\202_12.webp
202_13.png,OK,280.8,61.6,78.1,512,512,,D:\female\11\202_13.webp
202_14.png,OK,253.9,38.1,85.0,512,512,,D:\female\11\202_14.webp
202_15.png,OK,309.3,85.0,72.5,512,512,,D:\female\11\202_15.webp
202_16.png,OK,210.4,24.8,88.2,512,512,,D:\female\11\202_16.webp
202_17.png,OK,312.4,71.1,77.2,512,512,,D:\female\11\202_17.webp
202_18.png,OK,241.8,36.6,84.8,512,512,,D:\female\11\202_18.webp
202_19.png,OK,229.4,41.3,82.0,512,512,,D:\female\11\202_19.webp
202_2.png,OK,223.6,32.0,85.7,512,512,,D:\female\11\202_2.webp
202_2.png,OK,12.4,4.8,61.1,512,512,,D:\female\9\202_2.webp
202_20.png,OK,224.6,44.7,80.1,512,512,,D:\female\11\202_20.webp
202_21.png,OK,281.1,75.7,73.1,512,512,,D:\female\11\202_21.webp
202_22.png,OK,251.1,35.0,86.1,512,512,,D:\female\11\202_22.webp
202_23.png,OK,218.8,29.7,86.4,512,512,,D:\female\11\202_23.webp
202_24.png,OK,184.9,20.2,89.1,512,512,,D:\female\11\202_24.webp
202_25.png,OK,215.0,25.5,88.2,512,512,,D:\female\11\202_25.webp
202_3.png,OK,223.4,30.4,86.4,512,512,,D:\female\11\202_3.webp
202_3.png,OK,12.8,5.2,59.0,512,512,,D:\female\9\202_3.webp
202_4.png,OK,221.2,44.4,79.9,512,512,,D:\female\11\202_4.webp
202_5.png,OK,212.8,27.1,87.3,512,512,,D:\female\11\202_5.webp
202_6.png,OK,291.5,44.6,84.7,512,512,,D:\female\11\202_6.webp
202_7.png,OK,298.6,58.5,80.4,512,512,,D:\female\11\202_7.webp
202_8.png,OK,315.7,100.5,68.2,512,512,,D:\female\11\202_8.webp
202_9.png,OK,322.0,89.4,72.2,512,512,,D:\female\11\202_9.webp
203.png,OK,175.8,39.3,77.7,512,512,,D:\female\11\203.webp
203.png,OK,5.7,3.2,43.9,512,512,,D:\female\9\203.webp
203_1.png,OK,188.4,44.4,76.4,512,512,,D:\female\11\203_1.webp
203_2.png,OK,194.9,51.0,73.8,512,512,,D:\female\11\203_2.webp
204.png,OK,133.2,13.5,89.9,512,512,,D:\female\11\204.webp
204.png,OK,4.9,2.3,53.6,512,512,,D:\female\9\204.webp
204_1.png,OK,140.1,14.8,89.5,512,512,,D:\female\11\204_1.webp
204_1.png,OK,4.7,2.3,52.0,512,512,,D:\female\9\204_1.webp
204_2.png,OK,146.4,21.1,85.6,512,512,,D:\female\11\204_2.webp
204_3.png,OK,150.7,19.4,87.1,512,512,,D:\female\11\204_3.webp
204_4.png,OK,141.5,14.9,89.5,512,512,,D:\female\11\204_4.webp
205.png,OK,243.8,44.3,81.8,512,512,,D:\female\11\205.webp
205.png,OK,35.8,11.5,67.8,512,512,,D:\female\9\205.webp
205_1.png,OK,216.1,43.2,80.0,512,512,,D:\female\11\205_1.webp
205_1.png,OK,41.0,10.7,74.0,512,512,,D:\female\9\205_1.webp
205_10.png,OK,258.3,44.0,83.0,512,512,,D:\female\11\205_10.webp
205_11.png,OK,243.8,30.8,87.4,512,512,,D:\female\11\205_11.webp
205_12.png,OK,238.5,61.8,74.1,512,512,,D:\female\11\205_12.webp
205_13.png,OK,268.4,57.8,78.5,512,512,,D:\female\11\205_13.webp
205_14.png,OK,240.5,34.1,85.8,512,512,,D:\female\11\205_14.webp
205_15.png,OK,296.2,79.9,73.0,512,512,,D:\female\11\205_15.webp
205_16.png,OK,198.9,23.5,88.2,512,512,,D:\female\11\205_16.webp
205_17.png,OK,300.5,67.3,77.6,512,512,,D:\female\11\205_17.webp
205_18.png,OK,235.0,35.4,84.9,512,512,,D:\female\11\205_18.webp
205_19.png,OK,222.5,40.4,81.8,512,512,,D:\female\11\205_19.webp
205_2.png,OK,201.1,27.9,86.1,512,512,,D:\female\11\205_2.webp
205_2.png,OK,41.8,11.0,73.6,512,512,,D:\female\9\205_2.webp
205_20.png,OK,206.4,40.3,80.5,512,512,,D:\female\11\205_20.webp
205_21.png,OK,267.3,70.8,73.5,512,512,,D:\female\11\205_21.webp
205_22.png,OK,244.8,33.7,86.2,512,512,,D:\female\11\205_22.webp
205_23.png,OK,207.1,27.6,86.7,512,512,,D:\female\11\205_23.webp
205_24.png,OK,170.6,18.7,89.0,512,512,,D:\female\11\205_24.webp
205_25.png,OK,206.6,24.5,88.1,512,512,,D:\female\11\205_25.webp
205_3.png,OK,210.5,28.8,86.3,512,512,,D:\female\11\205_3.webp
205_3.png,OK,41.7,11.2,73.1,512,512,,D:\female\9\205_3.webp
205_4.png,OK,211.3,43.2,79.5,512,512,,D:\female\11\205_4.webp
205_4.png,OK,44.3,14.4,67.5,512,512,,D:\female\9\205_4.webp
205_5.png,OK,194.5,24.7,87.3,512,512,,D:\female\11\205_5.webp
205_5.png,OK,40.8,11.4,72.0,512,512,,D:\female\9\205_5.webp
205_6.png,OK,280.5,42.0,85.0,512,512,,D:\female\11\205_6.webp
205_6.png,OK,41.4,11.2,73.0,512,512,,D:\female\9\205_6.webp
205_7.png,OK,290.3,54.9,81.1,512,512,,D:\female\11\205_7.webp
205_7.png,OK,44.0,14.3,67.5,512,512,,D:\female\9\205_7.webp
205_8.png,OK,303.6,94.6,68.8,512,512,,D:\female\11\205_8.webp
205_9.png,OK,310.7,84.5,72.8,512,512,,D:\female\11\205_9.webp
206.png,OK,231.9,21.0,91.0,512,512,,D:\female\11\206.webp
206.png,OK,2.8,1.2,56.9,512,512,,D:\female\9\206.webp
206_1.png,OK,267.6,31.0,88.4,512,512,,D:\female\11\206_1.webp
206_10.png,OK,266.9,41.6,84.4,512,512,,D:\female\11\206_10.webp
206_11.png,OK,250.3,28.5,88.6,512,512,,D:\female\11\206_11.webp
206_12.png,OK,275.7,34.6,87.4,512,512,,D:\female\11\206_12.webp
206_2.png,OK,276.4,39.5,85.7,512,512,,D:\female\11\206_2.webp
206_3.png,OK,273.1,33.3,87.8,512,512,,D:\female\11\206_3.webp
206_4.png,OK,258.2,28.0,89.2,512,512,,D:\female\11\206_4.webp
206_5.png,OK,294.2,73.1,75.2,512,512,,D:\female\11\206_5.webp
206_6.png,OK,283.3,65.5,76.9,512,512,,D:\female\11\206_6.webp
206_7.png,OK,281.6,56.0,80.1,512,512,,D:\female\11\206_7.webp
206_8.png,OK,275.4,34.6,87.5,512,512,,D:\female\11\206_8.webp
206_9.png,OK,267.2,32.6,87.8,512,512,,D:\female\11\206_9.webp
207.png,OK,133.6,11.7,91.3,512,512,,D:\female\11\207.webp
207.png,OK,8.7,3.8,56.5,512,512,,D:\female\9\207.webp
207_1.png,OK,137.3,12.8,90.7,512,512,,D:\female\11\207_1.webp
207_1.png,OK,8.0,3.1,61.0,512,512,,D:\female\9\207_1.webp
207_2.png,OK,146.1,19.3,86.8,512,512,,D:\female\11\207_2.webp
207_3.png,OK,150.9,17.2,88.6,512,512,,D:\female\11\207_3.webp
207_4.png,OK,141.5,13.3,90.6,512,512,,D:\female\11\207_4.webp
208.png,OK,122.9,18.1,85.3,512,512,,D:\female\11\208.webp
208.png,OK,41.8,12.1,71.0,512,512,,D:\female\9\208.webp
208_1.png,OK,140.0,29.0,79.3,512,512,,D:\female\11\208_1.webp
208_1.png,OK,45.5,13.3,70.8,512,512,,D:\female\9\208_1.webp
208_10.png,OK,116.4,21.7,81.4,512,512,,D:\female\11\208_10.webp
208_11.png,OK,116.2,21.8,81.2,512,512,,D:\female\11\208_11.webp
208_12.png,OK,121.1,23.0,81.0,512,512,,D:\female\11\208_12.webp
208_13.png,OK,127.2,24.9,80.4,512,512,,D:\female\11\208_13.webp
208_14.png,OK,142.9,37.7,73.6,512,512,,D:\female\11\208_14.webp
208_15.png,OK,138.3,25.2,81.8,512,512,,D:\female\11\208_15.webp
208_16.png,OK,82.7,15.6,81.1,512,512,,D:\female\11\208_16.webp
208_2.png,OK,130.0,24.4,81.2,512,512,,D:\female\11\208_2.webp
208_3.png,OK,126.0,24.2,80.8,512,512,,D:\female\11\208_3.webp
208_4.png,OK,112.4,14.3,87.2,512,512,,D:\female\11\208_4.webp
208_5.png,OK,107.9,13.4,87.6,512,512,,D:\female\11\208_5.webp
208_6.png,OK,123.6,27.2,78.0,512,512,,D:\female\11\208_6.webp
208_7.png,OK,107.6,17.2,84.0,512,512,,D:\female\11\208_7.webp
208_8.png,OK,104.8,16.3,84.5,512,512,,D:\female\11\208_8.webp
208_9.png,OK,126.4,31.8,74.8,512,512,,D:\female\11\208_9.webp
209.png,OK,134.2,19.9,85.2,512,512,,D:\female\11\209.webp
209.png,OK,3.4,1.4,59.6,512,512,,D:\female\9\209.webp
209_1.png,OK,152.8,31.1,79.6,512,512,,D:\female\11\209_1.webp
209_1.png,OK,3.3,1.4,57.9,512,512,,D:\female\9\209_1.webp
209_10.png,OK,125.9,22.7,82.0,512,512,,D:\female\11\209_10.webp
209_11.png,OK,127.8,23.6,81.6,512,512,,D:\female\11\209_11.webp
209_12.png,OK,133.3,24.8,81.4,512,512,,D:\female\11\209_12.webp
209_13.png,OK,139.0,27.6,80.1,512,512,,D:\female\11\209_13.webp
209_14.png,OK,157.4,41.2,73.8,512,512,,D:\female\11\209_14.webp
209_15.png,OK,151.8,27.3,82.0,512,512,,D:\female\11\209_15.webp
209_16.png,OK,88.8,16.5,81.4,512,512,,D:\female\11\209_16.webp
209_2.png,OK,142.2,26.2,81.6,512,512,,D:\female\11\209_2.webp
209_3.png,OK,139.0,26.2,81.2,512,512,,D:\female\11\209_3.webp
209_4.png,OK,122.5,15.1,87.7,512,512,,D:\female\11\209_4.webp
209_5.png,OK,117.7,14.2,88.0,512,512,,D:\female\11\209_5.webp
209_6.png,OK,133.9,28.5,78.7,512,512,,D:\female\11\209_6.webp
209_7.png,OK,118.8,18.5,84.4,512,512,,D:\female\11\209_7.webp
209_8.png,OK,114.7,18.1,84.2,512,512,,D:\female\11\209_8.webp
209_9.png,OK,137.3,33.9,75.3,512,512,,D:\female\11\209_9.webp
20_1.png,OK,173.3,27.7,84.0,512,512,,D:\female\11\20_1.webp
20_1.png,OK,89.3,12.6,85.9,512,512,,D:\female\9\20_1.webp
20_2.png,OK,80.5,17.2,78.7,512,512,,D:\female\9\20_2.webp
20_3.png,OK,99.9,22.3,77.7,512,512,,D:\female\9\20_3.webp
20_4.png,OK,86.1,19.7,77.1,512,512,,D:\female\9\20_4.webp
20_5.png,OK,86.7,10.6,87.7,512,512,,D:\female\9\20_5.webp
20_6.png,OK,83.3,9.2,89.0,512,512,,D:\female\9\20_6.webp
20_7.png,OK,87.3,10.4,88.1,512,512,,D:\female\9\20_7.webp
20_8.png,OK,96.4,13.3,86.2,512,512,,D:\female\9\20_8.webp
20_9.png,OK,73.2,6.6,91.0,512,512,,D:\female\9\20_9.webp
21.png,OK,179.0,46.7,73.9,512,512,,D:\female\11\21.webp
21.png,OK,79.5,9.3,88.3,512,512,,D:\female\9\21.webp
210.png,OK,179.9,34.4,80.9,512,512,,D:\female\11\210.webp
210.png,OK,6.8,2.5,63.5,512,512,,D:\female\9\210.webp
210_1.png,OK,179.2,39.2,78.1,512,512,,D:\female\11\210_1.webp
210_10.png,OK,165.7,25.8,84.5,512,512,,D:\female\11\210_10.webp
210_11.png,OK,149.2,17.1,88.6,512,512,,D:\female\11\210_11.webp
210_12.png,OK,182.3,36.7,79.9,512,512,,D:\female\11\210_12.webp
210_13.png,OK,146.6,15.8,89.3,512,512,,D:\female\11\210_13.webp
210_14.png,OK,157.6,22.3,85.8,512,512,,D:\female\11\210_14.webp
210_15.png,OK,159.4,20.2,87.3,512,512,,D:\female\11\210_15.webp
210_16.png,OK,162.5,20.8,87.2,512,512,,D:\female\11\210_16.webp
210_17.png,OK,156.6,21.7,86.1,512,512,,D:\female\11\210_17.webp
210_18.png,OK,130.7,11.2,91.4,512,512,,D:\female\11\210_18.webp
210_19.png,OK,143.3,15.6,89.1,512,512,,D:\female\11\210_19.webp
210_2.png,OK,177.9,28.8,83.8,512,512,,D:\female\11\210_2.webp
210_20.png,OK,144.5,16.1,88.9,512,512,,D:\female\11\210_20.webp
210_21.png,OK,150.4,19.2,87.2,512,512,,D:\female\11\210_21.webp
210_22.png,OK,144.9,32.2,77.7,512,512,,D:\female\11\210_22.webp
210_23.png,OK,167.4,39.6,76.3,512,512,,D:\female\11\210_23.webp
210_3.png,OK,175.7,27.1,84.6,512,512,,D:\female\11\210_3.webp
210_4.png,OK,155.7,20.9,86.6,512,512,,D:\female\11\210_4.webp
210_5.png,OK,161.2,20.3,87.4,512,512,,D:\female\11\210_5.webp
210_6.png,OK,168.1,23.2,86.2,512,512,,D:\female\11\210_6.webp
210_7.png,OK,194.3,32.1,83.5,512,512,,D:\female\11\210_7.webp
210_8.png,OK,153.9,21.4,86.1,512,512,,D:\female\11\210_8.webp
210_9.png,OK,164.2,22.1,86.5,512,512,,D:\female\11\210_9.webp
211.png,OK,177.0,33.2,81.3,512,512,,D:\female\11\211.webp
211.png,OK,5.8,2.4,59.0,512,512,,D:\female\9\211.webp
211_1.png,OK,176.4,39.6,77.5,512,512,,D:\female\11\211_1.webp
211_1.png,OK,5.7,2.4,57.0,512,512,,D:\female\9\211_1.webp
211_10.png,OK,163.5,26.3,83.9,512,512,,D:\female\11\211_10.webp
211_11.png,OK,149.3,18.8,87.4,512,512,,D:\female\11\211_11.webp
211_12.png,OK,179.9,37.0,79.4,512,512,,D:\female\11\211_12.webp
211_13.png,OK,145.0,16.4,88.7,512,512,,D:\female\11\211_13.webp
211_14.png,OK,156.4,23.4,85.1,512,512,,D:\female\11\211_14.webp
211_15.png,OK,158.5,21.2,86.6,512,512,,D:\female\11\211_15.webp
211_16.png,OK,161.4,22.3,86.2,512,512,,D:\female\11\211_16.webp
211_17.png,OK,155.8,22.8,85.4,512,512,,D:\female\11\211_17.webp
211_18.png,OK,129.6,11.9,90.9,512,512,,D:\female\11\211_18.webp
211_19.png,OK,141.9,16.6,88.3,512,512,,D:\female\11\211_19.webp
211_2.png,OK,175.2,29.3,83.3,512,512,,D:\female\11\211_2.webp
211_2.png,OK,5.8,2.3,59.8,512,512,,D:\female\9\211_2.webp
211_20.png,OK,148.7,18.4,87.6,512,512,,D:\female\11\211_20.webp
211_21.png,OK,154.8,21.6,86.1,512,512,,D:\female\11\211_21.webp
211_22.png,OK,149.0,33.7,77.4,512,512,,D:\female\11\211_22.webp
211_23.png,OK,172.7,43.1,75.1,512,512,,D:\female\11\211_23.webp
211_3.png,OK,173.4,27.7,84.0,512,512,,D:\female\11\211_3.webp
211_4.png,OK,154.1,22.5,85.4,512,512,,D:\female\11\211_4.webp
211_5.png,OK,159.6,21.3,86.7,512,512,,D:\female\11\211_5.webp
211_6.png,OK,166.3,24.0,85.5,512,512,,D:\female\11\211_6.webp
211_7.png,OK,190.3,32.2,83.1,512,512,,D:\female\11\211_7.webp
211_8.png,OK,151.9,21.9,85.6,512,512,,D:\female\11\211_8.webp
211_9.png,OK,163.4,22.9,86.0,512,512,,D:\female\11\211_9.webp
212.png,OK,164.7,28.4,82.8,512,512,,D:\female\11\212.webp
212.png,OK,3.3,1.4,58.8,512,512,,D:\female\9\212.webp
212_1.png,OK,164.5,34.2,79.2,512,512,,D:\female\11\212_1.webp
212_1.png,OK,3.3,1.4,58.5,512,512,,D:\female\9\212_1.webp
212_10.png,OK,153.1,23.9,84.4,512,512,,D:\female\11\212_10.webp
212_11.png,OK,137.3,16.3,88.2,512,512,,D:\female\11\212_11.webp
212_12.png,OK,159.9,30.0,81.2,512,512,,D:\female\11\212_12.webp
212_13.png,OK,132.6,14.8,88.8,512,512,,D:\female\11\212_13.webp
212_14.png,OK,142.8,19.8,86.1,512,512,,D:\female\11\212_14.webp
212_15.png,OK,143.6,18.2,87.3,512,512,,D:\female\11\212_15.webp
212_16.png,OK,145.0,17.8,87.7,512,512,,D:\female\11\212_16.webp
212_17.png,OK,140.0,17.7,87.4,512,512,,D:\female\11\212_17.webp
212_18.png,OK,112.4,10.5,90.7,512,512,,D:\female\11\212_18.webp
212_19.png,OK,133.2,15.0,88.7,512,512,,D:\female\11\212_19.webp
212_2.png,OK,163.5,25.3,84.5,512,512,,D:\female\11\212_2.webp
212_20.png,OK,138.7,17.3,87.5,512,512,,D:\female\11\212_20.webp
212_21.png,OK,147.7,20.2,86.3,512,512,,D:\female\11\212_21.webp
212_22.png,OK,135.8,31.5,76.8,512,512,,D:\female\11\212_22.webp
212_23.png,OK,166.6,42.4,74.5,512,512,,D:\female\11\212_23.webp
212_3.png,OK,162.7,25.2,84.5,512,512,,D:\female\11\212_3.webp
212_4.png,OK,144.3,21.5,85.1,512,512,,D:\female\11\212_4.webp
212_5.png,OK,149.6,21.5,85.6,512,512,,D:\female\11\212_5.webp
212_6.png,OK,153.4,21.6,85.9,512,512,,D:\female\11\212_6.webp
212_7.png,OK,186.2,31.4,83.1,512,512,,D:\female\11\212_7.webp
212_8.png,OK,143.0,20.0,86.0,512,512,,D:\female\11\212_8.webp
212_9.png,OK,146.4,20.6,85.9,512,512,,D:\female\11\212_9.webp
213.png,OK,331.9,58.7,82.3,512,512,,D:\female\11\213.webp
213.png,OK,5.5,2.1,61.6,512,512,,D:\female\9\213.webp
213_1.png,OK,328.9,70.4,78.6,512,512,,D:\female\11\213_1.webp
213_1.png,OK,5.5,2.1,60.9,512,512,,D:\female\9\213_1.webp
213_10.png,OK,283.8,39.4,86.1,512,512,,D:\female\11\213_10.webp
213_11.png,OK,256.5,29.5,88.5,512,512,,D:\female\11\213_11.webp
213_12.png,OK,325.8,63.4,80.5,512,512,,D:\female\11\213_12.webp
213_13.png,OK,253.1,27.8,89.0,512,512,,D:\female\11\213_13.webp
213_14.png,OK,266.4,34.1,87.2,512,512,,D:\female\11\213_14.webp
213_15.png,OK,288.0,64.9,77.5,512,512,,D:\female\11\213_15.webp
213_16.png,OK,277.7,33.8,87.8,512,512,,D:\female\11\213_16.webp
213_17.png,OK,265.9,33.1,87.6,512,512,,D:\female\11\213_17.webp
213_18.png,OK,177.4,16.6,90.7,512,512,,D:\female\11\213_18.webp
213_19.png,OK,240.5,24.5,89.8,512,512,,D:\female\11\213_19.webp
213_2.png,OK,327.4,50.2,84.7,512,512,,D:\female\11\213_2.webp
213_20.png,OK,237.1,26.0,89.0,512,512,,D:\female\11\213_20.webp
213_21.png,OK,257.7,31.7,87.7,512,512,,D:\female\11\213_21.webp
213_22.png,OK,232.9,53.1,77.2,512,512,,D:\female\11\213_22.webp
213_23.png,OK,294.1,68.6,76.7,512,512,,D:\female\11\213_23.webp
213_3.png,OK,323.1,48.8,84.9,512,512,,D:\female\11\213_3.webp
213_4.png,OK,282.7,40.8,85.6,512,512,,D:\female\11\213_4.webp
213_5.png,OK,292.3,39.4,86.5,512,512,,D:\female\11\213_5.webp
213_6.png,OK,313.1,60.8,80.6,512,512,,D:\female\11\213_6.webp
213_7.png,OK,344.2,53.4,84.5,512,512,,D:\female\11\213_7.webp
213_8.png,OK,277.7,38.8,86.0,512,512,,D:\female\11\213_8.webp
213_9.png,OK,296.4,41.8,85.9,512,512,,D:\female\11\213_9.webp
214.png,OK,346.0,61.6,82.2,512,512,,D:\female\11\214.webp
214.png,OK,5.4,2.4,54.9,512,512,,D:\female\9\214.webp
214_1.png,OK,342.8,73.5,78.6,512,512,,D:\female\11\214_1.webp
214_1.png,OK,5.6,2.6,54.3,512,512,,D:\female\9\214_1.webp
214_10.png,OK,297.5,43.7,85.3,512,512,,D:\female\11\214_10.webp
214_11.png,OK,268.8,31.9,88.1,512,512,,D:\female\11\214_11.webp
214_12.png,OK,340.9,67.0,80.3,512,512,,D:\female\11\214_12.webp
214_13.png,OK,265.7,29.6,88.9,512,512,,D:\female\11\214_13.webp
214_14.png,OK,280.5,36.6,86.9,512,512,,D:\female\11\214_14.webp
214_15.png,OK,302.3,68.9,77.2,512,512,,D:\female\11\214_15.webp
214_16.png,OK,292.1,36.6,87.5,512,512,,D:\female\11\214_16.webp
214_17.png,OK,279.7,35.5,87.3,512,512,,D:\female\11\214_17.webp
214_18.png,OK,190.3,18.2,90.4,512,512,,D:\female\11\214_18.webp
214_19.png,OK,254.7,26.9,89.4,512,512,,D:\female\11\214_19.webp
214_2.png,OK,341.0,52.7,84.5,512,512,,D:\female\11\214_2.webp
214_20.png,OK,256.4,29.3,88.6,512,512,,D:\female\11\214_20.webp
214_21.png,OK,268.8,30.8,88.5,512,512,,D:\female\11\214_21.webp
214_22.png,OK,254.1,57.9,77.2,512,512,,D:\female\11\214_22.webp
214_23.png,OK,315.8,75.2,76.2,512,512,,D:\female\11\214_23.webp
214_3.png,OK,337.5,51.6,84.7,512,512,,D:\female\11\214_3.webp
214_4.png,OK,296.2,44.3,85.0,512,512,,D:\female\11\214_4.webp
214_5.png,OK,306.7,44.2,85.6,512,512,,D:\female\11\214_5.webp
214_6.png,OK,327.5,64.5,80.3,512,512,,D:\female\11\214_6.webp
214_7.png,OK,358.5,56.1,84.3,512,512,,D:\female\11\214_7.webp
214_8.png,OK,290.5,40.9,85.9,512,512,,D:\female\11\214_8.webp
214_9.png,OK,310.2,44.8,85.6,512,512,,D:\female\11\214_9.webp
215.png,OK,338.8,60.7,82.1,512,512,,D:\female\11\215.webp
215.png,OK,3.0,1.3,58.1,512,512,,D:\female\9\215.webp
215_1.png,OK,336.2,72.7,78.4,512,512,,D:\female\11\215_1.webp
215_1.png,OK,3.2,1.4,56.2,512,512,,D:\female\9\215_1.webp
215_10.png,OK,292.6,42.8,85.4,512,512,,D:\female\11\215_10.webp
215_11.png,OK,266.1,33.5,87.4,512,512,,D:\female\11\215_11.webp
215_12.png,OK,334.4,66.4,80.1,512,512,,D:\female\11\215_12.webp
215_13.png,OK,262.0,29.8,88.6,512,512,,D:\female\11\215_13.webp
215_14.png,OK,276.2,36.8,86.7,512,512,,D:\female\11\215_14.webp
215_15.png,OK,298.0,68.6,77.0,512,512,,D:\female\11\215_15.webp
215_16.png,OK,287.5,36.5,87.3,512,512,,D:\female\11\215_16.webp
215_17.png,OK,275.9,36.3,86.8,512,512,,D:\female\11\215_17.webp
215_18.png,OK,190.3,19.1,90.0,512,512,,D:\female\11\215_18.webp
215_19.png,OK,252.8,27.8,89.0,512,512,,D:\female\11\215_19.webp
215_2.png,OK,334.6,52.7,84.3,512,512,,D:\female\11\215_2.webp
215_20.png,OK,253.5,28.8,88.6,512,512,,D:\female\11\215_20.webp
215_21.png,OK,265.2,31.8,88.0,512,512,,D:\female\11\215_21.webp
215_22.png,OK,250.4,57.3,77.1,512,512,,D:\female\11\215_22.webp
215_23.png,OK,311.1,75.1,75.9,512,512,,D:\female\11\215_23.webp
215_3.png,OK,331.0,51.4,84.5,512,512,,D:\female\11\215_3.webp
215_4.png,OK,290.9,43.9,84.9,512,512,,D:\female\11\215_4.webp
215_5.png,OK,301.3,44.0,85.4,512,512,,D:\female\11\215_5.webp
215_6.png,OK,321.2,64.2,80.0,512,512,,D:\female\11\215_6.webp
215_7.png,OK,354.9,57.4,83.8,512,512,,D:\female\11\215_7.webp
215_8.png,OK,285.9,41.6,85.5,512,512,,D:\female\11\215_8.webp
215_9.png,OK,304.9,44.6,85.4,512,512,,D:\female\11\215_9.webp
216.png,OK,335.4,56.9,83.0,512,512,,D:\female\11\216.webp
216.png,OK,5.7,2.6,54.4,512,512,,D:\female\9\216.webp
216_1.png,OK,332.4,68.5,79.4,512,512,,D:\female\11\216_1.webp
216_1.png,OK,5.8,2.7,53.1,512,512,,D:\female\9\216_1.webp
216_10.png,OK,295.1,45.9,84.4,512,512,,D:\female\11\216_10.webp
216_11.png,OK,265.0,32.1,87.9,512,512,,D:\female\11\216_11.webp
216_12.png,OK,335.4,64.4,80.8,512,512,,D:\female\11\216_12.webp
216_13.png,OK,256.1,28.4,88.9,512,512,,D:\female\11\216_13.webp
216_14.png,OK,278.6,38.6,86.2,512,512,,D:\female\11\216_14.webp
216_15.png,OK,294.8,65.6,77.8,512,512,,D:\female\11\216_15.webp
216_16.png,OK,286.8,35.5,87.6,512,512,,D:\female\11\216_16.webp
216_17.png,OK,273.0,35.1,87.2,512,512,,D:\female\11\216_17.webp
216_18.png,OK,194.3,18.4,90.5,512,512,,D:\female\11\216_18.webp
216_19.png,OK,253.0,28.1,88.9,512,512,,D:\female\11\216_19.webp
216_2.png,OK,330.9,49.8,85.0,512,512,,D:\female\11\216_2.webp
216_2.png,OK,5.8,2.6,54.6,512,512,,D:\female\9\216_2.webp
216_20.png,OK,252.8,28.1,88.9,512,512,,D:\female\11\216_20.webp
216_21.png,OK,272.3,34.6,87.3,512,512,,D:\female\11\216_21.webp
216_22.png,OK,251.2,56.0,77.7,512,512,,D:\female\11\216_22.webp
216_23.png,OK,311.1,73.0,76.5,512,512,,D:\female\11\216_23.webp
216_3.png,OK,327.6,48.6,85.2,512,512,,D:\female\11\216_3.webp
216_3.png,OK,5.4,2.6,51.6,512,512,,D:\female\9\216_3.webp
216_4.png,OK,289.4,41.5,85.6,512,512,,D:\female\11\216_4.webp
216_5.png,OK,299.6,42.1,85.9,512,512,,D:\female\11\216_5.webp
216_6.png,OK,320.2,61.0,80.9,512,512,,D:\female\11\216_6.webp
216_7.png,OK,354.0,55.7,84.3,512,512,,D:\female\11\216_7.webp
216_8.png,OK,287.1,40.2,86.0,512,512,,D:\female\11\216_8.webp
216_9.png,OK,300.0,41.5,86.2,512,512,,D:\female\11\216_9.webp
217.png,OK,138.0,21.9,84.1,512,512,,D:\female\11\217.webp
217.png,OK,2.6,1.2,53.8,512,512,,D:\female\9\217.webp
217_1.png,OK,138.1,23.7,82.8,512,512,,D:\female\11\217_1.webp
217_1.png,OK,2.6,1.2,53.8,512,512,,D:\female\9\217_1.webp
217_10.png,OK,128.9,18.4,85.7,512,512,,D:\female\11\217_10.webp
217_11.png,OK,124.4,15.4,87.6,512,512,,D:\female\11\217_11.webp
217_12.png,OK,133.3,20.3,84.8,512,512,,D:\female\11\217_12.webp
217_13.png,OK,124.4,15.0,88.0,512,512,,D:\female\11\217_13.webp
217_14.png,OK,126.8,17.2,86.4,512,512,,D:\female\11\217_14.webp
217_15.png,OK,126.6,16.3,87.1,512,512,,D:\female\11\217_15.webp
217_16.png,OK,128.3,16.5,87.1,512,512,,D:\female\11\217_16.webp
217_17.png,OK,125.5,16.2,87.1,512,512,,D:\female\11\217_17.webp
217_18.png,OK,120.0,13.5,88.8,512,512,,D:\female\11\217_18.webp
217_19.png,OK,121.4,14.8,87.8,512,512,,D:\female\11\217_19.webp
217_2.png,OK,137.2,20.1,85.4,512,512,,D:\female\11\217_2.webp
217_20.png,OK,121.4,14.6,88.0,512,512,,D:\female\11\217_20.webp
217_21.png,OK,122.5,15.8,87.1,512,512,,D:\female\11\217_21.webp
217_22.png,OK,122.0,18.9,84.5,512,512,,D:\female\11\217_22.webp
217_23.png,OK,128.4,21.9,82.9,512,512,,D:\female\11\217_23.webp
217_3.png,OK,136.5,19.7,85.6,512,512,,D:\female\11\217_3.webp
217_4.png,OK,128.6,16.8,86.9,512,512,,D:\female\11\217_4.webp
217_5.png,OK,128.1,16.5,87.1,512,512,,D:\female\11\217_5.webp
217_6.png,OK,129.2,17.3,86.6,512,512,,D:\female\11\217_6.webp
217_7.png,OK,136.0,18.9,86.1,512,512,,D:\female\11\217_7.webp
217_8.png,OK,128.4,17.7,86.2,512,512,,D:\female\11\217_8.webp
217_9.png,OK,128.8,16.8,87.0,512,512,,D:\female\11\217_9.webp
218.png,OK,205.9,28.0,86.4,512,512,,D:\female\11\218.webp
218.png,OK,6.6,3.2,51.6,512,512,,D:\female\9\218.webp
218_1.png,OK,207.8,30.5,85.3,512,512,,D:\female\11\218_1.webp
218_1.png,OK,6.3,3.1,50.8,512,512,,D:\female\9\218_1.webp
218_10.png,OK,203.2,27.5,86.5,512,512,,D:\female\11\218_10.webp
218_11.png,OK,196.0,24.9,87.3,512,512,,D:\female\11\218_11.webp
218_12.png,OK,201.1,33.5,83.3,512,512,,D:\female\11\218_12.webp
218_13.png,OK,182.9,22.4,87.8,512,512,,D:\female\11\218_13.webp
218_14.png,OK,200.0,34.3,82.8,512,512,,D:\female\11\218_14.webp
218_15.png,OK,187.6,24.6,86.9,512,512,,D:\female\11\218_15.webp
218_16.png,OK,204.9,26.0,87.3,512,512,,D:\female\11\218_16.webp
218_17.png,OK,193.1,25.7,86.7,512,512,,D:\female\11\218_17.webp
218_18.png,OK,177.4,21.5,87.9,512,512,,D:\female\11\218_18.webp
218_19.png,OK,197.8,25.9,86.9,512,512,,D:\female\11\218_19.webp
218_2.png,OK,207.9,27.7,86.7,512,512,,D:\female\11\218_2.webp
218_2.png,OK,6.5,3.2,50.5,512,512,,D:\female\9\218_2.webp
218_20.png,OK,186.2,23.6,87.3,512,512,,D:\female\11\218_20.webp
218_21.png,OK,197.0,26.8,86.4,512,512,,D:\female\11\218_21.webp
218_22.png,OK,188.8,38.8,79.5,512,512,,D:\female\11\218_22.webp
218_23.png,OK,215.7,45.0,79.1,512,512,,D:\female\11\218_23.webp
218_3.png,OK,207.0,26.1,87.4,512,512,,D:\female\11\218_3.webp
218_4.png,OK,207.1,29.4,85.8,512,512,,D:\female\11\218_4.webp
218_5.png,OK,206.9,28.2,86.4,512,512,,D:\female\11\218_5.webp
218_6.png,OK,188.8,25.1,86.7,512,512,,D:\female\11\218_6.webp
218_7.png,OK,211.5,27.3,87.1,512,512,,D:\female\11\218_7.webp
218_8.png,OK,187.8,24.2,87.1,512,512,,D:\female\11\218_8.webp
218_9.png,OK,204.2,26.2,87.2,512,512,,D:\female\11\218_9.webp
219.png,OK,270.5,54.7,79.8,512,512,,D:\female\11\219.webp
219.png,OK,3.8,1.8,52.4,512,512,,D:\female\9\219.webp
219_1.png,OK,262.3,52.1,80.1,512,512,,D:\female\11\219_1.webp
219_1.png,OK,3.6,1.7,51.9,512,512,,D:\female\9\219_1.webp
219_10.png,OK,246.0,40.4,83.6,512,512,,D:\female\11\219_10.webp
219_11.png,OK,231.8,33.3,85.6,512,512,,D:\female\11\219_11.webp
219_12.png,OK,272.7,52.8,80.6,512,512,,D:\female\11\219_12.webp
219_13.png,OK,225.3,30.5,86.4,512,512,,D:\female\11\219_13.webp
219_14.png,OK,242.6,39.2,83.8,512,512,,D:\female\11\219_14.webp
219_15.png,OK,238.2,37.3,84.3,512,512,,D:\female\11\219_15.webp
219_16.png,OK,246.3,39.3,84.0,512,512,,D:\female\11\219_16.webp
219_17.png,OK,239.9,39.8,83.4,512,512,,D:\female\11\219_17.webp
219_18.png,OK,220.7,28.1,87.3,512,512,,D:\female\11\219_18.webp
219_19.png,OK,231.4,35.8,84.5,512,512,,D:\female\11\219_19.webp
219_2.png,OK,258.0,42.8,83.4,512,512,,D:\female\11\219_2.webp
219_20.png,OK,217.4,28.2,87.0,512,512,,D:\female\11\219_20.webp
219_21.png,OK,226.3,35.0,84.5,512,512,,D:\female\11\219_21.webp
219_22.png,OK,222.7,45.5,79.6,512,512,,D:\female\11\219_22.webp
219_23.png,OK,260.0,60.1,76.9,512,512,,D:\female\11\219_23.webp
219_3.png,OK,268.1,46.7,82.6,512,512,,D:\female\11\219_3.webp
219_4.png,OK,256.8,41.7,83.8,512,512,,D:\female\11\219_4.webp
219_5.png,OK,250.0,39.5,84.2,512,512,,D:\female\11\219_5.webp
219_6.png,OK,243.0,38.0,84.4,512,512,,D:\female\11\219_6.webp
219_7.png,OK,283.6,49.2,82.6,512,512,,D:\female\11\219_7.webp
219_8.png,OK,229.2,32.8,85.7,512,512,,D:\female\11\219_8.webp
219_9.png,OK,253.3,41.2,83.7,512,512,,D:\female\11\219_9.webp
21_1.png,OK,144.9,19.0,86.9,512,512,,D:\female\11\21_1.webp
21_1.png,OK,87.1,12.2,86.0,512,512,,D:\female\9\21_1.webp
21_2.png,OK,189.4,37.2,80.4,512,512,,D:\female\11\21_2.webp
21_2.png,OK,78.3,16.7,78.7,512,512,,D:\female\9\21_2.webp
21_3.png,OK,191.3,49.8,74.0,512,512,,D:\female\11\21_3.webp
21_3.png,OK,97.5,21.5,78.0,512,512,,D:\female\9\21_3.webp
21_4.png,OK,146.1,20.1,86.3,512,512,,D:\female\11\21_4.webp
21_4.png,OK,83.9,19.0,77.4,512,512,,D:\female\9\21_4.webp
21_5.png,OK,167.0,43.6,73.9,512,512,,D:\female\11\21_5.webp
21_5.png,OK,84.4,10.1,88.1,512,512,,D:\female\9\21_5.webp
21_6.png,OK,81.2,8.7,89.3,512,512,,D:\female\9\21_6.webp
21_7.png,OK,85.0,9.9,88.3,512,512,,D:\female\9\21_7.webp
21_8.png,OK,94.2,12.6,86.6,512,512,,D:\female\9\21_8.webp
21_9.png,OK,71.3,6.3,91.1,512,512,,D:\female\9\21_9.webp
22.png,OK,83.8,15.4,81.7,512,512,,D:\female\11\22.webp
22.png,OK,48.0,6.8,85.9,512,512,,D:\female\9\22.webp
220.png,OK,203.4,41.3,79.7,512,512,,D:\female\11\220.webp
220.png,OK,4.7,2.3,51.3,512,512,,D:\female\9\220.webp
220_1.png,OK,197.3,39.9,79.8,512,512,,D:\female\11\220_1.webp
220_1.png,OK,4.8,2.4,50.6,512,512,,D:\female\9\220_1.webp
220_10.png,OK,184.7,29.8,83.9,512,512,,D:\female\11\220_10.webp
220_11.png,OK,174.0,23.8,86.3,512,512,,D:\female\11\220_11.webp
220_12.png,OK,205.8,39.8,80.7,512,512,,D:\female\11\220_12.webp
220_13.png,OK,169.5,22.0,87.0,512,512,,D:\female\11\220_13.webp
220_14.png,OK,182.4,29.2,84.0,512,512,,D:\female\11\220_14.webp
220_15.png,OK,181.1,28.2,84.4,512,512,,D:\female\11\220_15.webp
220_16.png,OK,185.4,29.2,84.2,512,512,,D:\female\11\220_16.webp
220_17.png,OK,180.6,28.7,84.1,512,512,,D:\female\11\220_17.webp
220_18.png,OK,167.3,20.5,87.7,512,512,,D:\female\11\220_18.webp
220_19.png,OK,173.4,25.7,85.2,512,512,,D:\female\11\220_19.webp
220_2.png,OK,194.4,32.9,83.1,512,512,,D:\female\11\220_2.webp
220_2.png,OK,4.7,2.1,55.9,512,512,,D:\female\9\220_2.webp
220_20.png,OK,173.2,22.7,86.9,512,512,,D:\female\11\220_20.webp
220_21.png,OK,172.7,24.4,85.9,512,512,,D:\female\11\220_21.webp
220_22.png,OK,172.5,34.0,80.3,512,512,,D:\female\11\220_22.webp
220_23.png,OK,201.5,50.1,75.1,512,512,,D:\female\11\220_23.webp
220_3.png,OK,202.2,35.8,82.3,512,512,,D:\female\11\220_3.webp
220_3.png,OK,4.7,2.3,50.5,512,512,,D:\female\9\220_3.webp
220_4.png,OK,192.3,31.2,83.8,512,512,,D:\female\11\220_4.webp
220_5.png,OK,189.0,30.1,84.1,512,512,,D:\female\11\220_5.webp
220_6.png,OK,182.3,27.7,84.8,512,512,,D:\female\11\220_6.webp
220_7.png,OK,211.1,37.7,82.2,512,512,,D:\female\11\220_7.webp
220_8.png,OK,173.1,23.7,86.3,512,512,,D:\female\11\220_8.webp
220_9.png,OK,190.3,31.1,83.6,512,512,,D:\female\11\220_9.webp
221.png,OK,119.9,23.2,80.7,512,512,,D:\female\11\221.webp
221.png,OK,6.7,3.3,51.2,512,512,,D:\female\9\221.webp
221_1.png,OK,119.7,28.8,75.9,512,512,,D:\female\11\221_1.webp
221_1.png,OK,6.6,3.3,50.8,512,512,,D:\female\9\221_1.webp
221_10.png,OK,104.6,17.8,83.0,512,512,,D:\female\11\221_10.webp
221_11.png,OK,96.8,12.6,87.0,512,512,,D:\female\11\221_11.webp
221_12.png,OK,115.4,24.0,79.2,512,512,,D:\female\11\221_12.webp
221_13.png,OK,94.2,12.1,87.2,512,512,,D:\female\11\221_13.webp
221_14.png,OK,99.7,14.8,85.1,512,512,,D:\female\11\221_14.webp
221_15.png,OK,103.6,15.3,85.2,512,512,,D:\female\11\221_15.webp
221_16.png,OK,104.2,15.3,85.3,512,512,,D:\female\11\221_16.webp
221_17.png,OK,104.8,24.2,76.9,512,512,,D:\female\11\221_17.webp
221_18.png,OK,82.8,8.4,89.8,512,512,,D:\female\11\221_18.webp
221_19.png,OK,92.8,11.8,87.2,512,512,,D:\female\11\221_19.webp
221_2.png,OK,118.5,20.4,82.8,512,512,,D:\female\11\221_2.webp
221_20.png,OK,95.2,12.6,86.7,512,512,,D:\female\11\221_20.webp
221_21.png,OK,99.6,14.9,85.1,512,512,,D:\female\11\221_21.webp
221_22.png,OK,95.4,22.1,76.9,512,512,,D:\female\11\221_22.webp
221_23.png,OK,112.8,29.3,74.0,512,512,,D:\female\11\221_23.webp
221_3.png,OK,116.9,19.8,83.1,512,512,,D:\female\11\221_3.webp
221_4.png,OK,102.4,14.6,85.8,512,512,,D:\female\11\221_4.webp
221_5.png,OK,103.9,14.9,85.7,512,512,,D:\female\11\221_5.webp
221_6.png,OK,107.9,16.8,84.4,512,512,,D:\female\11\221_6.webp
221_7.png,OK,119.7,20.2,83.1,512,512,,D:\female\11\221_7.webp
221_8.png,OK,100.6,15.7,84.4,512,512,,D:\female\11\221_8.webp
221_9.png,OK,104.2,15.6,85.0,512,512,,D:\female\11\221_9.webp
222.png,OK,162.3,31.6,80.5,512,512,,D:\female\11\222.webp
222.png,OK,3.9,1.7,55.3,512,512,,D:\female\9\222.webp
222_1.png,OK,162.4,38.1,76.6,512,512,,D:\female\11\222_1.webp
222_1.png,OK,3.6,1.7,52.5,512,512,,D:\female\9\222_1.webp
222_10.png,OK,141.3,23.5,83.4,512,512,,D:\female\11\222_10.webp
222_11.png,OK,129.2,17.3,86.6,512,512,,D:\female\11\222_11.webp
222_12.png,OK,155.0,32.0,79.3,512,512,,D:\female\11\222_12.webp
222_13.png,OK,124.5,15.4,87.7,512,512,,D:\female\11\222_13.webp
222_14.png,OK,136.4,21.3,84.4,512,512,,D:\female\11\222_14.webp
222_15.png,OK,137.2,20.5,85.1,512,512,,D:\female\11\222_15.webp
222_16.png,OK,138.3,20.1,85.5,512,512,,D:\female\11\222_16.webp
222_17.png,OK,144.5,34.0,76.5,512,512,,D:\female\11\222_17.webp
222_18.png,OK,110.3,11.4,89.7,512,512,,D:\female\11\222_18.webp
222_19.png,OK,129.3,17.8,86.2,512,512,,D:\female\11\222_19.webp
222_2.png,OK,160.2,28.3,82.3,512,512,,D:\female\11\222_2.webp
222_20.png,OK,121.3,15.1,87.5,512,512,,D:\female\11\222_20.webp
222_21.png,OK,128.6,18.0,86.0,512,512,,D:\female\11\222_21.webp
222_22.png,OK,121.6,28.0,77.0,512,512,,D:\female\11\222_22.webp
222_23.png,OK,145.2,35.2,75.8,512,512,,D:\female\11\222_23.webp
222_3.png,OK,158.5,27.4,82.7,512,512,,D:\female\11\222_3.webp
222_4.png,OK,140.2,21.2,84.9,512,512,,D:\female\11\222_4.webp
222_5.png,OK,141.7,20.7,85.4,512,512,,D:\female\11\222_5.webp
222_6.png,OK,144.8,23.0,84.1,512,512,,D:\female\11\222_6.webp
222_7.png,OK,157.5,26.1,83.4,512,512,,D:\female\11\222_7.webp
222_8.png,OK,136.4,21.8,84.0,512,512,,D:\female\11\222_8.webp
222_9.png,OK,142.7,22.2,84.4,512,512,,D:\female\11\222_9.webp
223.png,OK,79.8,18.0,77.4,512,512,,D:\female\11\223.webp
223.png,OK,9.6,3.8,60.2,512,512,,D:\female\9\223.webp
223_1.png,OK,80.2,21.7,73.0,512,512,,D:\female\11\223_1.webp
223_1.png,OK,9.2,3.6,61.5,512,512,,D:\female\9\223_1.webp
223_10.png,OK,69.1,14.3,79.3,512,512,,D:\female\11\223_10.webp
223_11.png,OK,64.0,11.0,82.8,512,512,,D:\female\11\223_11.webp
223_12.png,OK,76.6,18.7,75.6,512,512,,D:\female\11\223_12.webp
223_13.png,OK,63.7,10.8,83.1,512,512,,D:\female\11\223_13.webp
223_14.png,OK,65.0,12.5,80.7,512,512,,D:\female\11\223_14.webp
223_15.png,OK,68.0,12.7,81.2,512,512,,D:\female\11\223_15.webp
223_16.png,OK,68.9,12.9,81.3,512,512,,D:\female\11\223_16.webp
223_17.png,OK,69.5,19.5,71.9,512,512,,D:\female\11\223_17.webp
223_18.png,OK,56.0,8.1,85.5,512,512,,D:\female\11\223_18.webp
223_19.png,OK,59.2,9.6,83.8,512,512,,D:\female\11\223_19.webp
223_2.png,OK,79.1,16.2,79.5,512,512,,D:\female\11\223_2.webp
223_2.png,OK,9.4,3.7,60.7,512,512,,D:\female\9\223_2.webp
223_20.png,OK,63.0,10.8,82.8,512,512,,D:\female\11\223_20.webp
223_21.png,OK,65.3,12.4,81.1,512,512,,D:\female\11\223_21.webp
223_22.png,OK,63.4,16.8,73.5,512,512,,D:\female\11\223_22.webp
223_23.png,OK,73.3,21.4,70.8,512,512,,D:\female\11\223_23.webp
223_3.png,OK,77.7,15.5,80.1,512,512,,D:\female\11\223_3.webp
223_4.png,OK,66.8,12.3,81.6,512,512,,D:\female\11\223_4.webp
223_5.png,OK,67.1,11.9,82.3,512,512,,D:\female\11\223_5.webp
223_6.png,OK,71.6,14.1,80.4,512,512,,D:\female\11\223_6.webp
223_7.png,OK,75.4,14.7,80.5,512,512,,D:\female\11\223_7.webp
223_8.png,OK,67.4,13.5,79.9,512,512,,D:\female\11\223_8.webp
223_9.png,OK,68.0,12.8,81.2,512,512,,D:\female\11\223_9.webp
224.png,OK,153.1,27.7,81.9,512,512,,D:\female\11\224.webp
224.png,OK,4.4,2.1,51.6,512,512,,D:\female\9\224.webp
224_1.png,OK,153.8,33.7,78.1,512,512,,D:\female\11\224_1.webp
224_1.png,OK,4.4,2.1,52.8,512,512,,D:\female\9\224_1.webp
224_10.png,OK,143.5,23.9,83.4,512,512,,D:\female\11\224_10.webp
224_11.png,OK,128.5,16.3,87.3,512,512,,D:\female\11\224_11.webp
224_12.png,OK,149.9,29.3,80.5,512,512,,D:\female\11\224_12.webp
224_13.png,OK,125.4,15.1,87.9,512,512,,D:\female\11\224_13.webp
224_14.png,OK,133.1,19.1,85.6,512,512,,D:\female\11\224_14.webp
224_15.png,OK,134.9,18.2,86.5,512,512,,D:\female\11\224_15.webp
224_16.png,OK,135.5,17.7,87.0,512,512,,D:\female\11\224_16.webp
224_17.png,OK,131.4,17.7,86.6,512,512,,D:\female\11\224_17.webp
224_18.png,OK,106.2,10.8,89.9,512,512,,D:\female\11\224_18.webp
224_19.png,OK,124.3,14.7,88.2,512,512,,D:\female\11\224_19.webp
224_2.png,OK,152.5,24.9,83.7,512,512,,D:\female\11\224_2.webp
224_2.png,OK,4.5,2.2,51.9,512,512,,D:\female\9\224_2.webp
224_20.png,OK,131.3,17.6,86.6,512,512,,D:\female\11\224_20.webp
224_21.png,OK,138.3,20.6,85.1,512,512,,D:\female\11\224_21.webp
224_22.png,OK,129.3,30.5,76.4,512,512,,D:\female\11\224_22.webp
224_23.png,OK,154.8,39.9,74.2,512,512,,D:\female\11\224_23.webp
224_3.png,OK,151.6,24.5,83.9,512,512,,D:\female\11\224_3.webp
224_4.png,OK,133.5,18.2,86.4,512,512,,D:\female\11\224_4.webp
224_5.png,OK,138.7,19.0,86.3,512,512,,D:\female\11\224_5.webp
224_6.png,OK,144.2,21.2,85.3,512,512,,D:\female\11\224_6.webp
224_7.png,OK,172.1,30.1,82.5,512,512,,D:\female\11\224_7.webp
224_8.png,OK,134.9,20.5,84.8,512,512,,D:\female\11\224_8.webp
224_9.png,OK,136.5,19.6,85.6,512,512,,D:\female\11\224_9.webp
225.png,OK,145.5,24.5,83.2,512,512,,D:\female\11\225.webp
225.png,OK,4.2,1.8,56.4,512,512,,D:\female\9\225.webp
225_1.png,OK,147.3,30.8,79.1,512,512,,D:\female\11\225_1.webp
225_10.png,OK,138.2,22.2,83.9,512,512,,D:\female\11\225_10.webp
225_11.png,OK,128.1,15.4,88.0,512,512,,D:\female\11\225_11.webp
225_12.png,OK,144.1,26.3,81.8,512,512,,D:\female\11\225_12.webp
225_13.png,OK,124.9,15.8,87.4,512,512,,D:\female\11\225_13.webp
225_14.png,OK,130.9,19.8,84.9,512,512,,D:\female\11\225_14.webp
225_15.png,OK,134.9,17.4,87.1,512,512,,D:\female\11\225_15.webp
225_16.png,OK,134.1,17.0,87.3,512,512,,D:\female\11\225_16.webp
225_17.png,OK,130.4,17.3,86.7,512,512,,D:\female\11\225_17.webp
225_18.png,OK,105.0,10.7,89.8,512,512,,D:\female\11\225_18.webp
225_19.png,OK,123.2,13.3,89.2,512,512,,D:\female\11\225_19.webp
225_2.png,OK,146.9,23.2,84.2,512,512,,D:\female\11\225_2.webp
225_20.png,OK,125.5,15.5,87.7,512,512,,D:\female\11\225_20.webp
225_21.png,OK,132.1,17.8,86.5,512,512,,D:\female\11\225_21.webp
225_22.png,OK,126.0,28.4,77.4,512,512,,D:\female\11\225_22.webp
225_23.png,OK,146.1,35.2,75.9,512,512,,D:\female\11\225_23.webp
225_3.png,OK,142.5,20.1,85.9,512,512,,D:\female\11\225_3.webp
225_4.png,OK,126.8,19.5,84.7,512,512,,D:\female\11\225_4.webp
225_5.png,OK,133.6,19.1,85.7,512,512,,D:\female\11\225_5.webp
225_6.png,OK,143.1,20.7,85.6,512,512,,D:\female\11\225_6.webp
225_7.png,OK,167.4,28.2,83.2,512,512,,D:\female\11\225_7.webp
225_8.png,OK,133.5,21.1,84.2,512,512,,D:\female\11\225_8.webp
225_9.png,OK,129.4,16.5,87.3,512,512,,D:\female\11\225_9.webp
226.png,OK,131.9,22.1,83.2,512,512,,D:\female\11\226.webp
226.png,OK,9.3,3.0,67.8,512,512,,D:\female\9\226.webp
226_1.png,OK,133.3,28.4,78.7,512,512,,D:\female\11\226_1.webp
226_1.png,OK,9.7,3.6,63.0,512,512,,D:\female\9\226_1.webp
226_10.png,OK,126.0,20.6,83.6,512,512,,D:\female\11\226_10.webp
226_11.png,OK,116.5,14.4,87.7,512,512,,D:\female\11\226_11.webp
226_12.png,OK,131.5,24.4,81.5,512,512,,D:\female\11\226_12.webp
226_13.png,OK,113.1,14.4,87.2,512,512,,D:\female\11\226_13.webp
226_14.png,OK,119.0,18.3,84.6,512,512,,D:\female\11\226_14.webp
226_15.png,OK,122.7,16.4,86.6,512,512,,D:\female\11\226_15.webp
226_16.png,OK,121.9,15.6,87.2,512,512,,D:\female\11\226_16.webp
226_17.png,OK,118.8,16.1,86.5,512,512,,D:\female\11\226_17.webp
226_18.png,OK,95.0,9.8,89.6,512,512,,D:\female\11\226_18.webp
226_19.png,OK,111.5,12.3,89.0,512,512,,D:\female\11\226_19.webp
226_2.png,OK,133.1,21.5,83.8,512,512,,D:\female\11\226_2.webp
226_2.png,OK,9.1,3.2,64.3,512,512,,D:\female\9\226_2.webp
226_20.png,OK,112.6,14.5,87.1,512,512,,D:\female\11\226_20.webp
226_21.png,OK,118.9,16.8,85.9,512,512,,D:\female\11\226_21.webp
226_22.png,OK,112.3,26.3,76.6,512,512,,D:\female\11\226_22.webp
226_23.png,OK,132.7,33.4,74.9,512,512,,D:\female\11\226_23.webp
226_3.png,OK,128.9,18.7,85.5,512,512,,D:\female\11\226_3.webp
226_3.png,OK,7.2,2.6,64.4,512,512,,D:\female\9\226_3.webp
226_4.png,OK,115.0,17.3,84.9,512,512,,D:\female\11\226_4.webp
226_5.png,OK,121.0,17.4,85.6,512,512,,D:\female\11\226_5.webp
226_6.png,OK,130.1,19.3,85.2,512,512,,D:\female\11\226_6.webp
226_7.png,OK,150.7,25.9,82.8,512,512,,D:\female\11\226_7.webp
226_8.png,OK,121.4,19.5,84.0,512,512,,D:\female\11\226_8.webp
226_9.png,OK,117.2,15.1,87.2,512,512,,D:\female\11\226_9.webp
227.png,OK,228.0,20.0,91.2,512,512,,D:\female\11\227.webp
227.png,OK,3.5,1.6,55.7,512,512,,D:\female\9\227.webp
227_1.png,OK,219.1,19.8,91.0,512,512,,D:\female\11\227_1.webp
227_1.png,OK,3.7,1.7,54.4,512,512,,D:\female\9\227_1.webp
227_10.png,OK,381.0,63.2,83.4,512,512,,D:\female\11\227_10.webp
227_11.png,OK,358.7,62.1,82.7,512,512,,D:\female\11\227_11.webp
227_12.png,OK,275.6,43.3,84.3,512,512,,D:\female\11\227_12.webp
227_13.png,OK,243.3,24.2,90.1,512,512,,D:\female\11\227_13.webp
227_14.png,OK,231.2,22.4,90.3,512,512,,D:\female\11\227_14.webp
227_2.png,OK,251.9,27.4,89.1,512,512,,D:\female\11\227_2.webp
227_3.png,OK,260.8,60.6,76.8,512,512,,D:\female\11\227_3.webp
227_4.png,OK,247.2,26.5,89.3,512,512,,D:\female\11\227_4.webp
227_5.png,OK,250.7,27.7,88.9,512,512,,D:\female\11\227_5.webp
227_6.png,OK,219.1,27.6,87.4,512,512,,D:\female\11\227_6.webp
227_7.png,OK,243.5,27.4,88.7,512,512,,D:\female\11\227_7.webp
227_8.png,OK,334.9,51.8,84.5,512,512,,D:\female\11\227_8.webp
227_9.png,OK,319.7,49.1,84.6,512,512,,D:\female\11\227_9.webp
228.png,OK,240.5,23.0,90.4,512,512,,D:\female\11\228.webp
228.png,OK,4.7,2.0,57.7,512,512,,D:\female\9\228.webp
228_1.png,OK,229.9,22.4,90.3,512,512,,D:\female\11\228_1.webp
228_1.png,OK,4.2,1.8,57.1,512,512,,D:\female\9\228_1.webp
228_10.png,OK,388.2,66.0,83.0,512,512,,D:\female\11\228_10.webp
228_11.png,OK,365.6,64.9,82.3,512,512,,D:\female\11\228_11.webp
228_12.png,OK,283.4,46.7,83.5,512,512,,D:\female\11\228_12.webp
228_13.png,OK,253.9,26.6,89.5,512,512,,D:\female\11\228_13.webp
228_14.png,OK,241.8,24.9,89.7,512,512,,D:\female\11\228_14.webp
228_2.png,OK,262.7,29.7,88.7,512,512,,D:\female\11\228_2.webp
228_3.png,OK,270.7,64.0,76.4,512,512,,D:\female\11\228_3.webp
228_4.png,OK,258.0,29.4,88.6,512,512,,D:\female\11\228_4.webp
228_5.png,OK,261.0,29.8,88.6,512,512,,D:\female\11\228_5.webp
228_6.png,OK,228.0,30.0,86.8,512,512,,D:\female\11\228_6.webp
228_7.png,OK,253.7,30.6,87.9,512,512,,D:\female\11\228_7.webp
228_8.png,OK,342.2,54.3,84.1,512,512,,D:\female\11\228_8.webp
228_9.png,OK,326.9,51.9,84.1,512,512,,D:\female\11\228_9.webp
229.png,OK,227.9,49.7,78.2,512,512,,D:\female\11\229.webp
229.png,OK,12.6,4.2,66.7,512,512,,D:\female\9\229.webp
229_1.png,OK,227.7,52.7,76.9,512,512,,D:\female\11\229_1.webp
229_1.png,OK,12.8,4.5,65.1,512,512,,D:\female\9\229_1.webp
229_10.png,OK,204.5,33.8,83.5,512,512,,D:\female\11\229_10.webp
229_11.png,OK,188.3,23.6,87.5,512,512,,D:\female\11\229_11.webp
229_12.png,OK,232.7,48.7,79.1,512,512,,D:\female\11\229_12.webp
229_13.png,OK,177.2,20.7,88.3,512,512,,D:\female\11\229_13.webp
229_14.png,OK,202.3,30.6,84.9,512,512,,D:\female\11\229_14.webp
229_15.png,OK,201.9,30.0,85.1,512,512,,D:\female\11\229_15.webp
229_16.png,OK,205.8,30.4,85.2,512,512,,D:\female\11\229_16.webp
229_17.png,OK,198.9,32.3,83.7,512,512,,D:\female\11\229_17.webp
229_18.png,OK,168.8,19.1,88.7,512,512,,D:\female\11\229_18.webp
229_19.png,OK,175.5,20.6,88.3,512,512,,D:\female\11\229_19.webp
229_2.png,OK,222.1,38.2,82.8,512,512,,D:\female\11\229_2.webp
229_2.png,OK,10.4,3.3,68.8,512,512,,D:\female\9\229_2.webp
229_20.png,OK,176.2,23.6,86.6,512,512,,D:\female\11\229_20.webp
229_21.png,OK,176.7,25.5,85.5,512,512,,D:\female\11\229_21.webp
229_22.png,OK,201.9,30.4,85.0,512,512,,D:\female\11\229_22.webp
229_23.png,OK,175.6,39.5,77.5,512,512,,D:\female\11\229_23.webp
229_24.png,OK,175.2,19.7,88.8,512,512,,D:\female\11\229_24.webp
229_25.png,OK,196.3,25.9,86.8,512,512,,D:\female\11\229_25.webp
229_3.png,OK,227.2,41.3,81.8,512,512,,D:\female\11\229_3.webp
229_4.png,OK,199.5,30.3,84.8,512,512,,D:\female\11\229_4.webp
229_5.png,OK,210.1,31.0,85.2,512,512,,D:\female\11\229_5.webp
229_6.png,OK,207.6,31.8,84.7,512,512,,D:\female\11\229_6.webp
229_7.png,OK,251.0,45.7,81.8,512,512,,D:\female\11\229_7.webp
229_8.png,OK,189.8,28.3,85.1,512,512,,D:\female\11\229_8.webp
229_9.png,OK,209.9,32.4,84.6,512,512,,D:\female\11\229_9.webp
22_1.png,OK,75.4,20.2,73.2,512,512,,D:\female\11\22_1.webp
22_1.png,OK,51.7,8.5,83.6,512,512,,D:\female\9\22_1.webp
22_2.png,OK,72.7,15.3,78.9,512,512,,D:\female\11\22_2.webp
22_2.png,OK,47.2,11.0,76.7,512,512,,D:\female\9\22_2.webp
22_3.png,OK,78.8,14.3,81.8,512,512,,D:\female\11\22_3.webp
22_3.png,OK,57.4,13.6,76.3,512,512,,D:\female\9\22_3.webp
22_4.png,OK,79.2,14.7,81.4,512,512,,D:\female\11\22_4.webp
22_4.png,OK,50.2,12.4,75.3,512,512,,D:\female\9\22_4.webp
22_5.png,OK,50.4,7.3,85.4,512,512,,D:\female\9\22_5.webp
22_6.png,OK,48.8,6.5,86.7,512,512,,D:\female\9\22_6.webp
22_7.png,OK,50.5,7.1,85.9,512,512,,D:\female\9\22_7.webp
22_8.png,OK,55.3,8.7,84.3,512,512,,D:\female\9\22_8.webp
22_9.png,OK,43.7,5.2,88.2,512,512,,D:\female\9\22_9.webp
23.png,OK,118.4,12.6,89.4,512,512,,D:\female\11\23.webp
23.png,OK,27.3,4.5,83.7,512,512,,D:\female\9\23.webp
230.png,OK,224.4,32.3,85.6,512,512,,D:\female\11\230.webp
230.png,OK,3.1,1.3,57.9,512,512,,D:\female\9\230.webp
230_1.png,OK,228.7,49.3,78.4,512,512,,D:\female\11\230_1.webp
230_1.png,OK,3.2,1.3,57.7,512,512,,D:\female\9\230_1.webp
230_10.png,OK,219.7,30.1,86.3,512,512,,D:\female\11\230_10.webp
230_11.png,OK,216.6,25.2,88.4,512,512,,D:\female\11\230_11.webp
230_12.png,OK,228.7,47.1,79.4,512,512,,D:\female\11\230_12.webp
230_13.png,OK,170.3,19.8,88.4,512,512,,D:\female\11\230_13.webp
230_14.png,OK,218.7,26.9,87.7,512,512,,D:\female\11\230_14.webp
230_15.png,OK,215.5,25.9,88.0,512,512,,D:\female\11\230_15.webp
230_16.png,OK,226.2,28.3,87.5,512,512,,D:\female\11\230_16.webp
230_17.png,OK,212.4,28.4,86.6,512,512,,D:\female\11\230_17.webp
230_18.png,OK,158.4,16.2,89.8,512,512,,D:\female\11\230_18.webp
230_19.png,OK,205.0,22.4,89.1,512,512,,D:\female\11\230_19.webp
230_2.png,OK,224.1,28.9,87.1,512,512,,D:\female\11\230_2.webp
230_20.png,OK,160.9,15.4,90.5,512,512,,D:\female\11\230_20.webp
230_21.png,OK,187.8,23.4,87.6,512,512,,D:\female\11\230_21.webp
230_22.png,OK,210.4,22.5,89.3,512,512,,D:\female\11\230_22.webp
230_23.png,OK,161.7,16.9,89.6,512,512,,D:\female\11\230_23.webp
230_24.png,OK,194.5,39.4,79.7,512,512,,D:\female\11\230_24.webp
230_25.png,OK,191.4,21.4,88.8,512,512,,D:\female\11\230_25.webp
230_3.png,OK,233.2,29.2,87.5,512,512,,D:\female\11\230_3.webp
230_4.png,OK,218.6,25.5,88.4,512,512,,D:\female\11\230_4.webp
230_5.png,OK,221.8,26.0,88.3,512,512,,D:\female\11\230_5.webp
230_6.png,OK,202.1,26.7,86.8,512,512,,D:\female\11\230_6.webp
230_7.png,OK,244.7,29.9,87.8,512,512,,D:\female\11\230_7.webp
230_8.png,OK,214.1,27.1,87.3,512,512,,D:\female\11\230_8.webp
230_9.png,OK,230.9,26.6,88.5,512,512,,D:\female\11\230_9.webp
231.png,OK,319.1,62.2,80.5,512,512,,D:\female\11\231.webp
231.png,OK,6.0,2.7,55.7,512,512,,D:\female\9\231.webp
231_1.png,OK,323.3,78.5,75.7,512,512,,D:\female\11\231_1.webp
231_10.png,OK,282.8,48.0,83.0,512,512,,D:\female\11\231_10.webp
231_11.png,OK,261.6,37.2,85.8,512,512,,D:\female\11\231_11.webp
231_12.png,OK,322.5,68.4,78.8,512,512,,D:\female\11\231_12.webp
231_13.png,OK,253.7,33.8,86.7,512,512,,D:\female\11\231_13.webp
231_14.png,OK,263.9,37.6,85.8,512,512,,D:\female\11\231_14.webp
231_15.png,OK,275.3,40.6,85.3,512,512,,D:\female\11\231_15.webp
231_16.png,OK,286.8,45.3,84.2,512,512,,D:\female\11\231_16.webp
231_17.png,OK,272.5,44.2,83.8,512,512,,D:\female\11\231_17.webp
231_18.png,OK,197.7,20.8,89.5,512,512,,D:\female\11\231_18.webp
231_19.png,OK,238.4,28.5,88.0,512,512,,D:\female\11\231_19.webp
231_2.png,OK,318.0,55.1,82.7,512,512,,D:\female\11\231_2.webp
231_20.png,OK,183.3,16.5,91.0,512,512,,D:\female\11\231_20.webp
231_21.png,OK,237.0,35.8,84.9,512,512,,D:\female\11\231_21.webp
231_22.png,OK,238.3,26.8,88.7,512,512,,D:\female\11\231_22.webp
231_23.png,OK,208.0,21.6,89.6,512,512,,D:\female\11\231_23.webp
231_24.png,OK,215.8,22.2,89.7,512,512,,D:\female\11\231_24.webp
231_25.png,OK,235.5,28.5,87.9,512,512,,D:\female\11\231_25.webp
231_3.png,OK,309.1,52.7,83.0,512,512,,D:\female\11\231_3.webp
231_4.png,OK,262.5,36.5,86.1,512,512,,D:\female\11\231_4.webp
231_5.png,OK,272.3,36.9,86.4,512,512,,D:\female\11\231_5.webp
231_6.png,OK,299.2,50.8,83.0,512,512,,D:\female\11\231_6.webp
231_7.png,OK,309.7,50.5,83.7,512,512,,D:\female\11\231_7.webp
231_8.png,OK,269.0,43.5,83.8,512,512,,D:\female\11\231_8.webp
231_9.png,OK,276.1,38.4,86.1,512,512,,D:\female\11\231_9.webp
232.png,OK,273.2,54.5,80.1,512,512,,D:\female\11\232.webp
232.png,OK,11.7,5.0,57.5,512,512,,D:\female\9\232.webp
232_1.png,OK,276.4,67.7,75.5,512,512,,D:\female\11\232_1.webp
232_1.png,OK,11.6,4.5,61.6,512,512,,D:\female\9\232_1.webp
232_10.png,OK,244.6,42.2,82.8,512,512,,D:\female\11\232_10.webp
232_11.png,OK,223.3,32.1,85.6,512,512,,D:\female\11\232_11.webp
232_12.png,OK,278.4,58.8,78.9,512,512,,D:\female\11\232_12.webp
232_13.png,OK,215.5,28.9,86.6,512,512,,D:\female\11\232_13.webp
232_14.png,OK,227.6,32.4,85.8,512,512,,D:\female\11\232_14.webp
232_15.png,OK,236.3,35.2,85.1,512,512,,D:\female\11\232_15.webp
232_16.png,OK,247.0,39.3,84.1,512,512,,D:\female\11\232_16.webp
232_17.png,OK,236.1,39.7,83.2,512,512,,D:\female\11\232_17.webp
232_18.png,OK,167.5,17.7,89.4,512,512,,D:\female\11\232_18.webp
232_19.png,OK,204.8,24.5,88.0,512,512,,D:\female\11\232_19.webp
232_2.png,OK,271.4,47.9,82.4,512,512,,D:\female\11\232_2.webp
232_2.png,OK,10.6,3.8,64.0,512,512,,D:\female\9\232_2.webp
232_20.png,OK,157.4,14.4,90.8,512,512,,D:\female\11\232_20.webp
232_21.png,OK,202.8,31.8,84.3,512,512,,D:\female\11\232_21.webp
232_22.png,OK,205.3,23.9,88.3,512,512,,D:\female\11\232_22.webp
232_23.png,OK,174.9,18.4,89.5,512,512,,D:\female\11\232_23.webp
232_24.png,OK,183.0,19.3,89.4,512,512,,D:\female\11\232_24.webp
232_25.png,OK,201.6,24.6,87.8,512,512,,D:\female\11\232_25.webp
232_3.png,OK,264.9,44.9,83.1,512,512,,D:\female\11\232_3.webp
232_4.png,OK,227.0,30.3,86.6,512,512,,D:\female\11\232_4.webp
232_5.png,OK,235.7,32.6,86.1,512,512,,D:\female\11\232_5.webp
232_6.png,OK,256.5,42.8,83.3,512,512,,D:\female\11\232_6.webp
232_7.png,OK,265.9,42.9,83.9,512,512,,D:\female\11\232_7.webp
232_8.png,OK,229.1,37.3,83.7,512,512,,D:\female\11\232_8.webp
232_9.png,OK,238.1,33.9,85.8,512,512,,D:\female\11\232_9.webp
233.png,OK,123.6,12.7,89.8,512,512,,D:\female\11\233.webp
233.png,OK,2.6,1.2,54.0,512,512,,D:\female\9\233.webp
233_1.png,OK,163.6,28.4,82.6,512,512,,D:\female\11\233_1.webp
233_1.png,OK,2.6,1.2,52.9,512,512,,D:\female\9\233_1.webp
233_10.png,OK,165.4,25.8,84.4,512,512,,D:\female\11\233_10.webp
233_11.png,OK,162.7,23.2,85.8,512,512,,D:\female\11\233_11.webp
233_12.png,OK,162.4,24.5,84.9,512,512,,D:\female\11\233_12.webp
233_13.png,OK,165.4,26.3,84.1,512,512,,D:\female\11\233_13.webp
233_14.png,OK,163.4,39.9,75.6,512,512,,D:\female\11\233_14.webp
233_15.png,OK,185.3,49.1,73.5,512,512,,D:\female\11\233_15.webp
233_2.png,OK,162.3,22.1,86.4,512,512,,D:\female\11\233_2.webp
233_2.png,OK,2.3,1.0,55.1,512,512,,D:\female\9\233_2.webp
233_3.png,OK,160.9,38.8,75.9,512,512,,D:\female\11\233_3.webp
233_3.png,OK,2.5,1.1,55.0,512,512,,D:\female\9\233_3.webp
233_4.png,OK,152.4,24.1,84.2,512,512,,D:\female\11\233_4.webp
233_4.png,OK,2.5,1.1,55.0,512,512,,D:\female\9\233_4.webp
233_5.png,OK,155.8,24.4,84.3,512,512,,D:\female\11\233_5.webp
233_5.png,OK,2.5,1.2,54.0,512,512,,D:\female\9\233_5.webp
233_6.png,OK,160.2,23.5,85.3,512,512,,D:\female\11\233_6.webp
233_6.png,OK,2.6,1.2,55.0,512,512,,D:\female\9\233_6.webp
233_7.png,OK,147.5,19.2,87.0,512,512,,D:\female\11\233_7.webp
233_7.png,OK,2.6,1.2,55.0,512,512,,D:\female\9\233_7.webp
233_8.png,OK,161.3,23.7,85.3,512,512,,D:\female\11\233_8.webp
233_8.png,OK,2.8,1.3,53.3,512,512,,D:\female\9\233_8.webp
233_9.png,OK,155.0,22.5,85.5,512,512,,D:\female\11\233_9.webp
234.png,OK,177.7,20.3,88.6,512,512,,D:\female\11\234.webp
234.png,OK,2.9,1.3,55.5,512,512,,D:\female\9\234.webp
234_1.png,OK,229.7,39.9,82.6,512,512,,D:\female\11\234_1.webp
234_1.png,OK,2.4,1.1,56.7,512,512,,D:\female\9\234_1.webp
234_10.png,OK,232.4,34.5,85.1,512,512,,D:\female\11\234_10.webp
234_11.png,OK,228.5,31.1,86.4,512,512,,D:\female\11\234_11.webp
234_12.png,OK,224.1,31.5,85.9,512,512,,D:\female\11\234_12.webp
234_13.png,OK,230.9,35.2,84.8,512,512,,D:\female\11\234_13.webp
234_14.png,OK,228.2,54.9,76.0,512,512,,D:\female\11\234_14.webp
234_15.png,OK,260.1,64.8,75.1,512,512,,D:\female\11\234_15.webp
234_2.png,OK,230.9,31.3,86.4,512,512,,D:\female\11\234_2.webp
234_2.png,OK,2.8,1.2,56.2,512,512,,D:\female\9\234_2.webp
234_3.png,OK,224.8,51.2,77.2,512,512,,D:\female\11\234_3.webp
234_4.png,OK,214.9,33.6,84.4,512,512,,D:\female\11\234_4.webp
234_5.png,OK,220.5,33.6,84.8,512,512,,D:\female\11\234_5.webp
234_6.png,OK,226.5,32.7,85.6,512,512,,D:\female\11\234_6.webp
234_7.png,OK,209.2,26.4,87.4,512,512,,D:\female\11\234_7.webp
234_8.png,OK,228.3,33.3,85.4,512,512,,D:\female\11\234_8.webp
234_9.png,OK,218.8,31.7,85.5,512,512,,D:\female\11\234_9.webp
235.png,OK,170.6,24.2,85.8,512,512,,D:\female\11\235.webp
235.png,OK,15.5,6.5,58.1,512,512,,D:\female\9\235.webp
235_1.png,OK,181.9,36.4,80.0,512,512,,D:\female\11\235_1.webp
235_1.png,OK,15.0,6.1,59.1,512,512,,D:\female\9\235_1.webp
235_2.png,OK,14.8,5.8,60.4,512,512,,D:\female\9\235_2.webp
236.png,OK,94.5,14.4,84.7,512,512,,D:\female\11\236.webp
236.png,OK,4.9,2.2,54.8,512,512,,D:\female\9\236.webp
236_1.png,OK,4.8,2.4,51.3,512,512,,D:\female\9\236_1.webp
236_2.png,OK,5.1,2.4,53.0,512,512,,D:\female\9\236_2.webp
236_3.png,OK,5.0,2.4,52.6,512,512,,D:\female\9\236_3.webp
236_4.png,OK,5.0,2.4,51.3,512,512,,D:\female\9\236_4.webp
237.png,OK,170.3,18.5,89.2,512,512,,D:\female\11\237.webp
237.png,OK,4.7,2.1,54.7,512,512,,D:\female\9\237.webp
237_1.png,OK,202.4,30.5,84.9,512,512,,D:\female\11\237_1.webp
237_1.png,OK,4.3,1.9,56.4,512,512,,D:\female\9\237_1.webp
237_10.png,OK,231.0,50.1,78.3,512,512,,D:\female\11\237_10.webp
237_11.png,OK,212.1,34.0,84.0,512,512,,D:\female\11\237_11.webp
237_12.png,OK,223.5,40.9,81.7,512,512,,D:\female\11\237_12.webp
237_13.png,OK,241.3,61.7,74.4,512,512,,D:\female\11\237_13.webp
237_2.png,OK,207.5,34.8,83.3,512,512,,D:\female\11\237_2.webp
237_3.png,OK,199.0,42.4,78.7,512,512,,D:\female\11\237_3.webp
237_4.png,OK,177.4,26.2,85.2,512,512,,D:\female\11\237_4.webp
237_5.png,OK,216.2,51.5,76.2,512,512,,D:\female\11\237_5.webp
237_6.png,OK,186.3,25.6,86.3,512,512,,D:\female\11\237_6.webp
237_7.png,OK,204.0,41.4,79.7,512,512,,D:\female\11\237_7.webp
237_8.png,OK,163.1,30.3,81.4,512,512,,D:\female\11\237_8.webp
237_9.png,OK,174.9,22.4,87.2,512,512,,D:\female\11\237_9.webp
238.png,OK,205.5,26.8,86.9,512,512,,D:\female\11\238.webp
238.png,OK,2.6,1.2,53.8,512,512,,D:\female\9\238.webp
238_1.png,OK,215.8,31.6,85.3,512,512,,D:\female\11\238_1.webp
238_1.png,OK,2.6,1.2,53.8,512,512,,D:\female\9\238_1.webp
238_10.png,OK,214.9,32.6,84.8,512,512,,D:\female\11\238_10.webp
238_11.png,OK,223.4,35.9,83.9,512,512,,D:\female\11\238_11.webp
238_12.png,OK,210.5,31.8,84.9,512,512,,D:\female\11\238_12.webp
238_13.png,OK,224.6,32.1,85.7,512,512,,D:\female\11\238_13.webp
238_14.png,OK,227.1,34.4,84.9,512,512,,D:\female\11\238_14.webp
238_15.png,OK,245.3,36.7,85.0,512,512,,D:\female\11\238_15.webp
238_16.png,OK,259.9,45.3,82.6,512,512,,D:\female\11\238_16.webp
238_17.png,OK,232.4,35.7,84.7,512,512,,D:\female\11\238_17.webp
238_18.png,OK,266.7,54.1,79.7,512,512,,D:\female\11\238_18.webp
238_19.png,OK,215.7,26.5,87.7,512,512,,D:\female\11\238_19.webp
238_2.png,OK,210.5,48.7,76.9,512,512,,D:\female\11\238_2.webp
238_3.png,OK,238.2,55.6,76.7,512,512,,D:\female\11\238_3.webp
238_4.png,OK,203.5,29.3,85.6,512,512,,D:\female\11\238_4.webp
238_5.png,OK,226.5,31.9,85.9,512,512,,D:\female\11\238_5.webp
238_6.png,OK,227.0,30.5,86.6,512,512,,D:\female\11\238_6.webp
238_7.png,OK,217.3,29.5,86.4,512,512,,D:\female\11\238_7.webp
238_8.png,OK,225.5,30.9,86.3,512,512,,D:\female\11\238_8.webp
238_9.png,OK,224.8,49.2,78.1,512,512,,D:\female\11\238_9.webp
239.png,OK,212.1,24.2,88.6,512,512,,D:\female\11\239.webp
239.png,OK,5.5,2.6,53.3,512,512,,D:\female\9\239.webp
239_1.png,OK,211.0,24.6,88.3,512,512,,D:\female\11\239_1.webp
239_1.png,OK,5.5,2.6,52.8,512,512,,D:\female\9\239_1.webp
239_10.png,OK,210.1,47.1,77.6,512,512,,D:\female\11\239_10.webp
239_11.png,OK,236.2,50.4,78.7,512,512,,D:\female\11\239_11.webp
239_2.png,OK,192.2,18.2,90.5,512,512,,D:\female\11\239_2.webp
239_3.png,OK,210.0,22.8,89.1,512,512,,D:\female\11\239_3.webp
239_4.png,OK,222.8,26.2,88.2,512,512,,D:\female\11\239_4.webp
239_5.png,OK,202.2,23.4,88.4,512,512,,D:\female\11\239_5.webp
239_6.png,OK,200.8,21.6,89.2,512,512,,D:\female\11\239_6.webp
239_7.png,OK,217.1,50.9,76.6,512,512,,D:\female\11\239_7.webp
239_8.png,OK,206.1,23.8,88.4,512,512,,D:\female\11\239_8.webp
239_9.png,OK,217.4,28.7,86.8,512,512,,D:\female\11\239_9.webp
23_1.png,OK,103.1,9.4,90.9,512,512,,D:\female\11\23_1.webp
23_1.png,OK,29.5,5.4,81.7,512,512,,D:\female\9\23_1.webp
23_2.png,OK,127.9,30.5,76.1,512,512,,D:\female\11\23_2.webp
23_2.png,OK,27.2,6.7,75.5,512,512,,D:\female\9\23_2.webp
23_3.png,OK,32.7,8.3,74.8,512,512,,D:\female\9\23_3.webp
23_4.png,OK,28.8,7.4,74.3,512,512,,D:\female\9\23_4.webp
23_5.png,OK,28.8,4.7,83.6,512,512,,D:\female\9\23_5.webp
23_6.png,OK,27.8,4.3,84.7,512,512,,D:\female\9\23_6.webp
23_7.png,OK,28.9,4.6,83.9,512,512,,D:\female\9\23_7.webp
23_8.png,OK,31.3,5.5,82.3,512,512,,D:\female\9\23_8.webp
23_9.png,OK,25.1,3.6,85.8,512,512,,D:\female\9\23_9.webp
24.png,OK,179.6,23.0,87.2,512,512,,D:\female\11\24.webp
24.png,OK,83.9,10.2,87.9,512,512,,D:\female\9\24.webp
240.png,OK,217.9,26.9,87.6,512,512,,D:\female\11\240.webp
240.png,OK,3.7,1.7,55.4,512,512,,D:\female\9\240.webp
240_1.png,OK,217.9,27.4,87.4,512,512,,D:\female\11\240_1.webp
240_10.png,OK,216.0,49.7,77.0,512,512,,D:\female\11\240_10.webp
240_11.png,OK,244.9,56.2,77.1,512,512,,D:\female\11\240_11.webp
240_2.png,OK,197.5,20.8,89.5,512,512,,D:\female\11\240_2.webp
240_3.png,OK,215.4,25.2,88.3,512,512,,D:\female\11\240_3.webp
240_4.png,OK,230.8,29.6,87.2,512,512,,D:\female\11\240_4.webp
240_5.png,OK,209.0,26.1,87.5,512,512,,D:\female\11\240_5.webp
240_6.png,OK,207.0,24.1,88.4,512,512,,D:\female\11\240_6.webp
240_7.png,OK,222.3,52.9,76.2,512,512,,D:\female\11\240_7.webp
240_8.png,OK,211.0,26.6,87.4,512,512,,D:\female\11\240_8.webp
240_9.png,OK,223.4,31.8,85.8,512,512,,D:\female\11\240_9.webp
241.png,OK,216.2,36.3,83.2,512,512,,D:\female\11\241.webp
241.png,OK,5.5,2.4,56.8,512,512,,D:\female\9\241.webp
241_1.png,OK,5.4,2.3,56.3,512,512,,D:\female\9\241_1.webp
242.png,OK,276.1,37.5,86.4,512,512,,D:\female\11\242.webp
242.png,OK,4.5,2.0,54.3,512,512,,D:\female\9\242.webp
242_1.png,OK,273.6,36.6,86.6,512,512,,D:\female\11\242_1.webp
242_1.png,OK,4.0,1.8,55.0,512,512,,D:\female\9\242_1.webp
242_2.png,OK,274.6,36.2,86.8,512,512,,D:\female\11\242_2.webp
242_3.png,OK,274.5,41.2,85.0,512,512,,D:\female\11\242_3.webp
242_4.png,OK,268.9,37.6,86.0,512,512,,D:\female\11\242_4.webp
242_5.png,OK,273.3,37.3,86.4,512,512,,D:\female\11\242_5.webp
242_6.png,OK,276.5,36.8,86.7,512,512,,D:\female\11\242_6.webp
242_7.png,OK,289.1,44.3,84.7,512,512,,D:\female\11\242_7.webp
242_8.png,OK,300.2,53.4,82.2,512,512,,D:\female\11\242_8.webp
242_9.png,OK,320.4,55.5,82.7,512,512,,D:\female\11\242_9.webp
243.png,OK,272.9,36.2,86.7,512,512,,D:\female\11\243.webp
243.png,OK,4.5,2.2,51.5,512,512,,D:\female\9\243.webp
243_1.png,OK,272.6,36.8,86.5,512,512,,D:\female\11\243_1.webp
243_2.png,OK,270.6,35.3,87.0,512,512,,D:\female\11\243_2.webp
243_3.png,OK,271.3,40.1,85.2,512,512,,D:\female\11\243_3.webp
243_4.png,OK,262.9,35.2,86.6,512,512,,D:\female\11\243_4.webp
243_5.png,OK,268.6,35.9,86.6,512,512,,D:\female\11\243_5.webp
243_6.png,OK,274.8,36.6,86.7,512,512,,D:\female\11\243_6.webp
243_7.png,OK,288.5,45.5,84.2,512,512,,D:\female\11\243_7.webp
243_8.png,OK,299.4,53.8,82.0,512,512,,D:\female\11\243_8.webp
243_9.png,OK,319.2,55.1,82.7,512,512,,D:\female\11\243_9.webp
244.png,OK,199.9,22.2,88.9,512,512,,D:\female\11\244.webp
244.png,OK,8.1,2.7,66.5,512,512,,D:\female\9\244.webp
244_1.png,OK,211.1,24.5,88.4,512,512,,D:\female\11\244_1.webp
244_1.png,OK,9.4,3.3,65.2,512,512,,D:\female\9\244_1.webp
244_10.png,OK,252.2,53.7,78.7,512,512,,D:\female\11\244_10.webp
244_11.png,OK,263.0,71.1,73.0,512,512,,D:\female\11\244_11.webp
244_12.png,OK,286.0,69.5,75.7,512,512,,D:\female\11\244_12.webp
244_13.png,OK,265.6,48.0,81.9,512,512,,D:\female\11\244_13.webp
244_14.png,OK,302.3,93.6,69.0,512,512,,D:\female\11\244_14.webp
244_15.png,OK,234.0,42.5,81.8,512,512,,D:\female\11\244_15.webp
244_16.png,OK,264.8,65.9,75.1,512,512,,D:\female\11\244_16.webp
244_17.png,OK,267.5,48.2,82.0,512,512,,D:\female\11\244_17.webp
244_18.png,OK,297.0,60.3,79.7,512,512,,D:\female\11\244_18.webp
244_19.png,OK,233.3,39.6,83.0,512,512,,D:\female\11\244_19.webp
244_2.png,OK,217.5,37.7,82.7,512,512,,D:\female\11\244_2.webp
244_2.png,OK,9.2,3.5,61.6,512,512,,D:\female\9\244_2.webp
244_20.png,OK,253.5,39.5,84.4,512,512,,D:\female\11\244_20.webp
244_21.png,OK,232.0,31.2,86.6,512,512,,D:\female\11\244_21.webp
244_22.png,OK,255.2,47.6,81.4,512,512,,D:\female\11\244_22.webp
244_23.png,OK,253.8,48.3,81.0,512,512,,D:\female\11\244_23.webp
244_24.png,OK,234.5,34.2,85.4,512,512,,D:\female\11\244_24.webp
244_25.png,OK,231.7,30.5,86.8,512,512,,D:\female\11\244_25.webp
244_3.png,OK,217.3,28.8,86.7,512,512,,D:\female\11\244_3.webp
244_4.png,OK,213.4,25.1,88.2,512,512,,D:\female\11\244_4.webp
244_5.png,OK,226.3,31.5,86.1,512,512,,D:\female\11\244_5.webp
244_6.png,OK,231.4,35.4,84.7,512,512,,D:\female\11\244_6.webp
244_7.png,OK,288.6,61.9,78.6,512,512,,D:\female\11\244_7.webp
244_8.png,OK,271.6,56.4,79.2,512,512,,D:\female\11\244_8.webp
244_9.png,OK,241.4,34.1,85.9,512,512,,D:\female\11\244_9.webp
245.png,OK,155.6,22.5,85.6,512,512,,D:\female\11\245.webp
245.png,OK,13.6,5.6,58.9,512,512,,D:\female\9\245.webp
245_1.png,OK,152.8,30.4,80.1,512,512,,D:\female\11\245_1.webp
245_1.png,OK,13.8,5.7,58.5,512,512,,D:\female\9\245_1.webp
245_10.png,OK,163.9,40.7,75.1,512,512,,D:\female\11\245_10.webp
245_11.png,OK,142.6,30.1,78.9,512,512,,D:\female\11\245_11.webp
245_2.png,OK,122.3,17.2,85.9,512,512,,D:\female\11\245_2.webp
245_2.png,OK,13.6,5.6,58.4,512,512,,D:\female\9\245_2.webp
245_3.png,OK,152.7,24.4,84.0,512,512,,D:\female\11\245_3.webp
245_3.png,OK,13.8,5.7,58.8,512,512,,D:\female\9\245_3.webp
245_4.png,OK,160.4,20.9,87.0,512,512,,D:\female\11\245_4.webp
245_4.png,OK,14.0,5.8,58.7,512,512,,D:\female\9\245_4.webp
245_5.png,OK,148.0,21.3,85.6,512,512,,D:\female\11\245_5.webp
245_5.png,OK,13.5,5.5,59.0,512,512,,D:\female\9\245_5.webp
245_6.png,OK,161.4,24.5,84.8,512,512,,D:\female\11\245_6.webp
245_6.png,OK,13.3,5.4,59.2,512,512,,D:\female\9\245_6.webp
245_7.png,OK,141.0,21.3,84.9,512,512,,D:\female\11\245_7.webp
245_8.png,OK,90.8,23.2,74.4,512,512,,D:\female\11\245_8.webp
245_9.png,OK,119.8,24.9,79.2,512,512,,D:\female\11\245_9.webp
246.png,OK,133.1,20.5,84.6,512,512,,D:\female\11\246.webp
246.png,OK,4.5,2.0,56.6,512,512,,D:\female\9\246.webp
246_1.png,OK,131.4,25.7,80.4,512,512,,D:\female\11\246_1.webp
246_1.png,OK,4.7,2.2,52.8,512,512,,D:\female\9\246_1.webp
246_10.png,OK,141.4,36.0,74.5,512,512,,D:\female\11\246_10.webp
246_11.png,OK,125.7,28.6,77.2,512,512,,D:\female\11\246_11.webp
246_2.png,OK,106.3,16.0,85.0,512,512,,D:\female\11\246_2.webp
246_3.png,OK,131.2,21.7,83.4,512,512,,D:\female\11\246_3.webp
246_4.png,OK,136.8,19.5,85.8,512,512,,D:\female\11\246_4.webp
246_5.png,OK,128.3,20.1,84.3,512,512,,D:\female\11\246_5.webp
246_6.png,OK,136.3,22.5,83.5,512,512,,D:\female\11\246_6.webp
246_7.png,OK,121.8,19.6,83.9,512,512,,D:\female\11\246_7.webp
246_8.png,OK,84.2,21.8,74.1,512,512,,D:\female\11\246_8.webp
246_9.png,OK,104.9,22.9,78.2,512,512,,D:\female\11\246_9.webp
247.png,OK,89.7,9.4,89.5,512,512,,D:\female\11\247.webp
247.png,OK,4.9,2.3,53.9,512,512,,D:\female\9\247.webp
247_1.png,OK,91.8,9.9,89.2,512,512,,D:\female\11\247_1.webp
247_1.png,OK,5.0,2.3,53.4,512,512,,D:\female\9\247_1.webp
247_10.png,OK,100.2,21.7,78.3,512,512,,D:\female\11\247_10.webp
247_11.png,OK,99.7,23.1,76.8,512,512,,D:\female\11\247_11.webp
247_12.png,OK,92.3,11.6,87.5,512,512,,D:\female\11\247_12.webp
247_13.png,OK,92.7,11.6,87.5,512,512,,D:\female\11\247_13.webp
247_14.png,OK,92.4,11.3,87.8,512,512,,D:\female\11\247_14.webp
247_15.png,OK,92.9,11.2,87.9,512,512,,D:\female\11\247_15.webp
247_16.png,OK,94.0,10.3,89.0,512,512,,D:\female\11\247_16.webp
247_17.png,OK,92.9,10.0,89.2,512,512,,D:\female\11\247_17.webp
247_18.png,OK,93.1,10.5,88.7,512,512,,D:\female\11\247_18.webp
247_19.png,OK,93.8,10.8,88.5,512,512,,D:\female\11\247_19.webp
247_2.png,OK,94.0,11.7,87.5,512,512,,D:\female\11\247_2.webp
247_20.png,OK,93.0,10.4,88.8,512,512,,D:\female\11\247_20.webp
247_21.png,OK,93.3,11.6,87.6,512,512,,D:\female\11\247_21.webp
247_22.png,OK,92.1,9.6,89.6,512,512,,D:\female\11\247_22.webp
247_23.png,OK,92.1,10.6,88.5,512,512,,D:\female\11\247_23.webp
247_24.png,OK,116.6,16.6,85.8,512,512,,D:\female\11\247_24.webp
247_25.png,OK,113.7,19.9,82.5,512,512,,D:\female\11\247_25.webp
247_3.png,OK,93.6,9.7,89.7,512,512,,D:\female\11\247_3.webp
247_4.png,OK,91.7,9.0,90.2,512,512,,D:\female\11\247_4.webp
247_5.png,OK,92.0,11.3,87.7,512,512,,D:\female\11\247_5.webp
247_6.png,OK,91.6,10.5,88.5,512,512,,D:\female\11\247_6.webp
247_7.png,OK,106.5,26.3,75.3,512,512,,D:\female\11\247_7.webp
247_8.png,OK,104.1,24.2,76.7,512,512,,D:\female\11\247_8.webp
247_9.png,OK,95.3,20.6,78.4,512,512,,D:\female\11\247_9.webp
248.png,OK,233.9,36.2,84.5,512,512,,D:\female\11\248.webp
248.png,OK,33.4,12.6,62.3,512,512,,D:\female\9\248.webp
248_1.png,OK,228.2,41.0,82.1,512,512,,D:\female\11\248_1.webp
248_2.png,OK,242.6,40.9,83.1,512,512,,D:\female\11\248_2.webp
248_3.png,OK,221.2,36.0,83.7,512,512,,D:\female\11\248_3.webp
248_4.png,OK,221.0,34.2,84.5,512,512,,D:\female\11\248_4.webp
248_5.png,OK,227.6,45.2,80.1,512,512,,D:\female\11\248_5.webp
249.png,OK,141.5,12.5,91.1,512,512,,D:\female\11\249.webp
249.png,OK,4.6,2.1,53.6,512,512,,D:\female\9\249.webp
249_1.png,OK,151.5,16.6,89.0,512,512,,D:\female\11\249_1.webp
249_1.png,OK,4.8,2.2,53.5,512,512,,D:\female\9\249_1.webp
249_2.png,OK,125.1,13.8,89.0,512,512,,D:\female\11\249_2.webp
249_3.png,OK,151.4,16.6,89.0,512,512,,D:\female\11\249_3.webp
249_4.png,OK,89.5,8.6,90.4,512,512,,D:\female\11\249_4.webp
249_5.png,OK,78.0,12.2,84.4,512,512,,D:\female\11\249_5.webp
24_1.png,OK,140.2,35.5,74.7,512,512,,D:\female\11\24_1.webp
24_1.png,OK,91.3,13.1,85.7,512,512,,D:\female\9\24_1.webp
24_10.png,OK,172.9,25.2,85.4,512,512,,D:\female\11\24_10.webp
24_11.png,OK,168.3,19.9,88.2,512,512,,D:\female\11\24_11.webp
24_2.png,OK,268.1,54.6,79.6,512,512,,D:\female\11\24_2.webp
24_2.png,OK,82.6,17.8,78.4,512,512,,D:\female\9\24_2.webp
24_3.png,OK,167.5,19.0,88.6,512,512,,D:\female\11\24_3.webp
24_3.png,OK,101.8,22.8,77.6,512,512,,D:\female\9\24_3.webp
24_4.png,OK,250.2,63.5,74.6,512,512,,D:\female\11\24_4.webp
24_4.png,OK,88.1,20.3,77.0,512,512,,D:\female\9\24_4.webp
24_5.png,OK,194.6,46.9,75.9,512,512,,D:\female\11\24_5.webp
24_5.png,OK,88.5,10.9,87.7,512,512,,D:\female\9\24_5.webp
24_6.png,OK,245.5,60.0,75.6,512,512,,D:\female\11\24_6.webp
24_6.png,OK,85.4,9.5,88.9,512,512,,D:\female\9\24_6.webp
24_7.png,OK,171.3,22.5,86.9,512,512,,D:\female\11\24_7.webp
24_7.png,OK,89.2,10.8,87.9,512,512,,D:\female\9\24_7.webp
24_8.png,OK,253.6,58.3,77.0,512,512,,D:\female\11\24_8.webp
24_8.png,OK,98.3,13.7,86.0,512,512,,D:\female\9\24_8.webp
24_9.png,OK,210.5,33.5,84.1,512,512,,D:\female\11\24_9.webp
24_9.png,OK,75.2,7.0,90.8,512,512,,D:\female\9\24_9.webp
25.png,OK,181.6,45.9,74.7,512,512,,D:\female\11\25.webp
25.png,OK,77.2,9.4,87.9,512,512,,D:\female\9\25.webp
250.png,OK,119.0,11.2,90.6,512,512,,D:\female\11\250.webp
250.png,OK,8.9,4.2,52.8,512,512,,D:\female\9\250.webp
250_1.png,OK,126.7,14.4,88.6,512,512,,D:\female\11\250_1.webp
250_1.png,OK,8.3,3.3,59.9,512,512,,D:\female\9\250_1.webp
250_2.png,OK,107.8,12.4,88.5,512,512,,D:\female\11\250_2.webp
250_2.png,OK,8.9,4.1,54.4,512,512,,D:\female\9\250_2.webp
250_3.png,OK,127.2,14.7,88.5,512,512,,D:\female\11\250_3.webp
250_3.png,OK,8.8,4.1,53.3,512,512,,D:\female\9\250_3.webp
250_4.png,OK,76.3,7.8,89.8,512,512,,D:\female\11\250_4.webp
250_4.png,OK,8.8,3.9,55.3,512,512,,D:\female\9\250_4.webp
250_5.png,OK,66.3,10.7,83.8,512,512,,D:\female\11\250_5.webp
251.png,OK,165.0,18.0,89.1,512,512,,D:\female\11\251.webp
251.png,OK,3.0,1.3,55.1,512,512,,D:\female\9\251.webp
251_1.png,OK,204.1,26.3,87.1,512,512,,D:\female\11\251_1.webp
251_1.png,OK,3.0,1.3,57.0,512,512,,D:\female\9\251_1.webp
251_10.png,OK,200.7,29.3,85.4,512,512,,D:\female\11\251_10.webp
251_11.png,OK,196.2,31.1,84.1,512,512,,D:\female\11\251_11.webp
251_12.png,OK,192.8,28.7,85.1,512,512,,D:\female\11\251_12.webp
251_13.png,OK,201.0,23.9,88.1,512,512,,D:\female\11\251_13.webp
251_14.png,OK,213.7,30.2,85.9,512,512,,D:\female\11\251_14.webp
251_15.png,OK,197.1,30.4,84.6,512,512,,D:\female\11\251_15.webp
251_16.png,OK,200.8,31.7,84.2,512,512,,D:\female\11\251_16.webp
251_17.png,OK,209.6,27.9,86.7,512,512,,D:\female\11\251_17.webp
251_18.png,OK,201.8,27.2,86.5,512,512,,D:\female\11\251_18.webp
251_19.png,OK,199.6,34.1,82.9,512,512,,D:\female\11\251_19.webp
251_2.png,OK,192.5,25.0,87.0,512,512,,D:\female\11\251_2.webp
251_2.png,OK,3.0,1.3,57.0,512,512,,D:\female\9\251_2.webp
251_20.png,OK,206.6,32.2,84.4,512,512,,D:\female\11\251_20.webp
251_21.png,OK,212.5,36.9,82.6,512,512,,D:\female\11\251_21.webp
251_22.png,OK,171.2,20.9,87.8,512,512,,D:\female\11\251_22.webp
251_23.png,OK,188.5,26.0,86.2,512,512,,D:\female\11\251_23.webp
251_24.png,OK,176.8,38.9,78.0,512,512,,D:\female\11\251_24.webp
251_25.png,OK,209.7,47.5,77.4,512,512,,D:\female\11\251_25.webp
251_3.png,OK,201.6,45.5,77.4,512,512,,D:\female\11\251_3.webp
251_3.png,OK,3.0,1.3,56.1,512,512,,D:\female\9\251_3.webp
251_4.png,OK,190.3,23.6,87.6,512,512,,D:\female\11\251_4.webp
251_4.png,OK,3.3,1.5,55.8,512,512,,D:\female\9\251_4.webp
251_5.png,OK,177.0,22.8,87.1,512,512,,D:\female\11\251_5.webp
251_5.png,OK,3.0,1.4,55.2,512,512,,D:\female\9\251_5.webp
251_6.png,OK,192.8,26.2,86.4,512,512,,D:\female\11\251_6.webp
251_6.png,OK,2.8,1.2,57.3,512,512,,D:\female\9\251_6.webp
251_7.png,OK,200.5,30.7,84.7,512,512,,D:\female\11\251_7.webp
251_7.png,OK,2.8,1.2,57.3,512,512,,D:\female\9\251_7.webp
251_8.png,OK,191.5,24.0,87.5,512,512,,D:\female\11\251_8.webp
251_9.png,OK,235.0,51.0,78.3,512,512,,D:\female\11\251_9.webp
252.png,OK,218.1,28.0,87.1,512,512,,D:\female\11\252.webp
252.png,OK,3.2,1.5,54.5,512,512,,D:\female\9\252.webp
252_1.png,OK,211.6,28.3,86.6,512,512,,D:\female\11\252_1.webp
252_1.png,OK,3.3,1.6,52.2,512,512,,D:\female\9\252_1.webp
252_10.png,OK,272.4,44.3,83.7,512,512,,D:\female\11\252_10.webp
252_11.png,OK,250.2,44.5,82.2,512,512,,D:\female\11\252_11.webp
252_12.png,OK,210.3,29.8,85.8,512,512,,D:\female\11\252_12.webp
252_13.png,OK,214.7,30.2,85.9,512,512,,D:\female\11\252_13.webp
252_14.png,OK,207.3,24.2,88.3,512,512,,D:\female\11\252_14.webp
252_15.png,OK,214.6,30.2,85.9,512,512,,D:\female\11\252_15.webp
252_16.png,OK,215.8,25.7,88.1,512,512,,D:\female\11\252_16.webp
252_17.png,OK,218.2,29.7,86.4,512,512,,D:\female\11\252_17.webp
252_18.png,OK,214.0,32.8,84.7,512,512,,D:\female\11\252_18.webp
252_19.png,OK,207.6,24.6,88.2,512,512,,D:\female\11\252_19.webp
252_2.png,OK,227.2,28.4,87.5,512,512,,D:\female\11\252_2.webp
252_20.png,OK,207.4,25.4,87.8,512,512,,D:\female\11\252_20.webp
252_21.png,OK,223.0,45.6,79.5,512,512,,D:\female\11\252_21.webp
252_22.png,OK,222.9,28.6,87.1,512,512,,D:\female\11\252_22.webp
252_23.png,OK,237.1,35.8,84.9,512,512,,D:\female\11\252_23.webp
252_24.png,OK,254.6,38.6,84.8,512,512,,D:\female\11\252_24.webp
252_25.png,OK,209.8,26.3,87.5,512,512,,D:\female\11\252_25.webp
252_3.png,OK,246.8,38.4,84.4,512,512,,D:\female\11\252_3.webp
252_4.png,OK,226.7,30.2,86.7,512,512,,D:\female\11\252_4.webp
252_5.png,OK,203.0,22.9,88.7,512,512,,D:\female\11\252_5.webp
252_6.png,OK,216.6,26.5,87.8,512,512,,D:\female\11\252_6.webp
252_7.png,OK,231.1,30.6,86.8,512,512,,D:\female\11\252_7.webp
252_8.png,OK,214.1,26.9,87.4,512,512,,D:\female\11\252_8.webp
252_9.png,OK,302.3,84.9,71.9,512,512,,D:\female\11\252_9.webp
253.png,OK,278.7,61.8,77.8,512,512,,D:\female\11\253.webp
253.png,OK,3.7,1.6,56.9,512,512,,D:\female\9\253.webp
253_1.png,OK,280.5,65.2,76.7,512,512,,D:\female\11\253_1.webp
253_1.png,OK,3.8,1.7,54.8,512,512,,D:\female\9\253_1.webp
253_2.png,OK,252.1,52.6,79.1,512,512,,D:\female\11\253_2.webp
253_2.png,OK,4.0,1.8,55.0,512,512,,D:\female\9\253_2.webp
253_3.png,OK,269.6,62.3,76.9,512,512,,D:\female\11\253_3.webp
253_3.png,OK,3.9,1.8,53.0,512,512,,D:\female\9\253_3.webp
253_4.png,OK,197.8,41.2,79.2,512,512,,D:\female\11\253_4.webp
253_4.png,OK,4.0,1.8,56.4,512,512,,D:\female\9\253_4.webp
253_5.png,OK,226.7,42.9,81.1,512,512,,D:\female\11\253_5.webp
253_6.png,OK,256.3,56.2,78.1,512,512,,D:\female\11\253_6.webp
253_7.png,OK,229.3,42.5,81.5,512,512,,D:\female\11\253_7.webp
253_8.png,OK,227.3,40.2,82.3,512,512,,D:\female\11\253_8.webp
253_9.png,OK,222.8,45.9,79.4,512,512,,D:\female\11\253_9.webp
254.png,OK,168.7,41.0,75.7,512,512,,D:\female\11\254.webp
254.png,OK,3.1,1.4,55.2,512,512,,D:\female\9\254.webp
254_1.png,OK,164.4,42.2,74.3,512,512,,D:\female\11\254_1.webp
254_1.png,OK,2.7,1.2,57.0,512,512,,D:\female\9\254_1.webp
254_10.png,OK,125.4,21.5,82.9,512,512,,D:\female\11\254_10.webp
254_11.png,OK,121.0,23.3,80.8,512,512,,D:\female\11\254_11.webp
254_2.png,OK,182.7,44.3,75.8,512,512,,D:\female\11\254_2.webp
254_2.png,OK,2.7,1.2,57.0,512,512,,D:\female\9\254_2.webp
254_3.png,OK,209.7,63.7,69.6,512,512,,D:\female\11\254_3.webp
254_4.png,OK,194.8,48.3,75.2,512,512,,D:\female\11\254_4.webp
254_5.png,OK,122.3,15.9,87.0,512,512,,D:\female\11\254_5.webp
254_6.png,OK,132.8,18.2,86.3,512,512,,D:\female\11\254_6.webp
254_7.png,OK,133.2,20.4,84.7,512,512,,D:\female\11\254_7.webp
254_8.png,OK,120.4,18.0,85.0,512,512,,D:\female\11\254_8.webp
254_9.png,OK,122.8,24.2,80.3,512,512,,D:\female\11\254_9.webp
255.png,OK,142.4,12.6,91.1,512,512,,D:\female\11\255.webp
255.png,OK,5.0,2.3,53.3,512,512,,D:\female\9\255.webp
255_1.png,OK,153.0,16.1,89.5,512,512,,D:\female\11\255_1.webp
255_1.png,OK,5.3,2.4,54.5,512,512,,D:\female\9\255_1.webp
255_10.png,OK,175.0,25.8,85.3,512,512,,D:\female\11\255_10.webp
255_11.png,OK,187.6,28.2,85.0,512,512,,D:\female\11\255_11.webp
255_12.png,OK,221.8,63.7,71.3,512,512,,D:\female\11\255_12.webp
255_13.png,OK,143.9,14.3,90.1,512,512,,D:\female\11\255_13.webp
255_14.png,OK,144.9,13.9,90.4,512,512,,D:\female\11\255_14.webp
255_15.png,OK,143.6,19.2,86.6,512,512,,D:\female\11\255_15.webp
255_16.png,OK,157.5,17.5,88.9,512,512,,D:\female\11\255_16.webp
255_17.png,OK,155.4,17.1,89.0,512,512,,D:\female\11\255_17.webp
255_18.png,OK,154.5,17.2,88.9,512,512,,D:\female\11\255_18.webp
255_19.png,OK,148.4,16.1,89.2,512,512,,D:\female\11\255_19.webp
255_2.png,OK,146.5,16.1,89.0,512,512,,D:\female\11\255_2.webp
255_20.png,OK,150.1,15.2,89.9,512,512,,D:\female\11\255_20.webp
255_21.png,OK,184.4,33.6,81.8,512,512,,D:\female\11\255_21.webp
255_22.png,OK,177.7,26.3,85.2,512,512,,D:\female\11\255_22.webp
255_23.png,OK,155.7,17.2,88.9,512,512,,D:\female\11\255_23.webp
255_24.png,OK,152.5,17.1,88.8,512,512,,D:\female\11\255_24.webp
255_25.png,OK,152.7,17.5,88.5,512,512,,D:\female\11\255_25.webp
255_3.png,OK,154.3,17.4,88.7,512,512,,D:\female\11\255_3.webp
255_4.png,OK,145.8,13.8,90.5,512,512,,D:\female\11\255_4.webp
255_5.png,OK,143.1,14.2,90.1,512,512,,D:\female\11\255_5.webp
255_6.png,OK,142.9,16.8,88.2,512,512,,D:\female\11\255_6.webp
255_7.png,OK,145.6,15.4,89.4,512,512,,D:\female\11\255_7.webp
255_8.png,OK,142.1,13.1,90.8,512,512,,D:\female\11\255_8.webp
255_9.png,OK,194.2,29.5,84.8,512,512,,D:\female\11\255_9.webp
256.png,OK,220.3,23.0,89.6,512,512,,D:\female\11\256.webp
256.png,OK,6.4,2.8,55.5,512,512,,D:\female\9\256.webp
256_1.png,OK,235.6,27.2,88.4,512,512,,D:\female\11\256_1.webp
256_1.png,OK,5.1,2.1,58.8,512,512,,D:\female\9\256_1.webp
256_10.png,OK,321.9,86.2,73.2,512,512,,D:\female\11\256_10.webp
256_11.png,OK,244.7,29.4,88.0,512,512,,D:\female\11\256_11.webp
256_12.png,OK,231.5,30.4,86.9,512,512,,D:\female\11\256_12.webp
256_13.png,OK,231.7,25.3,89.1,512,512,,D:\female\11\256_13.webp
256_14.png,OK,228.3,32.7,85.7,512,512,,D:\female\11\256_14.webp
256_15.png,OK,222.8,29.5,86.8,512,512,,D:\female\11\256_15.webp
256_16.png,OK,219.9,24.7,88.8,512,512,,D:\female\11\256_16.webp
256_17.png,OK,251.3,30.4,87.9,512,512,,D:\female\11\256_17.webp
256_18.png,OK,247.2,29.0,88.3,512,512,,D:\female\11\256_18.webp
256_19.png,OK,219.0,24.3,88.9,512,512,,D:\female\11\256_19.webp
256_2.png,OK,242.5,29.1,88.0,512,512,,D:\female\11\256_2.webp
256_2.png,OK,5.9,2.5,56.7,512,512,,D:\female\9\256_2.webp
256_20.png,OK,283.7,41.2,85.5,512,512,,D:\female\11\256_20.webp
256_21.png,OK,265.7,37.9,85.7,512,512,,D:\female\11\256_21.webp
256_22.png,OK,239.7,26.8,88.8,512,512,,D:\female\11\256_22.webp
256_23.png,OK,291.1,42.0,85.6,512,512,,D:\female\11\256_23.webp
256_24.png,OK,220.3,23.7,89.2,512,512,,D:\female\11\256_24.webp
256_25.png,OK,240.5,28.1,88.3,512,512,,D:\female\11\256_25.webp
256_3.png,OK,278.5,41.3,85.2,512,512,,D:\female\11\256_3.webp
256_3.png,OK,6.1,2.8,54.7,512,512,,D:\female\9\256_3.webp
256_4.png,OK,281.7,45.7,83.8,512,512,,D:\female\11\256_4.webp
256_5.png,OK,240.8,29.3,87.8,512,512,,D:\female\11\256_5.webp
256_6.png,OK,224.6,24.2,89.2,512,512,,D:\female\11\256_6.webp
256_7.png,OK,233.7,31.2,86.6,512,512,,D:\female\11\256_7.webp
256_8.png,OK,236.5,26.8,88.7,512,512,,D:\female\11\256_8.webp
256_9.png,OK,272.5,46.3,83.0,512,512,,D:\female\11\256_9.webp
257.png,OK,179.3,19.9,88.9,512,512,,D:\female\11\257.webp
257.png,OK,3.1,1.4,55.3,512,512,,D:\female\9\257.webp
257_1.png,OK,186.1,19.4,89.6,512,512,,D:\female\11\257_1.webp
257_1.png,OK,3.0,1.3,56.4,512,512,,D:\female\9\257_1.webp
258.png,OK,119.0,13.5,88.6,512,512,,D:\female\11\258.webp
258.png,OK,2.8,1.2,55.3,512,512,,D:\female\9\258.webp
258_1.png,OK,110.8,13.2,88.1,512,512,,D:\female\11\258_1.webp
258_1.png,OK,2.7,1.2,55.9,512,512,,D:\female\9\258_1.webp
259.png,OK,231.5,26.2,88.7,512,512,,D:\female\11\259.webp
259.png,OK,3.4,1.7,52.0,512,512,,D:\female\9\259.webp
259_1.png,OK,219.0,20.2,90.8,512,512,,D:\female\11\259_1.webp
259_1.png,OK,3.2,1.5,51.7,512,512,,D:\female\9\259_1.webp
259_10.png,OK,320.5,84.3,73.7,512,512,,D:\female\11\259_10.webp
259_11.png,OK,299.9,48.0,84.0,512,512,,D:\female\11\259_11.webp
259_12.png,OK,230.3,24.3,89.5,512,512,,D:\female\11\259_12.webp
259_13.png,OK,228.4,28.8,87.4,512,512,,D:\female\11\259_13.webp
259_14.png,OK,230.3,23.3,89.9,512,512,,D:\female\11\259_14.webp
259_15.png,OK,241.0,27.9,88.4,512,512,,D:\female\11\259_15.webp
259_16.png,OK,221.8,24.4,89.0,512,512,,D:\female\11\259_16.webp
259_17.png,OK,219.2,22.3,89.8,512,512,,D:\female\11\259_17.webp
259_18.png,OK,210.8,20.3,90.3,512,512,,D:\female\11\259_18.webp
259_19.png,OK,215.8,20.9,90.3,512,512,,D:\female\11\259_19.webp
259_2.png,OK,246.2,27.9,88.7,512,512,,D:\female\11\259_2.webp
259_20.png,OK,275.8,36.8,86.7,512,512,,D:\female\11\259_20.webp
259_21.png,OK,260.8,33.7,87.1,512,512,,D:\female\11\259_21.webp
259_22.png,OK,253.6,37.0,85.4,512,512,,D:\female\11\259_22.webp
259_23.png,OK,230.2,30.8,86.6,512,512,,D:\female\11\259_23.webp
259_24.png,OK,226.7,27.4,87.9,512,512,,D:\female\11\259_24.webp
259_25.png,OK,207.4,21.4,89.7,512,512,,D:\female\11\259_25.webp
259_3.png,OK,236.3,24.2,89.7,512,512,,D:\female\11\259_3.webp
259_4.png,OK,227.5,22.1,90.3,512,512,,D:\female\11\259_4.webp
259_5.png,OK,239.4,26.6,88.9,512,512,,D:\female\11\259_5.webp
259_6.png,OK,228.4,26.9,88.2,512,512,,D:\female\11\259_6.webp
259_7.png,OK,285.8,42.3,85.2,512,512,,D:\female\11\259_7.webp
259_8.png,OK,272.1,39.1,85.6,512,512,,D:\female\11\259_8.webp
259_9.png,OK,272.2,44.6,83.6,512,512,,D:\female\11\259_9.webp
25_1.png,OK,166.9,33.9,79.7,512,512,,D:\female\11\25_1.webp
25_1.png,OK,84.1,12.1,85.5,512,512,,D:\female\9\25_1.webp
25_10.png,OK,177.8,21.3,88.0,512,512,,D:\female\11\25_10.webp
25_2.png,OK,184.2,23.3,87.3,512,512,,D:\female\11\25_2.webp
25_2.png,OK,75.7,16.3,78.5,512,512,,D:\female\9\25_2.webp
25_3.png,OK,224.3,47.5,78.8,512,512,,D:\female\11\25_3.webp
25_3.png,OK,94.1,20.8,77.9,512,512,,D:\female\9\25_3.webp
25_4.png,OK,187.6,25.7,86.3,512,512,,D:\female\11\25_4.webp
25_4.png,OK,81.3,18.6,77.2,512,512,,D:\female\9\25_4.webp
25_5.png,OK,174.1,34.3,80.3,512,512,,D:\female\11\25_5.webp
25_5.png,OK,81.6,10.2,87.5,512,512,,D:\female\9\25_5.webp
25_6.png,OK,184.8,41.0,77.8,512,512,,D:\female\11\25_6.webp
25_6.png,OK,78.5,8.9,88.6,512,512,,D:\female\9\25_6.webp
25_7.png,OK,179.5,38.9,78.3,512,512,,D:\female\11\25_7.webp
25_7.png,OK,82.1,10.0,87.9,512,512,,D:\female\9\25_7.webp
25_8.png,OK,177.6,25.6,85.6,512,512,,D:\female\11\25_8.webp
25_8.png,OK,90.8,12.7,86.0,512,512,,D:\female\9\25_8.webp
25_9.png,OK,248.6,57.4,76.9,512,512,,D:\female\11\25_9.webp
25_9.png,OK,68.7,6.4,90.7,512,512,,D:\female\9\25_9.webp
26.png,OK,103.6,14.5,86.0,512,512,,D:\female\11\26.webp
26.png,OK,80.6,9.6,88.1,512,512,,D:\female\9\26.webp
260.png,OK,4.7,1.6,66.2,512,512,,D:\female\11\260.webp
260.png,OK,2.7,1.1,58.2,512,512,,D:\female\9\260.webp
261.png,OK,232.2,25.9,88.8,512,512,,D:\female\11\261.webp
261.png,OK,6.8,3.4,50.4,512,512,,D:\female\9\261.webp
261_1.png,OK,219.6,20.4,90.7,512,512,,D:\female\11\261_1.webp
261_1.png,OK,7.0,3.4,51.4,512,512,,D:\female\9\261_1.webp
261_10.png,OK,323.3,86.0,73.4,512,512,,D:\female\11\261_10.webp
261_11.png,OK,302.2,50.7,83.2,512,512,,D:\female\11\261_11.webp
261_12.png,OK,231.0,24.8,89.2,512,512,,D:\female\11\261_12.webp
261_13.png,OK,229.2,28.3,87.7,512,512,,D:\female\11\261_13.webp
261_14.png,OK,231.0,23.6,89.8,512,512,,D:\female\11\261_14.webp
261_15.png,OK,242.1,27.9,88.5,512,512,,D:\female\11\261_15.webp
261_16.png,OK,222.7,24.5,89.0,512,512,,D:\female\11\261_16.webp
261_17.png,OK,220.1,22.7,89.7,512,512,,D:\female\11\261_17.webp
261_18.png,OK,210.9,20.2,90.4,512,512,,D:\female\11\261_18.webp
261_19.png,OK,216.4,21.4,90.1,512,512,,D:\female\11\261_19.webp
261_2.png,OK,246.8,28.0,88.7,512,512,,D:\female\11\261_2.webp
261_20.png,OK,277.3,37.7,86.4,512,512,,D:\female\11\261_20.webp
261_21.png,OK,262.2,34.6,86.8,512,512,,D:\female\11\261_21.webp
261_22.png,OK,253.9,37.0,85.4,512,512,,D:\female\11\261_22.webp
261_23.png,OK,230.6,30.8,86.6,512,512,,D:\female\11\261_23.webp
261_24.png,OK,227.2,27.5,87.9,512,512,,D:\female\11\261_24.webp
261_25.png,OK,207.8,21.7,89.6,512,512,,D:\female\11\261_25.webp
261_3.png,OK,236.6,24.4,89.7,512,512,,D:\female\11\261_3.webp
261_4.png,OK,228.2,22.1,90.3,512,512,,D:\female\11\261_4.webp
261_5.png,OK,240.0,26.1,89.1,512,512,,D:\female\11\261_5.webp
261_6.png,OK,229.2,26.8,88.3,512,512,,D:\female\11\261_6.webp
261_7.png,OK,287.4,43.0,85.0,512,512,,D:\female\11\261_7.webp
261_8.png,OK,273.7,40.0,85.4,512,512,,D:\female\11\261_8.webp
261_9.png,OK,273.6,45.0,83.5,512,512,,D:\female\11\261_9.webp
262.png,OK,152.6,18.3,88.0,512,512,,D:\female\11\262.webp
262.png,OK,6.9,2.8,60.1,512,512,,D:\female\9\262.webp
262_1.png,OK,157.8,19.0,87.9,512,512,,D:\female\11\262_1.webp
262_1.png,OK,7.5,3.2,56.9,512,512,,D:\female\9\262_1.webp
262_10.png,OK,165.5,23.0,86.1,512,512,,D:\female\11\262_10.webp
262_11.png,OK,166.1,21.7,86.9,512,512,,D:\female\11\262_11.webp
262_12.png,OK,183.1,26.5,85.5,512,512,,D:\female\11\262_12.webp
262_13.png,OK,154.3,23.6,84.7,512,512,,D:\female\11\262_13.webp
262_14.png,OK,168.1,24.7,85.3,512,512,,D:\female\11\262_14.webp
262_15.png,OK,183.1,36.2,80.2,512,512,,D:\female\11\262_15.webp
262_16.png,OK,167.0,25.1,85.0,512,512,,D:\female\11\262_16.webp
262_17.png,OK,154.6,20.1,87.0,512,512,,D:\female\11\262_17.webp
262_18.png,OK,158.9,22.5,85.8,512,512,,D:\female\11\262_18.webp
262_19.png,OK,155.9,25.5,83.6,512,512,,D:\female\11\262_19.webp
262_2.png,OK,160.0,20.9,86.9,512,512,,D:\female\11\262_2.webp
262_2.png,OK,7.6,3.4,55.8,512,512,,D:\female\9\262_2.webp
262_20.png,OK,165.5,28.5,82.8,512,512,,D:\female\11\262_20.webp
262_3.png,OK,168.2,22.2,86.8,512,512,,D:\female\11\262_3.webp
262_3.png,OK,7.3,3.1,57.0,512,512,,D:\female\9\262_3.webp
262_4.png,OK,155.8,31.2,80.0,512,512,,D:\female\11\262_4.webp
262_5.png,OK,158.4,22.6,85.7,512,512,,D:\female\11\262_5.webp
262_6.png,OK,180.4,26.6,85.3,512,512,,D:\female\11\262_6.webp
262_7.png,OK,179.1,26.4,85.3,512,512,,D:\female\11\262_7.webp
262_8.png,OK,171.2,23.7,86.2,512,512,,D:\female\11\262_8.webp
262_9.png,OK,165.9,23.7,85.7,512,512,,D:\female\11\262_9.webp
263.png,OK,162.5,20.8,87.2,512,512,,D:\female\11\263.webp
263.png,OK,3.2,1.3,58.7,512,512,,D:\female\9\263.webp
263_1.png,OK,147.1,19.8,86.5,512,512,,D:\female\11\263_1.webp
263_1.png,OK,3.2,1.3,58.7,512,512,,D:\female\9\263_1.webp
263_2.png,OK,169.7,18.2,89.3,512,512,,D:\female\11\263_2.webp
263_2.png,OK,3.2,1.3,58.7,512,512,,D:\female\9\263_2.webp
263_3.png,OK,142.7,16.5,88.5,512,512,,D:\female\11\263_3.webp
263_3.png,OK,3.2,1.4,56.8,512,512,,D:\female\9\263_3.webp
263_4.png,OK,157.2,19.6,87.5,512,512,,D:\female\11\263_4.webp
263_5.png,OK,153.0,37.9,75.2,512,512,,D:\female\11\263_5.webp
263_6.png,OK,175.0,37.5,78.6,512,512,,D:\female\11\263_6.webp
264.png,OK,232.0,33.7,85.5,512,512,,D:\female\11\264.webp
264.png,OK,3.8,1.7,53.9,512,512,,D:\female\9\264.webp
264_1.png,OK,214.2,32.3,84.9,512,512,,D:\female\11\264_1.webp
264_1.png,OK,3.4,1.6,54.0,512,512,,D:\female\9\264_1.webp
264_10.png,OK,221.2,43.7,80.3,512,512,,D:\female\11\264_10.webp
264_11.png,OK,206.4,29.6,85.7,512,512,,D:\female\11\264_11.webp
264_12.png,OK,208.1,29.0,86.1,512,512,,D:\female\11\264_12.webp
264_13.png,OK,200.3,42.3,78.9,512,512,,D:\female\11\264_13.webp
264_14.png,OK,218.3,32.2,85.3,512,512,,D:\female\11\264_14.webp
264_15.png,OK,199.2,30.8,84.5,512,512,,D:\female\11\264_15.webp
264_16.png,OK,222.8,31.4,85.9,512,512,,D:\female\11\264_16.webp
264_17.png,OK,216.3,39.0,82.0,512,512,,D:\female\11\264_17.webp
264_18.png,OK,225.2,49.8,77.9,512,512,,D:\female\11\264_18.webp
264_19.png,OK,205.9,28.2,86.3,512,512,,D:\female\11\264_19.webp
264_2.png,OK,232.4,32.8,85.9,512,512,,D:\female\11\264_2.webp
264_20.png,OK,200.1,28.4,85.8,512,512,,D:\female\11\264_20.webp
264_21.png,OK,207.9,24.6,88.1,512,512,,D:\female\11\264_21.webp
264_22.png,OK,198.3,22.7,88.6,512,512,,D:\female\11\264_22.webp
264_23.png,OK,203.9,23.8,88.3,512,512,,D:\female\11\264_23.webp
264_24.png,OK,195.4,22.9,88.3,512,512,,D:\female\11\264_24.webp
264_25.png,OK,218.6,48.3,77.9,512,512,,D:\female\11\264_25.webp
264_3.png,OK,224.2,29.4,86.9,512,512,,D:\female\11\264_3.webp
264_4.png,OK,250.4,61.3,75.5,512,512,,D:\female\11\264_4.webp
264_5.png,OK,241.5,42.9,82.3,512,512,,D:\female\11\264_5.webp
264_6.png,OK,219.1,33.0,84.9,512,512,,D:\female\11\264_6.webp
264_7.png,OK,243.0,55.1,77.3,512,512,,D:\female\11\264_7.webp
264_8.png,OK,211.0,32.4,84.7,512,512,,D:\female\11\264_8.webp
264_9.png,OK,224.3,29.2,87.0,512,512,,D:\female\11\264_9.webp
265.png,OK,291.5,70.7,75.7,512,512,,D:\female\11\265.webp
265.png,OK,12.1,4.2,65.5,512,512,,D:\female\9\265.webp
265_1.png,OK,272.4,51.5,81.1,512,512,,D:\female\11\265_1.webp
265_1.png,OK,14.9,5.3,64.7,512,512,,D:\female\9\265_1.webp
265_10.png,OK,243.5,37.8,84.5,512,512,,D:\female\11\265_10.webp
265_11.png,OK,255.5,61.4,76.0,512,512,,D:\female\11\265_11.webp
265_12.png,OK,197.7,22.5,88.6,512,512,,D:\female\11\265_12.webp
265_13.png,OK,209.2,26.3,87.4,512,512,,D:\female\11\265_13.webp
265_14.png,OK,208.6,23.8,88.6,512,512,,D:\female\11\265_14.webp
265_15.png,OK,229.6,50.6,77.9,512,512,,D:\female\11\265_15.webp
265_2.png,OK,270.9,49.7,81.7,512,512,,D:\female\11\265_2.webp
265_3.png,OK,274.8,48.4,82.4,512,512,,D:\female\11\265_3.webp
265_4.png,OK,228.3,43.4,81.0,512,512,,D:\female\11\265_4.webp
265_5.png,OK,240.2,32.9,86.3,512,512,,D:\female\11\265_5.webp
265_6.png,OK,245.5,37.7,84.6,512,512,,D:\female\11\265_6.webp
265_7.png,OK,217.8,29.5,86.5,512,512,,D:\female\11\265_7.webp
265_8.png,OK,237.8,38.8,83.7,512,512,,D:\female\11\265_8.webp
265_9.png,OK,250.2,40.0,84.0,512,512,,D:\female\11\265_9.webp
266.png,OK,214.0,25.7,88.0,512,512,,D:\female\11\266.webp
266.png,OK,3.0,1.4,54.1,512,512,,D:\female\9\266.webp
266_1.png,OK,211.4,33.2,84.3,512,512,,D:\female\11\266_1.webp
266_1.png,OK,2.5,1.1,56.1,512,512,,D:\female\9\266_1.webp
266_10.png,OK,204.0,28.8,85.9,512,512,,D:\female\11\266_10.webp
266_11.png,OK,221.8,26.9,87.9,512,512,,D:\female\11\266_11.webp
266_12.png,OK,220.5,53.3,75.8,512,512,,D:\female\11\266_12.webp
266_13.png,OK,228.4,42.2,81.5,512,512,,D:\female\11\266_13.webp
266_14.png,OK,238.5,39.1,83.6,512,512,,D:\female\11\266_14.webp
266_15.png,OK,245.3,54.5,77.8,512,512,,D:\female\11\266_15.webp
266_16.png,OK,232.2,35.7,84.6,512,512,,D:\female\11\266_16.webp
266_17.png,OK,285.9,53.4,81.3,512,512,,D:\female\11\266_17.webp
266_18.png,OK,288.5,60.3,79.1,512,512,,D:\female\11\266_18.webp
266_19.png,OK,285.5,74.8,73.8,512,512,,D:\female\11\266_19.webp
266_2.png,OK,218.1,37.9,82.6,512,512,,D:\female\11\266_2.webp
266_20.png,OK,194.4,23.6,87.9,512,512,,D:\female\11\266_20.webp
266_21.png,OK,203.5,27.3,86.6,512,512,,D:\female\11\266_21.webp
266_22.png,OK,188.6,25.6,86.4,512,512,,D:\female\11\266_22.webp
266_23.png,OK,218.8,46.5,78.8,512,512,,D:\female\11\266_23.webp
266_3.png,OK,206.3,24.8,88.0,512,512,,D:\female\11\266_3.webp
266_4.png,OK,208.3,28.9,86.1,512,512,,D:\female\11\266_4.webp
266_5.png,OK,215.8,33.1,84.7,512,512,,D:\female\11\266_5.webp
266_6.png,OK,221.1,32.1,85.5,512,512,,D:\female\11\266_6.webp
266_7.png,OK,226.2,37.6,83.4,512,512,,D:\female\11\266_7.webp
266_8.png,OK,224.3,38.7,82.8,512,512,,D:\female\11\266_8.webp
266_9.png,OK,214.1,28.2,86.8,512,512,,D:\female\11\266_9.webp
267.png,OK,248.9,37.1,85.1,512,512,,D:\female\11\267.webp
267.png,OK,5.4,2.5,54.6,512,512,,D:\female\9\267.webp
267_1.png,OK,285.6,69.5,75.7,512,512,,D:\female\11\267_1.webp
267_10.png,OK,259.7,39.3,84.9,512,512,,D:\female\11\267_10.webp
267_11.png,OK,219.3,27.6,87.4,512,512,,D:\female\11\267_11.webp
267_12.png,OK,231.9,34.9,85.0,512,512,,D:\female\11\267_12.webp
267_13.png,OK,221.2,27.0,87.8,512,512,,D:\female\11\267_13.webp
267_14.png,OK,256.3,62.4,75.6,512,512,,D:\female\11\267_14.webp
267_2.png,OK,254.1,50.9,80.0,512,512,,D:\female\11\267_2.webp
267_3.png,OK,259.8,67.6,74.0,512,512,,D:\female\11\267_3.webp
267_4.png,OK,274.5,43.0,84.3,512,512,,D:\female\11\267_4.webp
267_5.png,OK,259.8,41.3,84.1,512,512,,D:\female\11\267_5.webp
267_6.png,OK,271.4,56.0,79.4,512,512,,D:\female\11\267_6.webp
267_7.png,OK,269.1,48.2,82.1,512,512,,D:\female\11\267_7.webp
267_8.png,OK,273.7,62.7,77.1,512,512,,D:\female\11\267_8.webp
267_9.png,OK,254.6,42.1,83.5,512,512,,D:\female\11\267_9.webp
268.png,OK,225.4,49.9,77.9,512,512,,D:\female\11\268.webp
268.png,OK,7.0,3.2,54.1,512,512,,D:\female\9\268.webp
268_1.png,OK,222.0,43.4,80.4,512,512,,D:\female\11\268_1.webp
268_1.png,OK,7.5,3.5,53.4,512,512,,D:\female\9\268_1.webp
268_10.png,OK,247.2,41.6,83.2,512,512,,D:\female\11\268_10.webp
268_11.png,OK,268.6,72.7,72.9,512,512,,D:\female\11\268_11.webp
268_12.png,OK,248.6,41.5,83.3,512,512,,D:\female\11\268_12.webp
268_13.png,OK,253.5,62.5,75.3,512,512,,D:\female\11\268_13.webp
268_14.png,OK,233.4,45.7,80.4,512,512,,D:\female\11\268_14.webp
268_15.png,OK,249.4,68.5,72.5,512,512,,D:\female\11\268_15.webp
268_16.png,OK,248.6,51.7,79.2,512,512,,D:\female\11\268_16.webp
268_17.png,OK,237.2,50.0,78.9,512,512,,D:\female\11\268_17.webp
268_18.png,OK,285.4,83.3,70.8,512,512,,D:\female\11\268_18.webp
268_19.png,OK,256.7,54.1,78.9,512,512,,D:\female\11\268_19.webp
268_2.png,OK,238.7,58.3,75.6,512,512,,D:\female\11\268_2.webp
268_20.png,OK,287.8,71.5,75.2,512,512,,D:\female\11\268_20.webp
268_21.png,OK,281.1,62.0,77.9,512,512,,D:\female\11\268_21.webp
268_22.png,OK,183.8,23.3,87.3,512,512,,D:\female\11\268_22.webp
268_23.png,OK,199.2,28.0,85.9,512,512,,D:\female\11\268_23.webp
268_24.png,OK,178.3,28.2,84.2,512,512,,D:\female\11\268_24.webp
268_25.png,OK,222.0,51.0,77.0,512,512,,D:\female\11\268_25.webp
268_3.png,OK,228.1,43.6,80.9,512,512,,D:\female\11\268_3.webp
268_4.png,OK,230.5,43.9,81.0,512,512,,D:\female\11\268_4.webp
268_5.png,OK,225.9,42.6,81.2,512,512,,D:\female\11\268_5.webp
268_6.png,OK,219.3,31.0,85.9,512,512,,D:\female\11\268_6.webp
268_7.png,OK,238.7,38.0,84.1,512,512,,D:\female\11\268_7.webp
268_8.png,OK,191.4,24.2,87.3,512,512,,D:\female\11\268_8.webp
268_9.png,OK,207.8,28.3,86.4,512,512,,D:\female\11\268_9.webp
269.png,OK,276.6,68.1,75.4,512,512,,D:\female\11\269.webp
269.png,OK,2.9,1.3,56.8,512,512,,D:\female\9\269.webp
269_1.png,OK,275.8,56.7,79.4,512,512,,D:\female\11\269_1.webp
269_1.png,OK,3.0,1.3,56.7,512,512,,D:\female\9\269_1.webp
269_10.png,OK,281.6,54.2,80.8,512,512,,D:\female\11\269_10.webp
269_11.png,OK,275.6,47.9,82.6,512,512,,D:\female\11\269_11.webp
269_12.png,OK,285.4,73.9,74.1,512,512,,D:\female\11\269_12.webp
269_13.png,OK,272.0,50.6,81.4,512,512,,D:\female\11\269_13.webp
269_14.png,OK,211.5,29.3,86.2,512,512,,D:\female\11\269_14.webp
269_15.png,OK,229.9,33.7,85.3,512,512,,D:\female\11\269_15.webp
269_16.png,OK,330.2,92.1,72.1,512,512,,D:\female\11\269_16.webp
269_17.png,OK,302.2,71.2,76.5,512,512,,D:\female\11\269_17.webp
269_18.png,OK,210.1,33.5,84.1,512,512,,D:\female\11\269_18.webp
269_19.png,OK,215.8,42.0,80.5,512,512,,D:\female\11\269_19.webp
269_2.png,OK,261.7,56.3,78.5,512,512,,D:\female\11\269_2.webp
269_2.png,OK,3.0,1.3,56.7,512,512,,D:\female\9\269_2.webp
269_20.png,OK,208.2,24.8,88.1,512,512,,D:\female\11\269_20.webp
269_21.png,OK,209.1,27.0,87.1,512,512,,D:\female\11\269_21.webp
269_22.png,OK,199.6,23.2,88.4,512,512,,D:\female\11\269_22.webp
269_23.png,OK,204.4,25.7,87.4,512,512,,D:\female\11\269_23.webp
269_24.png,OK,197.7,21.7,89.0,512,512,,D:\female\11\269_24.webp
269_25.png,OK,220.1,50.5,77.1,512,512,,D:\female\11\269_25.webp
269_3.png,OK,272.9,51.5,81.1,512,512,,D:\female\11\269_3.webp
269_4.png,OK,317.6,92.5,70.9,512,512,,D:\female\11\269_4.webp
269_5.png,OK,296.4,60.1,79.7,512,512,,D:\female\11\269_5.webp
269_6.png,OK,287.8,55.4,80.7,512,512,,D:\female\11\269_6.webp
269_7.png,OK,271.4,68.5,74.8,512,512,,D:\female\11\269_7.webp
269_8.png,OK,287.4,54.6,81.0,512,512,,D:\female\11\269_8.webp
269_9.png,OK,284.7,55.5,80.5,512,512,,D:\female\11\269_9.webp
26_1.png,OK,84.1,10.8,87.2,512,512,,D:\female\11\26_1.webp
26_1.png,OK,88.1,12.4,85.9,512,512,,D:\female\9\26_1.webp
26_10.png,OK,93.5,15.1,83.9,512,512,,D:\female\11\26_10.webp
26_11.png,OK,138.1,36.6,73.5,512,512,,D:\female\11\26_11.webp
26_12.png,OK,112.4,25.9,77.0,512,512,,D:\female\11\26_12.webp
26_2.png,OK,96.9,25.7,73.5,512,512,,D:\female\11\26_2.webp
26_2.png,OK,79.2,17.1,78.5,512,512,,D:\female\9\26_2.webp
26_3.png,OK,102.4,14.6,85.8,512,512,,D:\female\11\26_3.webp
26_3.png,OK,98.7,21.6,78.1,512,512,,D:\female\9\26_3.webp
26_4.png,OK,89.0,19.4,78.2,512,512,,D:\female\11\26_4.webp
26_4.png,OK,85.0,19.1,77.5,512,512,,D:\female\9\26_4.webp
26_5.png,OK,90.6,12.5,86.2,512,512,,D:\female\11\26_5.webp
26_5.png,OK,85.5,10.5,87.7,512,512,,D:\female\9\26_5.webp
26_6.png,OK,99.8,15.8,84.1,512,512,,D:\female\11\26_6.webp
26_6.png,OK,82.0,9.1,89.0,512,512,,D:\female\9\26_6.webp
26_7.png,OK,97.8,16.0,83.6,512,512,,D:\female\11\26_7.webp
26_7.png,OK,86.1,10.3,88.1,512,512,,D:\female\9\26_7.webp
26_8.png,OK,102.7,15.6,84.9,512,512,,D:\female\11\26_8.webp
26_8.png,OK,95.0,12.9,86.5,512,512,,D:\female\9\26_8.webp
26_9.png,OK,103.9,17.9,82.8,512,512,,D:\female\11\26_9.webp
26_9.png,OK,71.8,6.5,91.0,512,512,,D:\female\9\26_9.webp
27.png,OK,120.3,14.0,88.4,512,512,,D:\female\11\27.webp
27.png,OK,82.5,10.0,87.9,512,512,,D:\female\9\27.webp
270.png,OK,289.1,69.2,76.1,512,512,,D:\female\11\270.webp
270.png,OK,6.2,3.1,50.3,512,512,,D:\female\9\270.webp
270_1.png,OK,270.4,51.2,81.1,512,512,,D:\female\11\270_1.webp
270_1.png,OK,5.7,2.5,55.3,512,512,,D:\female\9\270_1.webp
270_10.png,OK,242.1,38.2,84.2,512,512,,D:\female\11\270_10.webp
270_11.png,OK,253.1,61.2,75.8,512,512,,D:\female\11\270_11.webp
270_12.png,OK,202.4,24.3,88.0,512,512,,D:\female\11\270_12.webp
270_13.png,OK,213.3,28.3,86.7,512,512,,D:\female\11\270_13.webp
270_14.png,OK,211.4,26.5,87.5,512,512,,D:\female\11\270_14.webp
270_15.png,OK,236.0,53.4,77.4,512,512,,D:\female\11\270_15.webp
270_2.png,OK,268.9,48.9,81.8,512,512,,D:\female\11\270_2.webp
270_2.png,OK,6.0,2.9,51.7,512,512,,D:\female\9\270_2.webp
270_3.png,OK,272.9,47.7,82.5,512,512,,D:\female\11\270_3.webp
270_4.png,OK,233.7,44.1,81.1,512,512,,D:\female\11\270_4.webp
270_5.png,OK,243.1,34.9,85.7,512,512,,D:\female\11\270_5.webp
270_6.png,OK,243.3,37.9,84.4,512,512,,D:\female\11\270_6.webp
270_7.png,OK,219.8,31.5,85.7,512,512,,D:\female\11\270_7.webp
270_8.png,OK,237.4,40.3,83.0,512,512,,D:\female\11\270_8.webp
270_9.png,OK,249.5,44.0,82.4,512,512,,D:\female\11\270_9.webp
271.png,OK,206.2,30.3,85.3,512,512,,D:\female\11\271.webp
271.png,OK,13.5,5.1,62.2,512,512,,D:\female\9\271.webp
271_1.png,OK,178.1,22.2,87.6,512,512,,D:\female\11\271_1.webp
271_1.png,OK,14.2,5.7,59.5,512,512,,D:\female\9\271_1.webp
271_10.png,OK,223.2,26.0,88.4,512,512,,D:\female\11\271_10.webp
271_11.png,OK,238.7,55.6,76.7,512,512,,D:\female\11\271_11.webp
271_12.png,OK,217.6,27.2,87.5,512,512,,D:\female\11\271_12.webp
271_13.png,OK,218.4,26.5,87.9,512,512,,D:\female\11\271_13.webp
271_14.png,OK,244.4,55.3,77.4,512,512,,D:\female\11\271_14.webp
271_15.png,OK,234.9,36.5,84.4,512,512,,D:\female\11\271_15.webp
271_2.png,OK,231.0,28.5,87.7,512,512,,D:\female\11\271_2.webp
271_2.png,OK,13.3,5.0,62.7,512,512,,D:\female\9\271_2.webp
271_3.png,OK,208.5,25.7,87.7,512,512,,D:\female\11\271_3.webp
271_3.png,OK,12.9,4.6,63.9,512,512,,D:\female\9\271_3.webp
271_4.png,OK,230.8,37.7,83.7,512,512,,D:\female\11\271_4.webp
271_5.png,OK,246.8,37.6,84.8,512,512,,D:\female\11\271_5.webp
271_6.png,OK,226.7,31.7,86.0,512,512,,D:\female\11\271_6.webp
271_7.png,OK,287.7,71.4,75.2,512,512,,D:\female\11\271_7.webp
271_8.png,OK,276.9,53.1,80.8,512,512,,D:\female\11\271_8.webp
271_9.png,OK,314.6,71.3,77.3,512,512,,D:\female\11\271_9.webp
272.png,OK,194.8,28.7,85.3,512,512,,D:\female\11\272.webp
272.png,OK,4.0,1.8,53.6,512,512,,D:\female\9\272.webp
272_1.png,OK,167.1,21.5,87.2,512,512,,D:\female\11\272_1.webp
272_1.png,OK,4.0,1.8,54.2,512,512,,D:\female\9\272_1.webp
272_10.png,OK,214.6,24.5,88.6,512,512,,D:\female\11\272_10.webp
272_11.png,OK,230.1,53.5,76.7,512,512,,D:\female\11\272_11.webp
272_12.png,OK,207.8,25.8,87.6,512,512,,D:\female\11\272_12.webp
272_13.png,OK,208.1,25.3,87.9,512,512,,D:\female\11\272_13.webp
272_14.png,OK,232.8,52.2,77.6,512,512,,D:\female\11\272_14.webp
272_15.png,OK,224.8,35.0,84.4,512,512,,D:\female\11\272_15.webp
272_2.png,OK,220.2,27.5,87.5,512,512,,D:\female\11\272_2.webp
272_3.png,OK,197.0,23.9,87.8,512,512,,D:\female\11\272_3.webp
272_4.png,OK,223.2,36.3,83.7,512,512,,D:\female\11\272_4.webp
272_5.png,OK,237.3,37.2,84.3,512,512,,D:\female\11\272_5.webp
272_6.png,OK,220.4,30.1,86.3,512,512,,D:\female\11\272_6.webp
272_7.png,OK,280.4,69.1,75.3,512,512,,D:\female\11\272_7.webp
272_8.png,OK,269.7,51.4,80.9,512,512,,D:\female\11\272_8.webp
272_9.png,OK,307.6,70.7,77.0,512,512,,D:\female\11\272_9.webp
273.png,OK,177.7,21.1,88.1,512,512,,D:\female\11\273.webp
273.png,OK,4.5,2.1,52.9,512,512,,D:\female\9\273.webp
273_1.png,OK,237.5,47.7,79.9,512,512,,D:\female\11\273_1.webp
273_1.png,OK,4.8,2.2,54.3,512,512,,D:\female\9\273_1.webp
273_10.png,OK,232.5,39.0,83.2,512,512,,D:\female\11\273_10.webp
273_11.png,OK,234.7,38.6,83.5,512,512,,D:\female\11\273_11.webp
273_12.png,OK,211.7,31.3,85.2,512,512,,D:\female\11\273_12.webp
273_13.png,OK,226.5,35.1,84.5,512,512,,D:\female\11\273_13.webp
273_14.png,OK,232.6,41.2,82.3,512,512,,D:\female\11\273_14.webp
273_15.png,OK,221.5,42.1,81.0,512,512,,D:\female\11\273_15.webp
273_2.png,OK,214.7,50.7,76.4,512,512,,D:\female\11\273_2.webp
273_3.png,OK,220.5,35.3,84.0,512,512,,D:\female\11\273_3.webp
273_4.png,OK,225.3,37.2,83.5,512,512,,D:\female\11\273_4.webp
273_5.png,OK,225.7,38.7,82.9,512,512,,D:\female\11\273_5.webp
273_6.png,OK,236.9,44.9,81.0,512,512,,D:\female\11\273_6.webp
273_7.png,OK,225.6,39.0,82.7,512,512,,D:\female\11\273_7.webp
273_8.png,OK,229.4,35.2,84.6,512,512,,D:\female\11\273_8.webp
273_9.png,OK,213.4,35.9,83.2,512,512,,D:\female\11\273_9.webp
274.png,OK,314.0,81.8,73.9,512,512,,D:\female\11\274.webp
274.png,OK,19.2,6.2,67.6,512,512,,D:\female\9\274.webp
274_1.png,OK,280.0,53.1,81.0,512,512,,D:\female\11\274_1.webp
274_1.png,OK,18.7,6.0,68.1,512,512,,D:\female\9\274_1.webp
274_10.png,OK,254.6,46.6,81.7,512,512,,D:\female\11\274_10.webp
274_11.png,OK,287.1,56.3,80.4,512,512,,D:\female\11\274_11.webp
274_12.png,OK,287.3,60.4,79.0,512,512,,D:\female\11\274_12.webp
274_13.png,OK,236.5,38.0,83.9,512,512,,D:\female\11\274_13.webp
274_14.png,OK,280.9,55.6,80.2,512,512,,D:\female\11\274_14.webp
274_15.png,OK,246.0,42.3,82.8,512,512,,D:\female\11\274_15.webp
274_16.png,OK,226.0,32.4,85.7,512,512,,D:\female\11\274_16.webp
274_17.png,OK,269.6,54.6,79.7,512,512,,D:\female\11\274_17.webp
274_2.png,OK,273.0,61.1,77.6,512,512,,D:\female\11\274_2.webp
274_2.png,OK,18.5,6.3,65.7,512,512,,D:\female\9\274_2.webp
274_3.png,OK,269.0,52.3,80.5,512,512,,D:\female\11\274_3.webp
274_3.png,OK,20.1,7.3,63.7,512,512,,D:\female\9\274_3.webp
274_4.png,OK,228.6,29.5,87.1,512,512,,D:\female\11\274_4.webp
274_4.png,OK,18.5,6.1,67.2,512,512,,D:\female\9\274_4.webp
274_5.png,OK,242.9,31.2,87.2,512,512,,D:\female\11\274_5.webp
274_5.png,OK,18.6,5.9,68.4,512,512,,D:\female\9\274_5.webp
274_6.png,OK,265.9,72.5,72.8,512,512,,D:\female\11\274_6.webp
274_6.png,OK,18.5,5.8,68.4,512,512,,D:\female\9\274_6.webp
274_7.png,OK,259.1,54.0,79.2,512,512,,D:\female\11\274_7.webp
274_7.png,OK,18.6,5.6,69.9,512,512,,D:\female\9\274_7.webp
274_8.png,OK,298.4,55.6,81.4,512,512,,D:\female\11\274_8.webp
274_9.png,OK,310.2,60.9,80.4,512,512,,D:\female\11\274_9.webp
275.png,OK,314.0,80.3,74.4,512,512,,D:\female\11\275.webp
275.png,OK,6.6,3.2,52.4,512,512,,D:\female\9\275.webp
275_1.png,OK,282.3,54.5,80.7,512,512,,D:\female\11\275_1.webp
275_1.png,OK,6.6,3.2,52.2,512,512,,D:\female\9\275_1.webp
275_10.png,OK,258.3,49.2,80.9,512,512,,D:\female\11\275_10.webp
275_11.png,OK,288.8,56.8,80.3,512,512,,D:\female\11\275_11.webp
275_12.png,OK,288.2,60.9,78.9,512,512,,D:\female\11\275_12.webp
275_13.png,OK,241.2,40.5,83.2,512,512,,D:\female\11\275_13.webp
275_14.png,OK,283.1,57.2,79.8,512,512,,D:\female\11\275_14.webp
275_15.png,OK,250.0,45.1,82.0,512,512,,D:\female\11\275_15.webp
275_16.png,OK,231.4,36.4,84.3,512,512,,D:\female\11\275_16.webp
275_17.png,OK,271.7,55.1,79.7,512,512,,D:\female\11\275_17.webp
275_2.png,OK,275.9,61.2,77.8,512,512,,D:\female\11\275_2.webp
275_2.png,OK,6.6,3.2,52.4,512,512,,D:\female\9\275_2.webp
275_3.png,OK,272.1,52.6,80.7,512,512,,D:\female\11\275_3.webp
275_3.png,OK,6.8,3.3,51.5,512,512,,D:\female\9\275_3.webp
275_4.png,OK,234.3,32.0,86.4,512,512,,D:\female\11\275_4.webp
275_5.png,OK,247.6,34.2,86.2,512,512,,D:\female\11\275_5.webp
275_6.png,OK,271.4,73.4,73.0,512,512,,D:\female\11\275_6.webp
275_7.png,OK,263.6,55.7,78.9,512,512,,D:\female\11\275_7.webp
275_8.png,OK,299.9,56.4,81.2,512,512,,D:\female\11\275_8.webp
275_9.png,OK,311.3,62.0,80.1,512,512,,D:\female\11\275_9.webp
276.png,OK,258.4,31.7,87.7,512,512,,D:\female\11\276.webp
276.png,OK,2.8,1.3,55.1,512,512,,D:\female\9\276.webp
276_1.png,OK,251.9,31.9,87.4,512,512,,D:\female\11\276_1.webp
276_1.png,OK,2.9,1.4,53.1,512,512,,D:\female\9\276_1.webp
276_2.png,OK,260.5,33.9,87.0,512,512,,D:\female\11\276_2.webp
276_3.png,OK,258.6,38.6,85.1,512,512,,D:\female\11\276_3.webp
276_4.png,OK,259.0,37.0,85.7,512,512,,D:\female\11\276_4.webp
277.png,OK,256.7,31.3,87.8,512,512,,D:\female\11\277.webp
277.png,OK,11.4,4.6,60.1,512,512,,D:\female\9\277.webp
277_1.png,OK,248.7,30.6,87.7,512,512,,D:\female\11\277_1.webp
277_1.png,OK,10.8,4.1,62.3,512,512,,D:\female\9\277_1.webp
277_2.png,OK,259.0,34.2,86.8,512,512,,D:\female\11\277_2.webp
277_2.png,OK,10.9,4.2,61.8,512,512,,D:\female\9\277_2.webp
277_3.png,OK,257.0,38.2,85.2,512,512,,D:\female\11\277_3.webp
277_3.png,OK,11.3,4.4,60.7,512,512,,D:\female\9\277_3.webp
277_4.png,OK,259.0,37.9,85.4,512,512,,D:\female\11\277_4.webp
277_4.png,OK,11.1,4.3,61.0,512,512,,D:\female\9\277_4.webp
277_5.png,OK,11.3,4.2,63.3,512,512,,D:\female\9\277_5.webp
277_6.png,OK,11.2,4.3,61.7,512,512,,D:\female\9\277_6.webp
278.png,OK,257.8,38.3,85.1,512,512,,D:\female\11\278.webp
278.png,OK,3.5,1.5,58.5,512,512,,D:\female\9\278.webp
278_1.png,OK,258.5,45.9,82.2,512,512,,D:\female\11\278_1.webp
278_1.png,OK,3.3,1.3,59.7,512,512,,D:\female\9\278_1.webp
278_10.png,OK,275.1,61.8,77.5,512,512,,D:\female\11\278_10.webp
278_11.png,OK,317.5,82.7,73.9,512,512,,D:\female\11\278_11.webp
278_12.png,OK,293.1,66.9,77.2,512,512,,D:\female\11\278_12.webp
278_13.png,OK,297.6,56.9,80.9,512,512,,D:\female\11\278_13.webp
278_14.png,OK,308.7,64.4,79.1,512,512,,D:\female\11\278_14.webp
278_15.png,OK,307.7,51.5,83.3,512,512,,D:\female\11\278_15.webp
278_2.png,OK,249.9,30.2,87.9,512,512,,D:\female\11\278_2.webp
278_2.png,OK,3.5,1.4,59.3,512,512,,D:\female\9\278_2.webp
278_3.png,OK,251.1,35.0,86.1,512,512,,D:\female\11\278_3.webp
278_3.png,OK,3.5,1.4,58.4,512,512,,D:\female\9\278_3.webp
278_4.png,OK,239.8,32.4,86.5,512,512,,D:\female\11\278_4.webp
278_4.png,OK,3.3,1.3,59.8,512,512,,D:\female\9\278_4.webp
278_5.png,OK,257.2,42.7,83.4,512,512,,D:\female\11\278_5.webp
278_6.png,OK,253.8,31.8,87.5,512,512,,D:\female\11\278_6.webp
278_7.png,OK,269.7,35.3,86.9,512,512,,D:\female\11\278_7.webp
278_8.png,OK,282.1,55.0,80.5,512,512,,D:\female\11\278_8.webp
278_9.png,OK,287.5,73.9,74.3,512,512,,D:\female\11\278_9.webp
279.png,OK,47.4,10.8,77.3,512,512,,D:\female\11\279.webp
279.png,OK,3.2,1.5,53.2,512,512,,D:\female\9\279.webp
279_1.png,OK,44.1,8.7,80.3,512,512,,D:\female\11\279_1.webp
279_2.png,OK,44.0,8.5,80.6,512,512,,D:\female\11\279_2.webp
279_3.png,OK,43.4,9.5,78.0,512,512,,D:\female\11\279_3.webp
279_4.png,OK,42.7,12.1,71.6,512,512,,D:\female\11\279_4.webp
279_5.png,OK,49.3,11.2,77.3,512,512,,D:\female\11\279_5.webp
279_6.png,OK,47.0,10.2,78.2,512,512,,D:\female\11\279_6.webp
279_7.png,OK,43.0,12.3,71.5,512,512,,D:\female\11\279_7.webp
27_1.png,OK,108.8,11.8,89.2,512,512,,D:\female\11\27_1.webp
27_1.png,OK,90.1,12.8,85.7,512,512,,D:\female\9\27_1.webp
27_2.png,OK,114.5,12.8,88.8,512,512,,D:\female\11\27_2.webp
27_2.png,OK,81.0,17.7,78.2,512,512,,D:\female\9\27_2.webp
27_3.png,OK,123.1,19.6,84.1,512,512,,D:\female\11\27_3.webp
27_3.png,OK,100.7,22.2,77.9,512,512,,D:\female\9\27_3.webp
27_4.png,OK,123.8,30.3,75.5,512,512,,D:\female\11\27_4.webp
27_4.png,OK,86.8,19.9,77.1,512,512,,D:\female\9\27_4.webp
27_5.png,OK,125.3,15.3,87.8,512,512,,D:\female\11\27_5.webp
27_5.png,OK,87.3,10.7,87.7,512,512,,D:\female\9\27_5.webp
27_6.png,OK,84.0,9.4,88.8,512,512,,D:\female\9\27_6.webp
27_7.png,OK,88.1,10.5,88.1,512,512,,D:\female\9\27_7.webp
27_8.png,OK,96.9,13.3,86.3,512,512,,D:\female\9\27_8.webp
27_9.png,OK,73.7,6.7,90.9,512,512,,D:\female\9\27_9.webp
28.png,OK,112.1,13.9,87.6,512,512,,D:\female\11\28.webp
28.png,OK,87.9,10.0,88.6,512,512,,D:\female\9\28.webp
280.png,OK,119.2,13.9,88.3,512,512,,D:\female\11\280.webp
280.png,OK,7.3,3.1,58.2,512,512,,D:\female\9\280.webp
280_1.png,OK,158.2,23.0,85.4,512,512,,D:\female\11\280_1.webp
280_1.png,OK,7.3,3.1,58.3,512,512,,D:\female\9\280_1.webp
280_10.png,OK,100.7,14.9,85.2,512,512,,D:\female\11\280_10.webp
280_11.png,OK,101.6,15.2,85.1,512,512,,D:\female\11\280_11.webp
280_12.png,OK,99.5,14.9,85.1,512,512,,D:\female\11\280_12.webp
280_13.png,OK,104.4,17.7,83.0,512,512,,D:\female\11\280_13.webp
280_14.png,OK,128.9,18.0,86.1,512,512,,D:\female\11\280_14.webp
280_15.png,OK,130.1,30.7,76.4,512,512,,D:\female\11\280_15.webp
280_16.png,OK,121.2,15.6,87.1,512,512,,D:\female\11\280_16.webp
280_17.png,OK,127.8,16.5,87.1,512,512,,D:\female\11\280_17.webp
280_18.png,OK,132.4,29.2,77.9,512,512,,D:\female\11\280_18.webp
280_19.png,OK,112.4,23.6,79.0,512,512,,D:\female\11\280_19.webp
280_2.png,OK,146.0,20.9,85.7,512,512,,D:\female\11\280_2.webp
280_20.png,OK,134.4,22.8,83.0,512,512,,D:\female\11\280_20.webp
280_3.png,OK,152.6,35.5,76.7,512,512,,D:\female\11\280_3.webp
280_4.png,OK,142.5,21.1,85.2,512,512,,D:\female\11\280_4.webp
280_5.png,OK,118.1,15.7,86.7,512,512,,D:\female\11\280_5.webp
280_6.png,OK,134.7,18.1,86.6,512,512,,D:\female\11\280_6.webp
280_7.png,OK,109.1,18.9,82.7,512,512,,D:\female\11\280_7.webp
280_8.png,OK,109.6,19.2,82.5,512,512,,D:\female\11\280_8.webp
280_9.png,OK,90.5,10.9,88.0,512,512,,D:\female\11\280_9.webp
281.png,OK,108.8,13.0,88.0,512,512,,D:\female\11\281.webp
281.png,OK,4.6,2.0,57.9,512,512,,D:\female\9\281.webp
281_1.png,OK,143.6,21.7,84.9,512,512,,D:\female\11\281_1.webp
281_10.png,OK,92.7,14.6,84.3,512,512,,D:\female\11\281_10.webp
281_11.png,OK,94.3,15.0,84.1,512,512,,D:\female\11\281_11.webp
281_12.png,OK,91.5,14.6,84.0,512,512,,D:\female\11\281_12.webp
281_13.png,OK,97.0,17.5,82.0,512,512,,D:\female\11\281_13.webp
281_14.png,OK,119.0,17.3,85.5,512,512,,D:\female\11\281_14.webp
281_15.png,OK,119.1,28.3,76.2,512,512,,D:\female\11\281_15.webp
281_16.png,OK,110.8,14.6,86.8,512,512,,D:\female\11\281_16.webp
281_17.png,OK,117.2,15.7,86.6,512,512,,D:\female\11\281_17.webp
281_18.png,OK,121.7,27.2,77.7,512,512,,D:\female\11\281_18.webp
281_19.png,OK,105.3,22.2,78.9,512,512,,D:\female\11\281_19.webp
281_2.png,OK,132.1,19.4,85.3,512,512,,D:\female\11\281_2.webp
281_20.png,OK,124.2,22.3,82.0,512,512,,D:\female\11\281_20.webp
281_3.png,OK,140.1,32.6,76.7,512,512,,D:\female\11\281_3.webp
281_4.png,OK,131.0,19.8,84.9,512,512,,D:\female\11\281_4.webp
281_5.png,OK,108.7,15.4,85.8,512,512,,D:\female\11\281_5.webp
281_6.png,OK,124.2,17.5,85.9,512,512,,D:\female\11\281_6.webp
281_7.png,OK,101.4,18.9,81.3,512,512,,D:\female\11\281_7.webp
281_8.png,OK,101.4,18.8,81.5,512,512,,D:\female\11\281_8.webp
281_9.png,OK,82.9,10.5,87.4,512,512,,D:\female\11\281_9.webp
282.png,OK,179.6,22.4,87.5,512,512,,D:\female\11\282.webp
282.png,OK,6.9,3.1,54.7,512,512,,D:\female\9\282.webp
282_1.png,OK,183.6,25.2,86.3,512,512,,D:\female\11\282_1.webp
282_1.png,OK,7.1,3.3,53.7,512,512,,D:\female\9\282_1.webp
283.png,OK,143.6,41.7,70.9,512,512,,D:\female\11\283.webp
283.png,OK,2.6,1.2,55.1,512,512,,D:\female\9\283.webp
283_1.png,OK,112.5,25.6,77.2,512,512,,D:\female\11\283_1.webp
283_1.png,OK,2.5,1.1,54.6,512,512,,D:\female\9\283_1.webp
283_10.png,OK,120.6,32.1,73.4,512,512,,D:\female\11\283_10.webp
283_11.png,OK,125.4,29.9,76.1,512,512,,D:\female\11\283_11.webp
283_2.png,OK,113.0,19.5,82.7,512,512,,D:\female\11\283_2.webp
283_2.png,OK,2.6,1.2,55.4,512,512,,D:\female\9\283_2.webp
283_3.png,OK,117.3,24.9,78.8,512,512,,D:\female\11\283_3.webp
283_3.png,OK,2.5,1.1,54.5,512,512,,D:\female\9\283_3.webp
283_4.png,OK,114.8,26.5,76.9,512,512,,D:\female\11\283_4.webp
283_4.png,OK,2.6,1.2,55.5,512,512,,D:\female\9\283_4.webp
283_5.png,OK,130.0,26.8,79.4,512,512,,D:\female\11\283_5.webp
283_5.png,OK,2.5,1.1,54.5,512,512,,D:\female\9\283_5.webp
283_6.png,OK,135.5,28.9,78.7,512,512,,D:\female\11\283_6.webp
283_6.png,OK,2.5,1.2,54.4,512,512,,D:\female\9\283_6.webp
283_7.png,OK,116.6,28.0,76.0,512,512,,D:\female\11\283_7.webp
283_8.png,OK,130.4,27.6,78.8,512,512,,D:\female\11\283_8.webp
283_9.png,OK,125.2,28.3,77.4,512,512,,D:\female\11\283_9.webp
284.png,OK,79.9,16.8,79.0,512,512,,D:\female\11\284.webp
284.png,OK,11.9,5.3,55.1,512,512,,D:\female\9\284.webp
284_1.png,OK,71.0,14.2,79.9,512,512,,D:\female\11\284_1.webp
284_1.png,OK,11.8,5.2,55.7,512,512,,D:\female\9\284_1.webp
284_10.png,OK,66.2,15.6,76.5,512,512,,D:\female\11\284_10.webp
284_11.png,OK,78.5,18.7,76.2,512,512,,D:\female\11\284_11.webp
284_2.png,OK,72.2,14.5,80.0,512,512,,D:\female\11\284_2.webp
284_3.png,OK,58.2,15.2,74.0,512,512,,D:\female\11\284_3.webp
284_4.png,OK,55.0,9.2,83.2,512,512,,D:\female\11\284_4.webp
284_5.png,OK,55.2,9.1,83.6,512,512,,D:\female\11\284_5.webp
284_6.png,OK,85.9,20.4,76.3,512,512,,D:\female\11\284_6.webp
284_7.png,OK,59.1,9.0,84.7,512,512,,D:\female\11\284_7.webp
284_8.png,OK,63.5,10.0,84.2,512,512,,D:\female\11\284_8.webp
284_9.png,OK,66.0,20.0,69.7,512,512,,D:\female\11\284_9.webp
285.png,OK,199.2,25.1,87.4,512,512,,D:\female\11\285.webp
285.png,OK,2.9,1.3,54.4,512,512,,D:\female\9\285.webp
286.png,OK,125.2,13.7,89.1,512,512,,D:\female\11\286.webp
286.png,OK,17.0,5.6,67.1,512,512,,D:\female\9\286.webp
286_1.png,OK,115.3,10.8,90.6,512,512,,D:\female\11\286_1.webp
286_1.png,OK,18.1,6.1,66.6,512,512,,D:\female\9\286_1.webp
286_10.png,OK,146.8,25.9,82.4,512,512,,D:\female\11\286_10.webp
286_11.png,OK,151.2,29.1,80.8,512,512,,D:\female\11\286_11.webp
286_12.png,OK,152.3,31.3,79.4,512,512,,D:\female\11\286_12.webp
286_13.png,OK,164.7,40.7,75.3,512,512,,D:\female\11\286_13.webp
286_14.png,OK,147.5,34.8,76.4,512,512,,D:\female\11\286_14.webp
286_15.png,OK,136.5,22.6,83.4,512,512,,D:\female\11\286_15.webp
286_16.png,OK,141.4,29.3,79.3,512,512,,D:\female\11\286_16.webp
286_17.png,OK,172.3,36.9,78.6,512,512,,D:\female\11\286_17.webp
286_18.png,OK,152.9,26.1,82.9,512,512,,D:\female\11\286_18.webp
286_19.png,OK,155.6,38.7,75.1,512,512,,D:\female\11\286_19.webp
286_2.png,OK,132.6,16.0,87.9,512,512,,D:\female\11\286_2.webp
286_20.png,OK,125.0,14.7,88.3,512,512,,D:\female\11\286_20.webp
286_21.png,OK,144.1,33.7,76.6,512,512,,D:\female\11\286_21.webp
286_3.png,OK,138.4,19.5,85.9,512,512,,D:\female\11\286_3.webp
286_4.png,OK,128.4,22.9,82.1,512,512,,D:\female\11\286_4.webp
286_5.png,OK,138.2,22.3,83.8,512,512,,D:\female\11\286_5.webp
286_6.png,OK,133.5,14.4,89.2,512,512,,D:\female\11\286_6.webp
286_7.png,OK,144.1,24.2,83.2,512,512,,D:\female\11\286_7.webp
286_8.png,OK,137.7,17.5,87.3,512,512,,D:\female\11\286_8.webp
286_9.png,OK,128.7,20.4,84.2,512,512,,D:\female\11\286_9.webp
287.png,OK,168.5,31.0,81.6,512,512,,D:\female\11\287.webp
287.png,OK,10.0,4.4,56.1,512,512,,D:\female\9\287.webp
287_1.png,OK,166.9,29.9,82.1,512,512,,D:\female\11\287_1.webp
287_1.png,OK,10.4,4.7,54.4,512,512,,D:\female\9\287_1.webp
287_10.png,OK,151.7,32.0,78.9,512,512,,D:\female\11\287_10.webp
287_11.png,OK,147.2,40.8,72.3,512,512,,D:\female\11\287_11.webp
287_12.png,OK,226.6,57.9,74.5,512,512,,D:\female\11\287_12.webp
287_13.png,OK,237.5,76.1,68.0,512,512,,D:\female\11\287_13.webp
287_14.png,OK,220.8,50.6,77.1,512,512,,D:\female\11\287_14.webp
287_15.png,OK,233.5,58.6,74.9,512,512,,D:\female\11\287_15.webp
287_16.png,OK,176.1,39.1,77.8,512,512,,D:\female\11\287_16.webp
287_17.png,OK,140.6,29.4,79.1,512,512,,D:\female\11\287_17.webp
287_18.png,OK,173.8,40.5,76.7,512,512,,D:\female\11\287_18.webp
287_19.png,OK,149.5,31.6,78.9,512,512,,D:\female\11\287_19.webp
287_2.png,OK,116.7,19.3,83.4,512,512,,D:\female\11\287_2.webp
287_2.png,OK,10.1,4.5,55.8,512,512,,D:\female\9\287_2.webp
287_3.png,OK,108.6,21.5,80.2,512,512,,D:\female\11\287_3.webp
287_3.png,OK,10.2,4.6,55.4,512,512,,D:\female\9\287_3.webp
287_4.png,OK,125.9,26.9,78.6,512,512,,D:\female\11\287_4.webp
287_4.png,OK,10.0,4.4,56.1,512,512,,D:\female\9\287_4.webp
287_5.png,OK,128.5,30.0,76.7,512,512,,D:\female\11\287_5.webp
287_5.png,OK,9.9,4.3,56.2,512,512,,D:\female\9\287_5.webp
287_6.png,OK,150.5,39.6,73.7,512,512,,D:\female\11\287_6.webp
287_7.png,OK,130.8,33.5,74.4,512,512,,D:\female\11\287_7.webp
287_8.png,OK,113.4,18.4,83.7,512,512,,D:\female\11\287_8.webp
287_9.png,OK,85.0,18.0,78.9,512,512,,D:\female\11\287_9.webp
288.png,OK,296.0,56.7,80.8,512,512,,D:\female\11\288.webp
288.png,OK,4.4,2.1,51.6,512,512,,D:\female\9\288.webp
288_1.png,OK,300.1,63.6,78.8,512,512,,D:\female\11\288_1.webp
288_10.png,OK,300.5,69.2,77.0,512,512,,D:\female\11\288_10.webp
288_11.png,OK,298.3,68.3,77.1,512,512,,D:\female\11\288_11.webp
288_12.png,OK,293.3,53.9,81.6,512,512,,D:\female\11\288_12.webp
288_13.png,OK,292.7,56.6,80.7,512,512,,D:\female\11\288_13.webp
288_14.png,OK,290.4,59.6,79.5,512,512,,D:\female\11\288_14.webp
288_15.png,OK,292.3,51.8,82.3,512,512,,D:\female\11\288_15.webp
288_2.png,OK,289.7,51.4,82.3,512,512,,D:\female\11\288_2.webp
288_3.png,OK,289.7,50.3,82.6,512,512,,D:\female\11\288_3.webp
288_4.png,OK,288.1,49.2,82.9,512,512,,D:\female\11\288_4.webp
288_5.png,OK,287.8,47.4,83.5,512,512,,D:\female\11\288_5.webp
288_6.png,OK,287.8,52.6,81.7,512,512,,D:\female\11\288_6.webp
288_7.png,OK,293.2,49.7,83.0,512,512,,D:\female\11\288_7.webp
288_8.png,OK,281.3,49.8,82.3,512,512,,D:\female\11\288_8.webp
288_9.png,OK,286.1,53.6,81.3,512,512,,D:\female\11\288_9.webp
289.png,OK,313.5,52.0,83.4,512,512,,D:\female\11\289.webp
289.png,OK,15.5,5.8,62.8,512,512,,D:\female\9\289.webp
289_1.png,OK,350.7,83.3,76.3,512,512,,D:\female\11\289_1.webp
289_1.png,OK,13.6,4.5,67.1,512,512,,D:\female\9\289_1.webp
289_10.png,OK,329.5,69.9,78.8,512,512,,D:\female\11\289_10.webp
289_11.png,OK,318.3,67.8,78.7,512,512,,D:\female\11\289_11.webp
289_2.png,OK,321.5,60.6,81.1,512,512,,D:\female\11\289_2.webp
289_2.png,OK,15.5,5.5,64.3,512,512,,D:\female\9\289_2.webp
289_3.png,OK,312.1,53.1,83.0,512,512,,D:\female\11\289_3.webp
289_3.png,OK,13.9,5.4,61.2,512,512,,D:\female\9\289_3.webp
289_4.png,OK,310.9,63.3,79.7,512,512,,D:\female\11\289_4.webp
289_5.png,OK,315.6,58.5,81.5,512,512,,D:\female\11\289_5.webp
289_6.png,OK,317.7,59.4,81.3,512,512,,D:\female\11\289_6.webp
289_7.png,OK,322.6,62.8,80.5,512,512,,D:\female\11\289_7.webp
289_8.png,OK,320.1,58.3,81.8,512,512,,D:\female\11\289_8.webp
289_9.png,OK,313.0,53.3,83.0,512,512,,D:\female\11\289_9.webp
28_1.png,OK,153.2,21.6,85.9,512,512,,D:\female\11\28_1.webp
28_1.png,OK,96.1,13.0,86.5,512,512,,D:\female\9\28_1.webp
28_10.png,OK,148.1,22.7,84.7,512,512,,D:\female\11\28_10.webp
28_11.png,OK,110.9,17.8,83.9,512,512,,D:\female\11\28_11.webp
28_12.png,OK,108.2,14.2,86.9,512,512,,D:\female\11\28_12.webp
28_13.png,OK,111.0,14.4,87.1,512,512,,D:\female\11\28_13.webp
28_14.png,OK,105.7,13.3,87.5,512,512,,D:\female\11\28_14.webp
28_15.png,OK,118.4,27.1,77.1,512,512,,D:\female\11\28_15.webp
28_2.png,OK,125.9,16.1,87.2,512,512,,D:\female\11\28_2.webp
28_2.png,OK,86.5,18.6,78.6,512,512,,D:\female\9\28_2.webp
28_3.png,OK,130.2,18.6,85.7,512,512,,D:\female\11\28_3.webp
28_3.png,OK,107.7,23.2,78.4,512,512,,D:\female\9\28_3.webp
28_4.png,OK,102.2,17.2,83.2,512,512,,D:\female\11\28_4.webp
28_4.png,OK,92.8,20.8,77.5,512,512,,D:\female\9\28_4.webp
28_5.png,OK,158.4,23.2,85.3,512,512,,D:\female\11\28_5.webp
28_5.png,OK,93.3,10.9,88.3,512,512,,D:\female\9\28_5.webp
28_6.png,OK,105.8,12.3,88.4,512,512,,D:\female\11\28_6.webp
28_6.png,OK,89.4,9.5,89.4,512,512,,D:\female\9\28_6.webp
28_7.png,OK,158.5,23.7,85.0,512,512,,D:\female\11\28_7.webp
28_7.png,OK,93.9,10.6,88.7,512,512,,D:\female\9\28_7.webp
28_8.png,OK,103.6,10.7,89.7,512,512,,D:\female\11\28_8.webp
28_8.png,OK,103.5,13.3,87.2,512,512,,D:\female\9\28_8.webp
28_9.png,OK,111.6,17.0,84.8,512,512,,D:\female\11\28_9.webp
28_9.png,OK,78.3,6.6,91.6,512,512,,D:\female\9\28_9.webp
29.png,OK,95.2,16.9,82.3,512,512,,D:\female\11\29.webp
29.png,OK,70.0,9.5,86.4,512,512,,D:\female\9\29.webp
290.png,OK,179.8,27.3,84.8,512,512,,D:\female\11\290.webp
290.png,OK,13.3,4.2,68.3,512,512,,D:\female\9\290.webp
290_1.png,OK,180.2,32.2,82.2,512,512,,D:\female\11\290_1.webp
290_1.png,OK,13.3,4.3,67.6,512,512,,D:\female\9\290_1.webp
290_10.png,OK,174.8,28.4,83.8,512,512,,D:\female\11\290_10.webp
290_11.png,OK,184.0,28.2,84.7,512,512,,D:\female\11\290_11.webp
290_2.png,OK,172.9,24.3,86.0,512,512,,D:\female\11\290_2.webp
290_2.png,OK,13.3,4.2,68.6,512,512,,D:\female\9\290_2.webp
290_3.png,OK,190.9,39.0,79.6,512,512,,D:\female\11\290_3.webp
290_3.png,OK,13.5,5.1,62.6,512,512,,D:\female\9\290_3.webp
290_4.png,OK,188.0,47.6,74.7,512,512,,D:\female\11\290_4.webp
290_4.png,OK,13.4,4.4,67.2,512,512,,D:\female\9\290_4.webp
290_5.png,OK,176.0,27.4,84.4,512,512,,D:\female\11\290_5.webp
290_6.png,OK,189.6,36.9,80.5,512,512,,D:\female\11\290_6.webp
290_7.png,OK,184.3,29.8,83.8,512,512,,D:\female\11\290_7.webp
290_8.png,OK,180.1,38.4,78.7,512,512,,D:\female\11\290_8.webp
290_9.png,OK,186.3,34.9,81.3,512,512,,D:\female\11\290_9.webp
291.png,OK,204.7,40.7,80.1,512,512,,D:\female\11\291.webp
291.png,OK,3.2,1.5,52.9,512,512,,D:\female\9\291.webp
291_1.png,OK,218.0,34.7,84.1,512,512,,D:\female\11\291_1.webp
291_10.png,OK,209.3,32.4,84.5,512,512,,D:\female\11\291_10.webp
291_11.png,OK,213.4,34.4,83.9,512,512,,D:\female\11\291_11.webp
291_12.png,OK,213.0,40.9,80.8,512,512,,D:\female\11\291_12.webp
291_13.png,OK,222.0,42.9,80.7,512,512,,D:\female\11\291_13.webp
291_14.png,OK,222.1,39.9,82.0,512,512,,D:\female\11\291_14.webp
291_15.png,OK,240.9,37.4,84.5,512,512,,D:\female\11\291_15.webp
291_16.png,OK,197.7,29.8,84.9,512,512,,D:\female\11\291_16.webp
291_17.png,OK,219.8,32.7,85.1,512,512,,D:\female\11\291_17.webp
291_2.png,OK,214.2,32.0,85.1,512,512,,D:\female\11\291_2.webp
291_3.png,OK,216.9,34.1,84.3,512,512,,D:\female\11\291_3.webp
291_4.png,OK,223.4,34.1,84.7,512,512,,D:\female\11\291_4.webp
291_5.png,OK,219.7,34.2,84.4,512,512,,D:\female\11\291_5.webp
291_6.png,OK,227.0,33.6,85.2,512,512,,D:\female\11\291_6.webp
291_7.png,OK,215.7,33.7,84.4,512,512,,D:\female\11\291_7.webp
291_8.png,OK,238.6,56.9,76.2,512,512,,D:\female\11\291_8.webp
291_9.png,OK,228.8,34.8,84.8,512,512,,D:\female\11\291_9.webp
292.png,OK,249.6,35.4,85.8,512,512,,D:\female\11\292.webp
292.png,OK,3.4,1.6,53.4,512,512,,D:\female\9\292.webp
292_1.png,OK,243.7,57.4,76.4,512,512,,D:\female\11\292_1.webp
292_1.png,OK,3.3,1.6,52.9,512,512,,D:\female\9\292_1.webp
292_10.png,OK,299.2,56.0,81.3,512,512,,D:\female\11\292_10.webp
292_11.png,OK,274.1,44.8,83.7,512,512,,D:\female\11\292_11.webp
292_12.png,OK,286.7,41.1,85.7,512,512,,D:\female\11\292_12.webp
292_13.png,OK,301.6,71.3,76.4,512,512,,D:\female\11\292_13.webp
292_14.png,OK,317.0,58.8,81.4,512,512,,D:\female\11\292_14.webp
292_15.png,OK,281.4,48.3,82.8,512,512,,D:\female\11\292_15.webp
292_16.png,OK,246.9,34.9,85.8,512,512,,D:\female\11\292_16.webp
292_17.png,OK,298.6,55.6,81.4,512,512,,D:\female\11\292_17.webp
292_2.png,OK,308.2,64.3,79.1,512,512,,D:\female\11\292_2.webp
292_2.png,OK,3.5,1.7,52.5,512,512,,D:\female\9\292_2.webp
292_3.png,OK,312.8,65.7,79.0,512,512,,D:\female\11\292_3.webp
292_3.png,OK,3.5,1.7,52.8,512,512,,D:\female\9\292_3.webp
292_4.png,OK,319.2,64.3,79.9,512,512,,D:\female\11\292_4.webp
292_4.png,OK,3.4,1.6,52.8,512,512,,D:\female\9\292_4.webp
292_5.png,OK,240.6,65.0,73.0,512,512,,D:\female\11\292_5.webp
292_6.png,OK,193.1,34.3,82.2,512,512,,D:\female\11\292_6.webp
292_7.png,OK,315.8,84.2,73.3,512,512,,D:\female\11\292_7.webp
292_8.png,OK,323.0,70.8,78.1,512,512,,D:\female\11\292_8.webp
292_9.png,OK,283.8,50.7,82.1,512,512,,D:\female\11\292_9.webp
293.png,OK,242.8,35.5,85.4,512,512,,D:\female\11\293.webp
293.png,OK,51.1,18.0,64.7,512,512,,D:\female\9\293.webp
293_1.png,OK,240.9,57.3,76.2,512,512,,D:\female\11\293_1.webp
293_10.png,OK,299.5,57.2,80.9,512,512,,D:\female\11\293_10.webp
293_11.png,OK,273.1,44.8,83.6,512,512,,D:\female\11\293_11.webp
293_12.png,OK,284.7,41.6,85.4,512,512,,D:\female\11\293_12.webp
293_13.png,OK,301.1,71.9,76.1,512,512,,D:\female\11\293_13.webp
293_14.png,OK,315.7,59.9,81.0,512,512,,D:\female\11\293_14.webp
293_15.png,OK,278.1,48.5,82.5,512,512,,D:\female\11\293_15.webp
293_16.png,OK,247.4,36.4,85.3,512,512,,D:\female\11\293_16.webp
293_17.png,OK,296.2,55.9,81.1,512,512,,D:\female\11\293_17.webp
293_2.png,OK,310.3,66.1,78.7,512,512,,D:\female\11\293_2.webp
293_3.png,OK,307.9,65.1,78.9,512,512,,D:\female\11\293_3.webp
293_4.png,OK,314.1,63.3,79.8,512,512,,D:\female\11\293_4.webp
293_5.png,OK,240.1,64.7,73.1,512,512,,D:\female\11\293_5.webp
293_6.png,OK,194.5,36.1,81.4,512,512,,D:\female\11\293_6.webp
293_7.png,OK,313.9,83.9,73.3,512,512,,D:\female\11\293_7.webp
293_8.png,OK,319.8,70.5,77.9,512,512,,D:\female\11\293_8.webp
293_9.png,OK,280.6,50.5,82.0,512,512,,D:\female\11\293_9.webp
294.png,OK,261.5,80.1,69.4,512,512,,D:\female\11\294.webp
294.png,OK,4.0,1.8,54.5,512,512,,D:\female\9\294.webp
294_1.png,OK,198.6,28.8,85.5,512,512,,D:\female\11\294_1.webp
294_1.png,OK,4.0,1.8,54.8,512,512,,D:\female\9\294_1.webp
294_10.png,OK,212.4,36.3,82.9,512,512,,D:\female\11\294_10.webp
294_11.png,OK,206.3,30.0,85.4,512,512,,D:\female\11\294_11.webp
294_12.png,OK,179.7,40.2,77.7,512,512,,D:\female\11\294_12.webp
294_13.png,OK,247.9,55.9,77.4,512,512,,D:\female\11\294_13.webp
294_14.png,OK,205.4,49.3,76.0,512,512,,D:\female\11\294_14.webp
294_15.png,OK,224.1,41.4,81.5,512,512,,D:\female\11\294_15.webp
294_16.png,OK,220.7,39.6,82.1,512,512,,D:\female\11\294_16.webp
294_17.png,OK,198.0,44.9,77.3,512,512,,D:\female\11\294_17.webp
294_18.png,OK,210.9,34.3,83.7,512,512,,D:\female\11\294_18.webp
294_19.png,OK,202.1,27.7,86.3,512,512,,D:\female\11\294_19.webp
294_2.png,OK,142.9,29.1,79.7,512,512,,D:\female\11\294_2.webp
294_20.png,OK,208.7,32.7,84.3,512,512,,D:\female\11\294_20.webp
294_21.png,OK,234.3,51.2,78.1,512,512,,D:\female\11\294_21.webp
294_22.png,OK,246.1,65.0,73.6,512,512,,D:\female\11\294_22.webp
294_23.png,OK,287.7,69.9,75.7,512,512,,D:\female\11\294_23.webp
294_3.png,OK,221.6,36.4,83.6,512,512,,D:\female\11\294_3.webp
294_4.png,OK,202.6,37.3,81.6,512,512,,D:\female\11\294_4.webp
294_5.png,OK,207.8,35.3,83.0,512,512,,D:\female\11\294_5.webp
294_6.png,OK,216.8,44.8,79.3,512,512,,D:\female\11\294_6.webp
294_7.png,OK,219.8,42.3,80.8,512,512,,D:\female\11\294_7.webp
294_8.png,OK,220.2,38.0,82.7,512,512,,D:\female\11\294_8.webp
294_9.png,OK,272.0,62.5,77.0,512,512,,D:\female\11\294_9.webp
295.png,OK,290.9,49.3,83.1,512,512,,D:\female\11\295.webp
295.png,OK,4.3,2.1,49.9,512,512,,D:\female\9\295.webp
295_1.png,OK,268.8,48.3,82.0,512,512,,D:\female\11\295_1.webp
295_1.png,OK,4.5,2.2,50.9,512,512,,D:\female\9\295_1.webp
295_10.png,OK,285.1,62.3,78.2,512,512,,D:\female\11\295_10.webp
295_11.png,OK,272.4,52.9,80.6,512,512,,D:\female\11\295_11.webp
295_12.png,OK,312.3,86.4,72.3,512,512,,D:\female\11\295_12.webp
295_13.png,OK,303.5,50.4,83.4,512,512,,D:\female\11\295_13.webp
295_14.png,OK,313.5,55.7,82.2,512,512,,D:\female\11\295_14.webp
295_15.png,OK,310.8,54.8,82.4,512,512,,D:\female\11\295_15.webp
295_2.png,OK,301.2,58.0,80.7,512,512,,D:\female\11\295_2.webp
295_2.png,OK,4.3,2.1,50.2,512,512,,D:\female\9\295_2.webp
295_3.png,OK,280.7,50.6,82.0,512,512,,D:\female\11\295_3.webp
295_4.png,OK,313.9,55.7,82.2,512,512,,D:\female\11\295_4.webp
295_5.png,OK,278.0,43.3,84.4,512,512,,D:\female\11\295_5.webp
295_6.png,OK,285.5,49.2,82.8,512,512,,D:\female\11\295_6.webp
295_7.png,OK,302.8,53.4,82.4,512,512,,D:\female\11\295_7.webp
295_8.png,OK,296.9,48.1,83.8,512,512,,D:\female\11\295_8.webp
295_9.png,OK,313.7,71.2,77.3,512,512,,D:\female\11\295_9.webp
296.png,OK,250.5,37.0,85.2,512,512,,D:\female\11\296.webp
296.png,OK,2.6,1.2,53.9,512,512,,D:\female\9\296.webp
296_1.png,OK,268.1,48.3,82.0,512,512,,D:\female\11\296_1.webp
296_1.png,OK,2.6,1.2,53.9,512,512,,D:\female\9\296_1.webp
296_10.png,OK,259.3,62.7,75.8,512,512,,D:\female\11\296_10.webp
296_11.png,OK,264.4,62.8,76.3,512,512,,D:\female\11\296_11.webp
296_2.png,OK,238.7,33.4,86.0,512,512,,D:\female\11\296_2.webp
296_3.png,OK,262.8,42.1,84.0,512,512,,D:\female\11\296_3.webp
296_4.png,OK,244.6,39.5,83.9,512,512,,D:\female\11\296_4.webp
296_5.png,OK,240.0,40.3,83.2,512,512,,D:\female\11\296_5.webp
296_6.png,OK,286.8,50.4,82.4,512,512,,D:\female\11\296_6.webp
296_7.png,OK,244.9,36.1,85.3,512,512,,D:\female\11\296_7.webp
296_8.png,OK,234.9,33.5,85.7,512,512,,D:\female\11\296_8.webp
296_9.png,OK,233.8,37.6,83.9,512,512,,D:\female\11\296_9.webp
297.png,OK,222.0,43.3,80.5,512,512,,D:\female\11\297.webp
297.png,OK,4.0,1.9,52.4,512,512,,D:\female\9\297.webp
298.png,OK,238.7,52.1,78.2,512,512,,D:\female\11\298.webp
298.png,OK,7.4,3.0,59.8,512,512,,D:\female\9\298.webp
298_1.png,OK,8.4,3.5,59.0,512,512,,D:\female\9\298_1.webp
298_2.png,OK,8.5,3.5,58.9,512,512,,D:\female\9\298_2.webp
298_3.png,OK,8.5,3.7,56.3,512,512,,D:\female\9\298_3.webp
298_4.png,OK,8.6,3.5,59.2,512,512,,D:\female\9\298_4.webp
299.png,OK,209.8,27.7,86.8,512,512,,D:\female\11\299.webp
299.png,OK,2.7,1.3,53.8,512,512,,D:\female\9\299.webp
29_1.png,OK,102.0,20.6,79.8,512,512,,D:\female\11\29_1.webp
29_1.png,OK,76.1,12.0,84.3,512,512,,D:\female\9\29_1.webp
29_10.png,OK,132.1,35.5,73.1,512,512,,D:\female\11\29_10.webp
29_11.png,OK,104.5,33.0,68.4,512,512,,D:\female\11\29_11.webp
29_12.png,OK,107.7,21.7,79.9,512,512,,D:\female\11\29_12.webp
29_13.png,OK,119.8,27.2,77.3,512,512,,D:\female\11\29_13.webp
29_14.png,OK,109.8,32.9,70.0,512,512,,D:\female\11\29_14.webp
29_15.png,OK,132.6,39.8,70.0,512,512,,D:\female\11\29_15.webp
29_2.png,OK,102.8,22.1,78.5,512,512,,D:\female\11\29_2.webp
29_2.png,OK,69.1,15.7,77.3,512,512,,D:\female\9\29_2.webp
29_3.png,OK,95.9,18.6,80.6,512,512,,D:\female\11\29_3.webp
29_3.png,OK,84.7,19.7,76.8,512,512,,D:\female\9\29_3.webp
29_4.png,OK,103.8,23.6,77.2,512,512,,D:\female\11\29_4.webp
29_4.png,OK,73.8,17.7,76.0,512,512,,D:\female\9\29_4.webp
29_5.png,OK,122.0,37.3,69.4,512,512,,D:\female\11\29_5.webp
29_5.png,OK,74.0,10.2,86.2,512,512,,D:\female\9\29_5.webp
29_6.png,OK,118.3,30.2,74.5,512,512,,D:\female\11\29_6.webp
29_6.png,OK,71.3,9.0,87.4,512,512,,D:\female\9\29_6.webp
29_7.png,OK,119.5,33.8,71.7,512,512,,D:\female\11\29_7.webp
29_7.png,OK,74.4,10.0,86.6,512,512,,D:\female\9\29_7.webp
29_8.png,OK,106.1,21.9,79.4,512,512,,D:\female\11\29_8.webp
29_8.png,OK,81.5,12.2,85.0,512,512,,D:\female\9\29_8.webp
29_9.png,OK,109.5,22.8,79.2,512,512,,D:\female\11\29_9.webp
29_9.png,OK,63.1,6.7,89.4,512,512,,D:\female\9\29_9.webp
2_1.png,OK,141.2,11.6,91.8,512,512,,D:\female\11\2_1.webp
2_1.png,OK,88.2,10.3,88.3,512,512,,D:\female\9\2_1.webp
2_10.png,OK,159.6,15.4,90.3,512,512,,D:\female\11\2_10.webp
2_11.png,OK,169.9,19.2,88.7,512,512,,D:\female\11\2_11.webp
2_12.png,OK,150.3,15.3,89.8,512,512,,D:\female\11\2_12.webp
2_13.png,OK,123.9,15.8,87.2,512,512,,D:\female\11\2_13.webp
2_14.png,OK,130.1,23.9,81.6,512,512,,D:\female\11\2_14.webp
2_15.png,OK,258.4,77.5,70.0,512,512,,D:\female\11\2_15.webp
2_2.png,OK,125.5,9.7,92.2,512,512,,D:\female\11\2_2.webp
2_2.png,OK,97.3,13.8,85.8,512,512,,D:\female\9\2_2.webp
2_3.png,OK,140.3,31.6,77.5,512,512,,D:\female\11\2_3.webp
2_3.png,OK,111.7,20.0,82.1,512,512,,D:\female\9\2_3.webp
2_4.png,OK,137.2,13.6,90.1,512,512,,D:\female\11\2_4.webp
2_4.png,OK,111.6,19.5,82.5,512,512,,D:\female\9\2_4.webp
2_5.png,OK,136.2,13.4,90.1,512,512,,D:\female\11\2_5.webp
2_6.png,OK,192.0,29.5,84.6,512,512,,D:\female\11\2_6.webp
2_7.png,OK,186.9,44.9,76.0,512,512,,D:\female\11\2_7.webp
2_8.png,OK,187.8,30.9,83.5,512,512,,D:\female\11\2_8.webp
2_9.png,OK,224.9,52.3,76.7,512,512,,D:\female\11\2_9.webp
3.png,OK,217.5,30.6,85.9,512,512,,D:\female\11\3.webp
3.png,OK,99.9,14.6,85.4,512,512,,D:\female\9\3.webp
30.png,OK,142.2,13.3,90.6,512,512,,D:\female\11\30.webp
30.png,OK,86.4,10.6,87.8,512,512,,D:\female\9\30.webp
300.png,OK,260.8,38.4,85.3,512,512,,D:\female\11\300.webp
300.png,OK,3.3,1.5,54.2,512,512,,D:\female\9\300.webp
300_1.png,OK,256.7,42.0,83.6,512,512,,D:\female\11\300_1.webp
300_10.png,OK,255.4,40.9,84.0,512,512,,D:\female\11\300_10.webp
300_11.png,OK,260.7,43.5,83.3,512,512,,D:\female\11\300_11.webp
300_12.png,OK,277.1,60.1,78.3,512,512,,D:\female\11\300_12.webp
300_13.png,OK,277.9,62.4,77.5,512,512,,D:\female\11\300_13.webp
300_2.png,OK,278.0,69.4,75.0,512,512,,D:\female\11\300_2.webp
300_3.png,OK,263.7,41.7,84.2,512,512,,D:\female\11\300_3.webp
300_4.png,OK,258.2,39.6,84.7,512,512,,D:\female\11\300_4.webp
300_5.png,OK,260.1,36.9,85.8,512,512,,D:\female\11\300_5.webp
300_6.png,OK,267.0,43.6,83.7,512,512,,D:\female\11\300_6.webp
300_7.png,OK,263.4,42.2,84.0,512,512,,D:\female\11\300_7.webp
300_8.png,OK,263.6,39.7,84.9,512,512,,D:\female\11\300_8.webp
300_9.png,OK,281.4,65.4,76.8,512,512,,D:\female\11\300_9.webp
301.png,OK,277.6,73.9,73.4,512,512,,D:\female\11\301.webp
301.png,OK,6.3,2.9,54.0,512,512,,D:\female\9\301.webp
301_1.png,OK,263.2,72.2,72.6,512,512,,D:\female\11\301_1.webp
301_1.png,OK,6.2,2.8,54.6,512,512,,D:\female\9\301_1.webp
301_10.png,OK,240.9,42.3,82.4,512,512,,D:\female\11\301_10.webp
301_11.png,OK,233.1,54.7,76.5,512,512,,D:\female\11\301_11.webp
301_12.png,OK,258.2,46.7,81.9,512,512,,D:\female\11\301_12.webp
301_13.png,OK,293.7,80.0,72.8,512,512,,D:\female\11\301_13.webp
301_2.png,OK,261.2,59.9,77.1,512,512,,D:\female\11\301_2.webp
301_2.png,OK,6.3,2.9,55.0,512,512,,D:\female\9\301_2.webp
301_3.png,OK,271.1,63.8,76.5,512,512,,D:\female\11\301_3.webp
301_3.png,OK,6.6,3.1,53.4,512,512,,D:\female\9\301_3.webp
301_4.png,OK,251.6,54.3,78.4,512,512,,D:\female\11\301_4.webp
301_5.png,OK,248.2,50.4,79.7,512,512,,D:\female\11\301_5.webp
301_6.png,OK,240.9,45.3,81.2,512,512,,D:\female\11\301_6.webp
301_7.png,OK,266.1,64.4,75.8,512,512,,D:\female\11\301_7.webp
301_8.png,OK,208.9,58.9,71.8,512,512,,D:\female\11\301_8.webp
301_9.png,OK,261.7,75.3,71.2,512,512,,D:\female\11\301_9.webp
302.png,OK,222.3,37.2,83.3,512,512,,D:\female\11\302.webp
302.png,OK,2.7,1.2,54.7,512,512,,D:\female\9\302.webp
302_1.png,OK,224.9,41.8,81.4,512,512,,D:\female\11\302_1.webp
302_1.png,OK,2.2,0.9,58.1,512,512,,D:\female\9\302_1.webp
302_10.png,OK,230.6,44.1,80.9,512,512,,D:\female\11\302_10.webp
302_11.png,OK,228.9,43.7,80.9,512,512,,D:\female\11\302_11.webp
302_12.png,OK,229.3,44.6,80.5,512,512,,D:\female\11\302_12.webp
302_13.png,OK,228.3,42.6,81.4,512,512,,D:\female\11\302_13.webp
302_14.png,OK,228.0,42.4,81.4,512,512,,D:\female\11\302_14.webp
302_15.png,OK,228.1,42.8,81.2,512,512,,D:\female\11\302_15.webp
302_2.png,OK,236.6,45.3,80.8,512,512,,D:\female\11\302_2.webp
302_2.png,OK,2.2,0.9,58.1,512,512,,D:\female\9\302_2.webp
302_3.png,OK,222.8,39.1,82.4,512,512,,D:\female\11\302_3.webp
302_3.png,OK,2.2,0.9,58.1,512,512,,D:\female\9\302_3.webp
302_4.png,OK,233.5,54.2,76.8,512,512,,D:\female\11\302_4.webp
302_4.png,OK,2.2,0.9,58.1,512,512,,D:\female\9\302_4.webp
302_5.png,OK,225.1,43.2,80.8,512,512,,D:\female\11\302_5.webp
302_5.png,OK,2.2,0.9,58.1,512,512,,D:\female\9\302_5.webp
302_6.png,OK,227.2,41.0,82.0,512,512,,D:\female\11\302_6.webp
302_6.png,OK,2.2,0.9,58.1,512,512,,D:\female\9\302_6.webp
302_7.png,OK,234.0,45.9,80.4,512,512,,D:\female\11\302_7.webp
302_8.png,OK,231.5,42.4,81.7,512,512,,D:\female\11\302_8.webp
302_9.png,OK,234.1,44.9,80.8,512,512,,D:\female\11\302_9.webp
303.png,OK,119.9,32.3,73.1,512,512,,D:\female\11\303.webp
303.png,OK,2.9,1.2,56.4,512,512,,D:\female\9\303.webp
303_1.png,OK,2.9,1.2,56.5,512,512,,D:\female\9\303_1.webp
304.png,OK,179.2,30.1,83.2,512,512,,D:\female\11\304.webp
304.png,OK,14.0,5.3,62.1,512,512,,D:\female\9\304.webp
304_1.png,OK,13.8,5.2,61.9,512,512,,D:\female\9\304_1.webp
305.png,OK,141.0,18.8,86.6,512,512,,D:\female\11\305.webp
305.png,OK,2.7,1.2,54.9,512,512,,D:\female\9\305.webp
305_1.png,OK,170.1,22.1,87.0,512,512,,D:\female\11\305_1.webp
305_2.png,OK,175.6,20.7,88.2,512,512,,D:\female\11\305_2.webp
305_3.png,OK,185.2,21.9,88.2,512,512,,D:\female\11\305_3.webp
305_4.png,OK,185.8,22.4,87.9,512,512,,D:\female\11\305_4.webp
305_5.png,OK,155.1,18.2,88.3,512,512,,D:\female\11\305_5.webp
305_6.png,OK,187.7,22.8,87.8,512,512,,D:\female\11\305_6.webp
305_7.png,OK,161.9,19.8,87.8,512,512,,D:\female\11\305_7.webp
305_8.png,OK,178.5,24.9,86.1,512,512,,D:\female\11\305_8.webp
305_9.png,OK,178.5,42.3,76.3,512,512,,D:\female\11\305_9.webp
306.png,OK,160.0,20.9,87.0,512,512,,D:\female\11\306.webp
306.png,OK,5.1,2.3,53.7,512,512,,D:\female\9\306.webp
306_1.png,OK,182.5,25.4,86.1,512,512,,D:\female\11\306_1.webp
306_2.png,OK,187.4,22.1,88.2,512,512,,D:\female\11\306_2.webp
306_3.png,OK,195.3,23.7,87.9,512,512,,D:\female\11\306_3.webp
306_4.png,OK,194.8,24.0,87.7,512,512,,D:\female\11\306_4.webp
306_5.png,OK,166.3,19.6,88.2,512,512,,D:\female\11\306_5.webp
306_6.png,OK,196.9,24.5,87.6,512,512,,D:\female\11\306_6.webp
306_7.png,OK,174.0,20.8,88.1,512,512,,D:\female\11\306_7.webp
306_8.png,OK,188.2,26.8,85.8,512,512,,D:\female\11\306_8.webp
306_9.png,OK,188.7,44.1,76.6,512,512,,D:\female\11\306_9.webp
307.png,OK,233.7,39.7,83.0,512,512,,D:\female\11\307.webp
307.png,OK,2.6,1.2,53.9,512,512,,D:\female\9\307.webp
307_1.png,OK,237.8,34.1,85.6,512,512,,D:\female\11\307_1.webp
307_1.png,OK,2.8,1.3,53.2,512,512,,D:\female\9\307_1.webp
307_10.png,OK,208.1,24.1,88.4,512,512,,D:\female\11\307_10.webp
307_11.png,OK,233.8,31.6,86.5,512,512,,D:\female\11\307_11.webp
307_12.png,OK,283.1,43.9,84.5,512,512,,D:\female\11\307_12.webp
307_13.png,OK,271.6,59.0,78.3,512,512,,D:\female\11\307_13.webp
307_14.png,OK,266.4,44.7,83.2,512,512,,D:\female\11\307_14.webp
307_15.png,OK,253.6,35.6,86.0,512,512,,D:\female\11\307_15.webp
307_16.png,OK,225.2,33.1,85.3,512,512,,D:\female\11\307_16.webp
307_17.png,OK,256.8,57.7,77.5,512,512,,D:\female\11\307_17.webp
307_18.png,OK,266.2,66.5,75.0,512,512,,D:\female\11\307_18.webp
307_19.png,OK,241.0,59.5,75.3,512,512,,D:\female\11\307_19.webp
307_2.png,OK,213.9,48.7,77.2,512,512,,D:\female\11\307_2.webp
307_20.png,OK,220.9,34.6,84.3,512,512,,D:\female\11\307_20.webp
307_21.png,OK,241.7,56.2,76.7,512,512,,D:\female\11\307_21.webp
307_22.png,OK,263.1,42.4,83.9,512,512,,D:\female\11\307_22.webp
307_23.png,OK,224.0,30.6,86.4,512,512,,D:\female\11\307_23.webp
307_24.png,OK,233.8,33.0,85.9,512,512,,D:\female\11\307_24.webp
307_25.png,OK,243.5,46.5,80.9,512,512,,D:\female\11\307_25.webp
307_3.png,OK,248.9,57.6,76.8,512,512,,D:\female\11\307_3.webp
307_4.png,OK,225.0,32.2,85.7,512,512,,D:\female\11\307_4.webp
307_5.png,OK,271.3,47.1,82.6,512,512,,D:\female\11\307_5.webp
307_6.png,OK,332.1,76.0,77.1,512,512,,D:\female\11\307_6.webp
307_7.png,OK,302.8,75.1,75.2,512,512,,D:\female\11\307_7.webp
307_8.png,OK,285.4,56.2,80.3,512,512,,D:\female\11\307_8.webp
307_9.png,OK,295.0,46.3,84.3,512,512,,D:\female\11\307_9.webp
308.png,OK,226.7,36.7,83.8,512,512,,D:\female\11\308.webp
308.png,OK,2.9,1.3,54.0,512,512,,D:\female\9\308.webp
308_1.png,OK,239.1,34.4,85.6,512,512,,D:\female\11\308_1.webp
308_1.png,OK,2.2,0.9,58.1,512,512,,D:\female\9\308_1.webp
308_10.png,OK,209.6,24.5,88.3,512,512,,D:\female\11\308_10.webp
308_11.png,OK,235.1,32.5,86.2,512,512,,D:\female\11\308_11.webp
308_12.png,OK,284.9,44.0,84.6,512,512,,D:\female\11\308_12.webp
308_13.png,OK,274.4,61.4,77.6,512,512,,D:\female\11\308_13.webp
308_14.png,OK,268.4,45.1,83.2,512,512,,D:\female\11\308_14.webp
308_15.png,OK,254.0,35.7,85.9,512,512,,D:\female\11\308_15.webp
308_16.png,OK,227.3,33.4,85.3,512,512,,D:\female\11\308_16.webp
308_17.png,OK,258.6,58.0,77.6,512,512,,D:\female\11\308_17.webp
308_18.png,OK,267.5,66.9,75.0,512,512,,D:\female\11\308_18.webp
308_19.png,OK,242.2,59.7,75.3,512,512,,D:\female\11\308_19.webp
308_2.png,OK,215.8,48.8,77.4,512,512,,D:\female\11\308_2.webp
308_20.png,OK,222.8,35.0,84.3,512,512,,D:\female\11\308_20.webp
308_21.png,OK,243.3,56.9,76.6,512,512,,D:\female\11\308_21.webp
308_22.png,OK,265.8,43.4,83.7,512,512,,D:\female\11\308_22.webp
308_23.png,OK,224.7,31.0,86.2,512,512,,D:\female\11\308_23.webp
308_24.png,OK,235.5,33.1,85.9,512,512,,D:\female\11\308_24.webp
308_25.png,OK,245.6,47.1,80.8,512,512,,D:\female\11\308_25.webp
308_3.png,OK,250.9,58.4,76.7,512,512,,D:\female\11\308_3.webp
308_4.png,OK,227.0,32.7,85.6,512,512,,D:\female\11\308_4.webp
308_5.png,OK,273.4,48.4,82.3,512,512,,D:\female\11\308_5.webp
308_6.png,OK,336.0,77.2,77.0,512,512,,D:\female\11\308_6.webp
308_7.png,OK,304.5,75.3,75.3,512,512,,D:\female\11\308_7.webp
308_8.png,OK,288.4,58.3,79.8,512,512,,D:\female\11\308_8.webp
308_9.png,OK,297.9,46.5,84.4,512,512,,D:\female\11\308_9.webp
309.png,OK,282.5,51.8,81.7,512,512,,D:\female\11\309.webp
309.png,OK,4.5,2.0,55.6,512,512,,D:\female\9\309.webp
309_1.png,OK,281.5,48.8,82.7,512,512,,D:\female\11\309_1.webp
309_1.png,OK,4.3,2.0,53.6,512,512,,D:\female\9\309_1.webp
309_10.png,OK,341.2,110.3,67.7,512,512,,D:\female\11\309_10.webp
309_11.png,OK,290.8,59.6,79.5,512,512,,D:\female\11\309_11.webp
309_12.png,OK,295.7,63.4,78.6,512,512,,D:\female\11\309_12.webp
309_13.png,OK,300.5,61.0,79.7,512,512,,D:\female\11\309_13.webp
309_14.png,OK,305.9,81.4,73.4,512,512,,D:\female\11\309_14.webp
309_15.png,OK,312.9,85.9,72.5,512,512,,D:\female\11\309_15.webp
309_16.png,OK,296.3,61.9,79.1,512,512,,D:\female\11\309_16.webp
309_17.png,OK,312.4,63.0,79.8,512,512,,D:\female\11\309_17.webp
309_18.png,OK,327.3,94.0,71.3,512,512,,D:\female\11\309_18.webp
309_19.png,OK,319.3,82.9,74.0,512,512,,D:\female\11\309_19.webp
309_2.png,OK,310.0,65.3,78.9,512,512,,D:\female\11\309_2.webp
309_20.png,OK,321.5,80.6,74.9,512,512,,D:\female\11\309_20.webp
309_21.png,OK,318.1,88.4,72.2,512,512,,D:\female\11\309_21.webp
309_22.png,OK,259.1,43.2,83.3,512,512,,D:\female\11\309_22.webp
309_23.png,OK,253.6,40.2,84.1,512,512,,D:\female\11\309_23.webp
309_24.png,OK,266.6,57.6,78.4,512,512,,D:\female\11\309_24.webp
309_3.png,OK,312.4,65.6,79.0,512,512,,D:\female\11\309_3.webp
309_4.png,OK,316.2,72.2,77.2,512,512,,D:\female\11\309_4.webp
309_5.png,OK,316.3,72.0,77.3,512,512,,D:\female\11\309_5.webp
309_6.png,OK,313.4,66.9,78.7,512,512,,D:\female\11\309_6.webp
309_7.png,OK,300.7,75.7,74.8,512,512,,D:\female\11\309_7.webp
309_8.png,OK,252.7,42.1,83.3,512,512,,D:\female\11\309_8.webp
309_9.png,OK,326.4,106.4,67.4,512,512,,D:\female\11\309_9.webp
30_1.png,OK,130.2,10.3,92.1,512,512,,D:\female\11\30_1.webp
30_1.png,OK,94.3,13.6,85.6,512,512,,D:\female\9\30_1.webp
30_2.png,OK,164.1,38.1,76.8,512,512,,D:\female\11\30_2.webp
30_2.png,OK,84.9,18.8,77.9,512,512,,D:\female\9\30_2.webp
30_3.png,OK,105.1,23.3,77.8,512,512,,D:\female\9\30_3.webp
30_4.png,OK,90.9,20.8,77.1,512,512,,D:\female\9\30_4.webp
30_5.png,OK,91.4,11.3,87.7,512,512,,D:\female\9\30_5.webp
30_6.png,OK,87.9,9.8,88.9,512,512,,D:\female\9\30_6.webp
30_7.png,OK,92.0,11.0,88.0,512,512,,D:\female\9\30_7.webp
30_8.png,OK,101.2,13.7,86.4,512,512,,D:\female\9\30_8.webp
30_9.png,OK,76.9,7.2,90.7,512,512,,D:\female\9\30_9.webp
31.png,OK,162.8,21.4,86.9,512,512,,D:\female\11\31.webp
31.png,OK,85.3,10.4,87.8,512,512,,D:\female\9\31.webp
310.png,OK,242.7,39.1,83.9,512,512,,D:\female\11\310.webp
310.png,OK,6.1,2.9,53.2,512,512,,D:\female\9\310.webp
310_1.png,OK,240.2,38.8,83.8,512,512,,D:\female\11\310_1.webp
310_1.png,OK,6.2,2.8,54.0,512,512,,D:\female\9\310_1.webp
310_10.png,OK,283.7,53.0,81.3,512,512,,D:\female\11\310_10.webp
310_11.png,OK,238.9,38.7,83.8,512,512,,D:\female\11\310_11.webp
310_12.png,OK,277.5,57.4,79.3,512,512,,D:\female\11\310_12.webp
310_13.png,OK,292.2,65.8,77.5,512,512,,D:\female\11\310_13.webp
310_14.png,OK,287.5,73.7,74.4,512,512,,D:\female\11\310_14.webp
310_15.png,OK,270.3,57.2,78.8,512,512,,D:\female\11\310_15.webp
310_16.png,OK,278.7,64.8,76.7,512,512,,D:\female\11\310_16.webp
310_17.png,OK,274.3,58.0,78.9,512,512,,D:\female\11\310_17.webp
310_18.png,OK,231.1,39.1,83.1,512,512,,D:\female\11\310_18.webp
310_19.png,OK,219.3,38.9,82.3,512,512,,D:\female\11\310_19.webp
310_2.png,OK,237.6,36.2,84.8,512,512,,D:\female\11\310_2.webp
310_2.png,OK,6.2,2.9,53.0,512,512,,D:\female\9\310_2.webp
310_20.png,OK,226.3,44.7,80.3,512,512,,D:\female\11\310_20.webp
310_21.png,OK,241.2,61.7,74.4,512,512,,D:\female\11\310_21.webp
310_22.png,OK,255.4,43.2,83.1,512,512,,D:\female\11\310_22.webp
310_23.png,OK,295.7,76.6,74.1,512,512,,D:\female\11\310_23.webp
310_24.png,OK,269.0,44.0,83.6,512,512,,D:\female\11\310_24.webp
310_25.png,OK,249.4,57.2,77.1,512,512,,D:\female\11\310_25.webp
310_3.png,OK,350.8,72.1,79.5,512,512,,D:\female\11\310_3.webp
310_3.png,OK,6.1,2.8,54.0,512,512,,D:\female\9\310_3.webp
310_4.png,OK,356.8,105.6,70.4,512,512,,D:\female\11\310_4.webp
310_5.png,OK,255.6,59.6,76.7,512,512,,D:\female\11\310_5.webp
310_6.png,OK,264.3,62.3,76.4,512,512,,D:\female\11\310_6.webp
310_7.png,OK,289.7,78.4,72.9,512,512,,D:\female\11\310_7.webp
310_8.png,OK,256.9,47.1,81.7,512,512,,D:\female\11\310_8.webp
310_9.png,OK,269.5,50.7,81.2,512,512,,D:\female\11\310_9.webp
311.png,OK,310.0,65.2,79.0,512,512,,D:\female\11\311.webp
311.png,OK,2.6,1.2,54.7,512,512,,D:\female\9\311.webp
311_1.png,OK,287.8,41.8,85.5,512,512,,D:\female\11\311_1.webp
311_1.png,OK,2.2,0.9,58.1,512,512,,D:\female\9\311_1.webp
311_10.png,OK,358.4,69.8,80.5,512,512,,D:\female\11\311_10.webp
311_11.png,OK,385.3,104.5,72.9,512,512,,D:\female\11\311_11.webp
311_12.png,OK,317.0,63.1,80.1,512,512,,D:\female\11\311_12.webp
311_13.png,OK,257.0,30.5,88.1,512,512,,D:\female\11\311_13.webp
311_14.png,OK,209.5,32.3,84.6,512,512,,D:\female\11\311_14.webp
311_15.png,OK,292.6,79.9,72.7,512,512,,D:\female\11\311_15.webp
311_16.png,OK,305.1,60.2,80.3,512,512,,D:\female\11\311_16.webp
311_17.png,OK,306.4,53.1,82.7,512,512,,D:\female\11\311_17.webp
311_18.png,OK,288.4,40.6,85.9,512,512,,D:\female\11\311_18.webp
311_19.png,OK,288.4,42.9,85.1,512,512,,D:\female\11\311_19.webp
311_2.png,OK,308.0,43.5,85.9,512,512,,D:\female\11\311_2.webp
311_2.png,OK,2.2,0.9,58.1,512,512,,D:\female\9\311_2.webp
311_20.png,OK,279.0,41.3,85.2,512,512,,D:\female\11\311_20.webp
311_21.png,OK,264.6,34.2,87.1,512,512,,D:\female\11\311_21.webp
311_22.png,OK,231.5,24.4,89.4,512,512,,D:\female\11\311_22.webp
311_23.png,OK,231.4,43.1,81.4,512,512,,D:\female\11\311_23.webp
311_24.png,OK,239.1,27.9,88.3,512,512,,D:\female\11\311_24.webp
311_25.png,OK,254.5,46.0,81.9,512,512,,D:\female\11\311_25.webp
311_3.png,OK,278.4,37.5,86.5,512,512,,D:\female\11\311_3.webp
311_4.png,OK,326.7,58.7,82.0,512,512,,D:\female\11\311_4.webp
311_5.png,OK,290.6,54.6,81.2,512,512,,D:\female\11\311_5.webp
311_6.png,OK,304.6,46.6,84.7,512,512,,D:\female\11\311_6.webp
311_7.png,OK,331.0,86.8,73.8,512,512,,D:\female\11\311_7.webp
311_8.png,OK,296.0,44.1,85.1,512,512,,D:\female\11\311_8.webp
311_9.png,OK,370.2,65.8,82.2,512,512,,D:\female\11\311_9.webp
312.png,OK,326.9,70.8,78.3,512,512,,D:\female\11\312.webp
312.png,OK,3.0,1.3,57.5,512,512,,D:\female\9\312.webp
312_1.png,OK,301.3,44.6,85.2,512,512,,D:\female\11\312_1.webp
312_1.png,OK,3.0,1.3,57.5,512,512,,D:\female\9\312_1.webp
312_10.png,OK,373.0,74.4,80.1,512,512,,D:\female\11\312_10.webp
312_11.png,OK,400.8,109.6,72.7,512,512,,D:\female\11\312_11.webp
312_12.png,OK,330.7,67.6,79.6,512,512,,D:\female\11\312_12.webp
312_13.png,OK,270.8,33.1,87.8,512,512,,D:\female\11\312_13.webp
312_14.png,OK,222.3,34.2,84.6,512,512,,D:\female\11\312_14.webp
312_15.png,OK,306.9,84.3,72.5,512,512,,D:\female\11\312_15.webp
312_16.png,OK,318.7,63.1,80.2,512,512,,D:\female\11\312_16.webp
312_17.png,OK,320.6,56.1,82.5,512,512,,D:\female\11\312_17.webp
312_18.png,OK,301.3,43.2,85.7,512,512,,D:\female\11\312_18.webp
312_19.png,OK,301.6,45.4,84.9,512,512,,D:\female\11\312_19.webp
312_2.png,OK,323.0,47.0,85.4,512,512,,D:\female\11\312_2.webp
312_20.png,OK,292.2,43.7,85.1,512,512,,D:\female\11\312_20.webp
312_21.png,OK,278.0,36.8,86.8,512,512,,D:\female\11\312_21.webp
312_22.png,OK,242.9,26.2,89.2,512,512,,D:\female\11\312_22.webp
312_23.png,OK,243.4,46.2,81.0,512,512,,D:\female\11\312_23.webp
312_24.png,OK,252.2,30.1,88.1,512,512,,D:\female\11\312_24.webp
312_25.png,OK,268.7,49.6,81.6,512,512,,D:\female\11\312_25.webp
312_3.png,OK,292.6,41.8,85.7,512,512,,D:\female\11\312_3.webp
312_4.png,OK,342.3,63.6,81.4,512,512,,D:\female\11\312_4.webp
312_5.png,OK,304.6,58.1,80.9,512,512,,D:\female\11\312_5.webp
312_6.png,OK,319.5,50.7,84.1,512,512,,D:\female\11\312_6.webp
312_7.png,OK,344.7,92.3,73.2,512,512,,D:\female\11\312_7.webp
312_8.png,OK,309.7,46.9,84.9,512,512,,D:\female\11\312_8.webp
312_9.png,OK,384.3,68.8,82.1,512,512,,D:\female\11\312_9.webp
313.png,OK,318.4,68.4,78.5,512,512,,D:\female\11\313.webp
313.png,OK,33.8,11.5,66.0,512,512,,D:\female\9\313.webp
313_1.png,OK,295.6,44.3,85.0,512,512,,D:\female\11\313_1.webp
313_1.png,OK,33.8,11.4,66.2,512,512,,D:\female\9\313_1.webp
313_10.png,OK,365.5,73.5,79.9,512,512,,D:\female\11\313_10.webp
313_11.png,OK,392.5,108.1,72.5,512,512,,D:\female\11\313_11.webp
313_12.png,OK,324.2,66.8,79.4,512,512,,D:\female\11\313_12.webp
313_13.png,OK,267.5,33.8,87.4,512,512,,D:\female\11\313_13.webp
313_14.png,OK,218.5,34.3,84.3,512,512,,D:\female\11\313_14.webp
313_15.png,OK,302.8,83.5,72.4,512,512,,D:\female\11\313_15.webp
313_16.png,OK,311.9,61.8,80.2,512,512,,D:\female\11\313_16.webp
313_17.png,OK,313.8,55.8,82.2,512,512,,D:\female\11\313_17.webp
313_18.png,OK,295.9,43.3,85.3,512,512,,D:\female\11\313_18.webp
313_19.png,OK,295.8,45.3,84.7,512,512,,D:\female\11\313_19.webp
313_2.png,OK,315.9,46.1,85.4,512,512,,D:\female\11\313_2.webp
313_2.png,OK,33.5,11.1,66.8,512,512,,D:\female\9\313_2.webp
313_20.png,OK,286.5,43.8,84.7,512,512,,D:\female\11\313_20.webp
313_21.png,OK,273.6,37.6,86.3,512,512,,D:\female\11\313_21.webp
313_22.png,OK,240.6,26.7,88.9,512,512,,D:\female\11\313_22.webp
313_23.png,OK,240.6,45.7,81.0,512,512,,D:\female\11\313_23.webp
313_24.png,OK,248.9,30.8,87.6,512,512,,D:\female\11\313_24.webp
313_25.png,OK,265.0,49.4,81.3,512,512,,D:\female\11\313_25.webp
313_3.png,OK,286.9,41.6,85.5,512,512,,D:\female\11\313_3.webp
313_4.png,OK,334.3,61.5,81.6,512,512,,D:\female\11\313_4.webp
313_5.png,OK,298.4,57.1,80.9,512,512,,D:\female\11\313_5.webp
313_6.png,OK,312.8,49.4,84.2,512,512,,D:\female\11\313_6.webp
313_7.png,OK,338.4,89.7,73.5,512,512,,D:\female\11\313_7.webp
313_8.png,OK,303.9,46.9,84.6,512,512,,D:\female\11\313_8.webp
313_9.png,OK,376.4,68.2,81.9,512,512,,D:\female\11\313_9.webp
314.png,OK,315.1,65.0,79.4,512,512,,D:\female\11\314.webp
314.png,OK,2.7,1.2,54.8,512,512,,D:\female\9\314.webp
314_1.png,OK,300.2,44.7,85.1,512,512,,D:\female\11\314_1.webp
314_1.png,OK,2.7,1.2,53.8,512,512,,D:\female\9\314_1.webp
314_10.png,OK,347.5,66.3,80.9,512,512,,D:\female\11\314_10.webp
314_11.png,OK,367.6,93.4,74.6,512,512,,D:\female\11\314_11.webp
314_12.png,OK,311.7,62.3,80.0,512,512,,D:\female\11\314_12.webp
314_13.png,OK,260.8,30.1,88.5,512,512,,D:\female\11\314_13.webp
314_14.png,OK,211.0,26.2,87.6,512,512,,D:\female\11\314_14.webp
314_15.png,OK,293.0,76.1,74.0,512,512,,D:\female\11\314_15.webp
314_16.png,OK,310.4,58.9,81.0,512,512,,D:\female\11\314_16.webp
314_17.png,OK,313.9,54.2,82.7,512,512,,D:\female\11\314_17.webp
314_18.png,OK,296.6,42.7,85.6,512,512,,D:\female\11\314_18.webp
314_19.png,OK,297.3,44.9,84.9,512,512,,D:\female\11\314_19.webp
314_2.png,OK,316.0,45.1,85.7,512,512,,D:\female\11\314_2.webp
314_20.png,OK,285.4,42.8,85.0,512,512,,D:\female\11\314_20.webp
314_21.png,OK,267.4,32.9,87.7,512,512,,D:\female\11\314_21.webp
314_22.png,OK,235.2,25.6,89.1,512,512,,D:\female\11\314_22.webp
314_23.png,OK,226.7,41.0,81.9,512,512,,D:\female\11\314_23.webp
314_24.png,OK,252.5,30.2,88.0,512,512,,D:\female\11\314_24.webp
314_25.png,OK,266.6,48.3,81.9,512,512,,D:\female\11\314_25.webp
314_3.png,OK,289.7,39.9,86.2,512,512,,D:\female\11\314_3.webp
314_4.png,OK,336.7,60.3,82.1,512,512,,D:\female\11\314_4.webp
314_5.png,OK,316.0,62.6,80.2,512,512,,D:\female\11\314_5.webp
314_6.png,OK,322.9,52.6,83.7,512,512,,D:\female\11\314_6.webp
314_7.png,OK,355.8,98.2,72.4,512,512,,D:\female\11\314_7.webp
314_8.png,OK,306.8,45.9,85.0,512,512,,D:\female\11\314_8.webp
314_9.png,OK,353.4,59.9,83.1,512,512,,D:\female\11\314_9.webp
315.png,OK,268.7,52.6,80.4,512,512,,D:\female\11\315.webp
315.png,OK,2.7,1.2,55.6,512,512,,D:\female\9\315.webp
315_1.png,OK,318.7,67.0,79.0,512,512,,D:\female\11\315_1.webp
315_2.png,OK,266.7,56.1,79.0,512,512,,D:\female\11\315_2.webp
315_3.png,OK,271.9,50.4,81.5,512,512,,D:\female\11\315_3.webp
315_4.png,OK,237.8,39.7,83.3,512,512,,D:\female\11\315_4.webp
315_5.png,OK,268.7,47.2,82.4,512,512,,D:\female\11\315_5.webp
315_6.png,OK,271.8,50.0,81.6,512,512,,D:\female\11\315_6.webp
315_7.png,OK,253.1,52.3,79.3,512,512,,D:\female\11\315_7.webp
315_8.png,OK,287.6,65.2,77.3,512,512,,D:\female\11\315_8.webp
315_9.png,OK,235.4,35.7,84.8,512,512,,D:\female\11\315_9.webp
316.png,OK,212.6,26.1,87.7,512,512,,D:\female\11\316.webp
316.png,OK,22.1,7.9,64.3,512,512,,D:\female\9\316.webp
316_1.png,OK,177.6,23.4,86.8,512,512,,D:\female\11\316_1.webp
316_1.png,OK,21.4,6.9,67.9,512,512,,D:\female\9\316_1.webp
316_10.png,OK,207.9,45.6,78.1,512,512,,D:\female\11\316_10.webp
316_11.png,OK,311.8,73.9,76.3,512,512,,D:\female\11\316_11.webp
316_12.png,OK,252.9,43.2,82.9,512,512,,D:\female\11\316_12.webp
316_13.png,OK,205.3,31.1,84.8,512,512,,D:\female\11\316_13.webp
316_14.png,OK,357.9,70.8,80.2,512,512,,D:\female\11\316_14.webp
316_15.png,OK,248.9,44.6,82.1,512,512,,D:\female\11\316_15.webp
316_16.png,OK,286.9,73.4,74.4,512,512,,D:\female\11\316_16.webp
316_17.png,OK,230.4,35.4,84.6,512,512,,D:\female\11\316_17.webp
316_18.png,OK,273.7,64.6,76.4,512,512,,D:\female\11\316_18.webp
316_19.png,OK,299.4,69.1,76.9,512,512,,D:\female\11\316_19.webp
316_2.png,OK,209.3,24.5,88.3,512,512,,D:\female\11\316_2.webp
316_2.png,OK,22.1,7.7,65.3,512,512,,D:\female\9\316_2.webp
316_20.png,OK,249.6,43.0,82.8,512,512,,D:\female\11\316_20.webp
316_21.png,OK,348.8,72.0,79.3,512,512,,D:\female\11\316_21.webp
316_22.png,OK,209.2,29.8,85.8,512,512,,D:\female\11\316_22.webp
316_23.png,OK,263.4,37.2,85.9,512,512,,D:\female\11\316_23.webp
316_24.png,OK,247.7,37.4,84.9,512,512,,D:\female\11\316_24.webp
316_25.png,OK,254.7,38.7,84.8,512,512,,D:\female\11\316_25.webp
316_3.png,OK,211.3,24.7,88.3,512,512,,D:\female\11\316_3.webp
316_4.png,OK,216.5,52.2,75.9,512,512,,D:\female\11\316_4.webp
316_5.png,OK,192.3,29.9,84.4,512,512,,D:\female\11\316_5.webp
316_6.png,OK,196.0,26.3,86.6,512,512,,D:\female\11\316_6.webp
316_7.png,OK,189.2,22.7,88.0,512,512,,D:\female\11\316_7.webp
316_8.png,OK,195.9,25.7,86.9,512,512,,D:\female\11\316_8.webp
316_9.png,OK,208.8,51.6,75.3,512,512,,D:\female\11\316_9.webp
317.png,OK,207.6,26.1,87.4,512,512,,D:\female\11\317.webp
317.png,OK,3.2,1.5,52.7,512,512,,D:\female\9\317.webp
317_1.png,OK,168.7,22.6,86.6,512,512,,D:\female\11\317_1.webp
317_10.png,OK,200.9,44.2,78.0,512,512,,D:\female\11\317_10.webp
317_11.png,OK,306.4,73.7,76.0,512,512,,D:\female\11\317_11.webp
317_12.png,OK,246.6,42.5,82.8,512,512,,D:\female\11\317_12.webp
317_13.png,OK,196.6,30.1,84.7,512,512,,D:\female\11\317_13.webp
317_14.png,OK,353.6,70.3,80.1,512,512,,D:\female\11\317_14.webp
317_15.png,OK,244.4,44.3,81.9,512,512,,D:\female\11\317_15.webp
317_16.png,OK,281.7,72.9,74.1,512,512,,D:\female\11\317_16.webp
317_17.png,OK,225.1,35.3,84.3,512,512,,D:\female\11\317_17.webp
317_18.png,OK,269.3,64.7,76.0,512,512,,D:\female\11\317_18.webp
317_19.png,OK,292.5,67.4,77.0,512,512,,D:\female\11\317_19.webp
317_2.png,OK,202.5,24.6,87.8,512,512,,D:\female\11\317_2.webp
317_20.png,OK,243.1,42.5,82.5,512,512,,D:\female\11\317_20.webp
317_21.png,OK,345.3,72.3,79.1,512,512,,D:\female\11\317_21.webp
317_22.png,OK,203.0,28.9,85.8,512,512,,D:\female\11\317_22.webp
317_23.png,OK,258.6,37.0,85.7,512,512,,D:\female\11\317_23.webp
317_24.png,OK,244.2,37.9,84.5,512,512,,D:\female\11\317_24.webp
317_25.png,OK,250.0,39.0,84.4,512,512,,D:\female\11\317_25.webp
317_3.png,OK,203.7,24.0,88.2,512,512,,D:\female\11\317_3.webp
317_4.png,OK,208.3,50.2,75.9,512,512,,D:\female\11\317_4.webp
317_5.png,OK,186.1,29.8,84.0,512,512,,D:\female\11\317_5.webp
317_6.png,OK,188.6,26.4,86.0,512,512,,D:\female\11\317_6.webp
317_7.png,OK,182.3,22.9,87.4,512,512,,D:\female\11\317_7.webp
317_8.png,OK,189.4,25.6,86.5,512,512,,D:\female\11\317_8.webp
317_9.png,OK,201.0,49.8,75.2,512,512,,D:\female\11\317_9.webp
318.png,OK,255.0,60.2,76.4,512,512,,D:\female\11\318.webp
318.png,OK,6.0,2.7,55.1,512,512,,D:\female\9\318.webp
318_1.png,OK,281.4,69.4,75.3,512,512,,D:\female\11\318_1.webp
318_1.png,OK,6.1,2.9,52.1,512,512,,D:\female\9\318_1.webp
318_10.png,OK,198.8,42.0,78.9,512,512,,D:\female\11\318_10.webp
318_11.png,OK,229.0,55.1,75.9,512,512,,D:\female\11\318_11.webp
318_12.png,OK,261.4,83.6,68.0,512,512,,D:\female\11\318_12.webp
318_13.png,OK,151.3,20.1,86.7,512,512,,D:\female\11\318_13.webp
318_14.png,OK,173.8,29.2,83.2,512,512,,D:\female\11\318_14.webp
318_15.png,OK,186.0,29.2,84.3,512,512,,D:\female\11\318_15.webp
318_16.png,OK,176.0,34.6,80.3,512,512,,D:\female\11\318_16.webp
318_17.png,OK,178.6,31.3,82.5,512,512,,D:\female\11\318_17.webp
318_18.png,OK,177.8,34.9,80.4,512,512,,D:\female\11\318_18.webp
318_19.png,OK,218.1,53.6,75.4,512,512,,D:\female\11\318_19.webp
318_2.png,OK,272.8,60.9,77.7,512,512,,D:\female\11\318_2.webp
318_2.png,OK,6.0,2.7,55.6,512,512,,D:\female\9\318_2.webp
318_20.png,OK,136.8,21.1,84.6,512,512,,D:\female\11\318_20.webp
318_21.png,OK,270.3,84.7,68.7,512,512,,D:\female\11\318_21.webp
318_22.png,OK,273.4,75.0,72.6,512,512,,D:\female\11\318_22.webp
318_23.png,OK,272.0,73.7,72.9,512,512,,D:\female\11\318_23.webp
318_3.png,OK,161.4,27.1,83.2,512,512,,D:\female\11\318_3.webp
318_3.png,OK,5.8,2.7,54.0,512,512,,D:\female\9\318_3.webp
318_4.png,OK,252.5,65.9,73.9,512,512,,D:\female\11\318_4.webp
318_4.png,OK,5.9,2.8,52.7,512,512,,D:\female\9\318_4.webp
318_5.png,OK,204.5,33.2,83.8,512,512,,D:\female\11\318_5.webp
318_6.png,OK,171.8,29.2,83.0,512,512,,D:\female\11\318_6.webp
318_7.png,OK,243.6,67.2,72.4,512,512,,D:\female\11\318_7.webp
318_8.png,OK,172.9,25.1,85.5,512,512,,D:\female\11\318_8.webp
318_9.png,OK,197.5,30.9,84.4,512,512,,D:\female\11\318_9.webp
319.png,OK,187.0,23.3,87.5,512,512,,D:\female\11\319.webp
319.png,OK,53.4,13.5,74.8,512,512,,D:\female\9\319.webp
319_1.png,OK,156.9,19.8,87.4,512,512,,D:\female\11\319_1.webp
319_1.png,OK,55.5,14.9,73.2,512,512,,D:\female\9\319_1.webp
319_10.png,OK,214.8,30.8,85.7,512,512,,D:\female\11\319_10.webp
319_11.png,OK,326.2,102.0,68.7,512,512,,D:\female\11\319_11.webp
319_2.png,OK,186.1,24.3,86.9,512,512,,D:\female\11\319_2.webp
319_3.png,OK,159.4,22.7,85.8,512,512,,D:\female\11\319_3.webp
319_4.png,OK,201.1,39.8,80.2,512,512,,D:\female\11\319_4.webp
319_5.png,OK,329.4,74.5,77.4,512,512,,D:\female\11\319_5.webp
319_6.png,OK,187.0,26.3,85.9,512,512,,D:\female\11\319_6.webp
319_7.png,OK,182.0,27.3,85.0,512,512,,D:\female\11\319_7.webp
319_8.png,OK,171.6,28.1,83.6,512,512,,D:\female\11\319_8.webp
319_9.png,OK,247.7,34.7,86.0,512,512,,D:\female\11\319_9.webp
31_1.png,OK,166.8,23.3,86.0,512,512,,D:\female\11\31_1.webp
31_1.png,OK,93.3,13.5,85.5,512,512,,D:\female\9\31_1.webp
31_2.png,OK,179.4,33.2,81.5,512,512,,D:\female\11\31_2.webp
31_2.png,OK,84.0,18.7,77.8,512,512,,D:\female\9\31_2.webp
31_3.png,OK,193.4,31.8,83.6,512,512,,D:\female\11\31_3.webp
31_3.png,OK,103.9,23.2,77.7,512,512,,D:\female\9\31_3.webp
31_4.png,OK,193.3,32.2,83.3,512,512,,D:\female\11\31_4.webp
31_4.png,OK,90.0,20.7,77.0,512,512,,D:\female\9\31_4.webp
31_5.png,OK,196.0,33.1,83.1,512,512,,D:\female\11\31_5.webp
31_5.png,OK,90.4,11.3,87.5,512,512,,D:\female\9\31_5.webp
31_6.png,OK,207.1,35.8,82.7,512,512,,D:\female\11\31_6.webp
31_6.png,OK,86.9,9.9,88.6,512,512,,D:\female\9\31_6.webp
31_7.png,OK,91.1,11.1,87.9,512,512,,D:\female\9\31_7.webp
31_8.png,OK,100.1,13.7,86.3,512,512,,D:\female\9\31_8.webp
31_9.png,OK,76.5,7.1,90.7,512,512,,D:\female\9\31_9.webp
32.png,OK,153.1,33.2,78.3,512,512,,D:\female\11\32.webp
32.png,OK,72.0,12.2,83.0,512,512,,D:\female\9\32.webp
320.png,OK,354.1,95.9,72.9,512,512,,D:\female\11\320.webp
320.png,OK,2.7,1.2,53.6,512,512,,D:\female\9\320.webp
320_1.png,OK,304.4,64.6,78.8,512,512,,D:\female\11\320_1.webp
320_1.png,OK,2.2,0.9,58.0,512,512,,D:\female\9\320_1.webp
320_10.png,OK,288.2,43.1,85.1,512,512,,D:\female\11\320_10.webp
320_11.png,OK,281.2,45.2,83.9,512,512,,D:\female\11\320_11.webp
320_12.png,OK,287.9,46.5,83.8,512,512,,D:\female\11\320_12.webp
320_13.png,OK,341.9,71.0,79.2,512,512,,D:\female\11\320_13.webp
320_2.png,OK,337.5,64.6,80.8,512,512,,D:\female\11\320_2.webp
320_2.png,OK,2.2,0.9,58.0,512,512,,D:\female\9\320_2.webp
320_3.png,OK,258.4,37.1,85.6,512,512,,D:\female\11\320_3.webp
320_3.png,OK,2.2,0.9,58.1,512,512,,D:\female\9\320_3.webp
320_4.png,OK,260.0,44.1,83.0,512,512,,D:\female\11\320_4.webp
320_5.png,OK,261.6,48.9,81.3,512,512,,D:\female\11\320_5.webp
320_6.png,OK,254.5,32.6,87.2,512,512,,D:\female\11\320_6.webp
320_7.png,OK,251.0,38.1,84.8,512,512,,D:\female\11\320_7.webp
320_8.png,OK,276.3,57.7,79.1,512,512,,D:\female\11\320_8.webp
320_9.png,OK,306.4,87.5,71.4,512,512,,D:\female\11\320_9.webp
321.png,OK,186.6,35.0,81.3,512,512,,D:\female\11\321.webp
321.png,OK,2.7,1.2,54.7,512,512,,D:\female\9\321.webp
321_1.png,OK,170.9,38.2,77.7,512,512,,D:\female\11\321_1.webp
321_10.png,OK,132.0,18.0,86.4,512,512,,D:\female\11\321_10.webp
321_2.png,OK,212.0,46.7,78.0,512,512,,D:\female\11\321_2.webp
321_3.png,OK,162.6,30.0,81.6,512,512,,D:\female\11\321_3.webp
321_4.png,OK,141.0,16.2,88.5,512,512,,D:\female\11\321_4.webp
321_5.png,OK,159.2,24.7,84.5,512,512,,D:\female\11\321_5.webp
321_6.png,OK,174.3,35.5,79.7,512,512,,D:\female\11\321_6.webp
321_7.png,OK,133.2,24.1,81.9,512,512,,D:\female\11\321_7.webp
321_8.png,OK,152.2,43.3,71.5,512,512,,D:\female\11\321_8.webp
321_9.png,OK,132.5,33.2,74.9,512,512,,D:\female\11\321_9.webp
322.png,OK,152.1,20.9,86.2,512,512,,D:\female\11\322.webp
322.png,OK,33.7,11.9,64.6,512,512,,D:\female\9\322.webp
322_1.png,OK,145.3,21.3,85.3,512,512,,D:\female\11\322_1.webp
322_10.png,OK,131.5,14.5,89.0,512,512,,D:\female\11\322_10.webp
322_11.png,OK,159.3,22.0,86.2,512,512,,D:\female\11\322_11.webp
322_12.png,OK,165.2,27.6,83.3,512,512,,D:\female\11\322_12.webp
322_13.png,OK,156.6,29.8,81.0,512,512,,D:\female\11\322_13.webp
322_14.png,OK,230.1,47.4,79.4,512,512,,D:\female\11\322_14.webp
322_15.png,OK,205.2,44.1,78.5,512,512,,D:\female\11\322_15.webp
322_16.png,OK,200.5,56.0,72.1,512,512,,D:\female\11\322_16.webp
322_17.png,OK,133.4,15.0,88.7,512,512,,D:\female\11\322_17.webp
322_18.png,OK,130.8,13.7,89.5,512,512,,D:\female\11\322_18.webp
322_19.png,OK,181.1,27.7,84.7,512,512,,D:\female\11\322_19.webp
322_2.png,OK,113.5,15.5,86.3,512,512,,D:\female\11\322_2.webp
322_20.png,OK,217.7,53.8,75.3,512,512,,D:\female\11\322_20.webp
322_21.png,OK,209.7,34.0,83.8,512,512,,D:\female\11\322_21.webp
322_22.png,OK,125.1,24.5,80.4,512,512,,D:\female\11\322_22.webp
322_23.png,OK,241.0,71.7,70.2,512,512,,D:\female\11\322_23.webp
322_24.png,OK,221.2,60.6,72.6,512,512,,D:\female\11\322_24.webp
322_25.png,OK,214.9,50.1,76.7,512,512,,D:\female\11\322_25.webp
322_3.png,OK,192.2,31.8,83.4,512,512,,D:\female\11\322_3.webp
322_4.png,OK,206.8,35.7,82.8,512,512,,D:\female\11\322_4.webp
322_5.png,OK,147.3,24.0,83.7,512,512,,D:\female\11\322_5.webp
322_6.png,OK,152.5,31.3,79.5,512,512,,D:\female\11\322_6.webp
322_7.png,OK,228.7,70.9,69.0,512,512,,D:\female\11\322_7.webp
322_8.png,OK,169.7,41.7,75.5,512,512,,D:\female\11\322_8.webp
322_9.png,OK,150.2,25.2,83.2,512,512,,D:\female\11\322_9.webp
323.png,OK,217.6,50.3,76.9,512,512,,D:\female\11\323.webp
323.png,OK,2.7,1.2,54.5,512,512,,D:\female\9\323.webp
323_1.png,OK,222.3,58.3,73.8,512,512,,D:\female\11\323_1.webp
323_10.png,OK,204.2,46.9,77.0,512,512,,D:\female\11\323_10.webp
323_11.png,OK,206.9,48.7,76.5,512,512,,D:\female\11\323_11.webp
323_12.png,OK,170.6,26.9,84.2,512,512,,D:\female\11\323_12.webp
323_13.png,OK,164.9,31.9,80.7,512,512,,D:\female\11\323_13.webp
323_14.png,OK,173.0,41.7,75.9,512,512,,D:\female\11\323_14.webp
323_15.png,OK,183.7,31.8,82.7,512,512,,D:\female\11\323_15.webp
323_16.png,OK,188.0,37.5,80.1,512,512,,D:\female\11\323_16.webp
323_17.png,OK,181.6,30.1,83.4,512,512,,D:\female\11\323_17.webp
323_18.png,OK,213.6,51.9,75.7,512,512,,D:\female\11\323_18.webp
323_19.png,OK,184.5,30.6,83.4,512,512,,D:\female\11\323_19.webp
323_2.png,OK,225.7,59.2,73.8,512,512,,D:\female\11\323_2.webp
323_20.png,OK,207.6,43.7,78.9,512,512,,D:\female\11\323_20.webp
323_21.png,OK,211.8,61.2,71.1,512,512,,D:\female\11\323_21.webp
323_22.png,OK,200.3,42.0,79.0,512,512,,D:\female\11\323_22.webp
323_23.png,OK,222.8,60.2,73.0,512,512,,D:\female\11\323_23.webp
323_24.png,OK,213.8,47.5,77.8,512,512,,D:\female\11\323_24.webp
323_25.png,OK,212.1,48.6,77.1,512,512,,D:\female\11\323_25.webp
323_3.png,OK,231.0,65.9,71.5,512,512,,D:\female\11\323_3.webp
323_4.png,OK,231.5,65.9,71.5,512,512,,D:\female\11\323_4.webp
323_5.png,OK,174.5,29.9,82.9,512,512,,D:\female\11\323_5.webp
323_6.png,OK,166.0,34.6,79.1,512,512,,D:\female\11\323_6.webp
323_7.png,OK,184.3,50.5,72.6,512,512,,D:\female\11\323_7.webp
323_8.png,OK,189.5,49.3,74.0,512,512,,D:\female\11\323_8.webp
323_9.png,OK,171.2,30.1,82.4,512,512,,D:\female\11\323_9.webp
324.png,OK,148.2,27.8,81.2,512,512,,D:\female\11\324.webp
324.png,OK,4.8,2.3,52.3,512,512,,D:\female\9\324.webp
324_1.png,OK,143.5,23.8,83.4,512,512,,D:\female\11\324_1.webp
324_1.png,OK,4.7,2.1,55.5,512,512,,D:\female\9\324_1.webp
324_10.png,OK,166.3,44.2,73.4,512,512,,D:\female\11\324_10.webp
324_11.png,OK,100.8,15.2,85.0,512,512,,D:\female\11\324_11.webp
324_12.png,OK,98.6,10.8,89.1,512,512,,D:\female\11\324_12.webp
324_13.png,OK,103.5,12.4,88.0,512,512,,D:\female\11\324_13.webp
324_14.png,OK,92.0,15.1,83.6,512,512,,D:\female\11\324_14.webp
324_15.png,OK,107.9,22.8,78.8,512,512,,D:\female\11\324_15.webp
324_16.png,OK,89.7,15.0,83.2,512,512,,D:\female\11\324_16.webp
324_17.png,OK,98.4,13.1,86.7,512,512,,D:\female\11\324_17.webp
324_18.png,OK,96.8,14.1,85.4,512,512,,D:\female\11\324_18.webp
324_19.png,OK,85.6,14.8,82.7,512,512,,D:\female\11\324_19.webp
324_2.png,OK,120.4,23.2,80.7,512,512,,D:\female\11\324_2.webp
324_20.png,OK,92.9,14.8,84.0,512,512,,D:\female\11\324_20.webp
324_3.png,OK,195.4,42.6,78.2,512,512,,D:\female\11\324_3.webp
324_4.png,OK,151.6,26.2,82.7,512,512,,D:\female\11\324_4.webp
324_5.png,OK,154.4,38.4,75.1,512,512,,D:\female\11\324_5.webp
324_6.png,OK,136.1,22.7,83.3,512,512,,D:\female\11\324_6.webp
324_7.png,OK,156.6,29.9,80.9,512,512,,D:\female\11\324_7.webp
324_8.png,OK,154.7,32.0,79.3,512,512,,D:\female\11\324_8.webp
324_9.png,OK,160.4,36.9,77.0,512,512,,D:\female\11\324_9.webp
325.png,OK,292.9,42.0,85.7,512,512,,D:\female\11\325.webp
325.png,OK,16.6,5.7,65.3,512,512,,D:\female\9\325.webp
325_1.png,OK,288.0,38.5,86.6,512,512,,D:\female\11\325_1.webp
325_1.png,OK,16.9,6.2,63.0,512,512,,D:\female\9\325_1.webp
325_2.png,OK,16.5,5.9,64.1,512,512,,D:\female\9\325_2.webp
326.png,OK,291.6,42.1,85.6,512,512,,D:\female\11\326.webp
326.png,OK,2.6,1.2,55.2,512,512,,D:\female\9\326.webp
326_1.png,OK,286.2,38.4,86.6,512,512,,D:\female\11\326_1.webp
327.png,OK,152.0,30.7,79.8,512,512,,D:\female\11\327.webp
327.png,OK,2.9,1.3,54.8,512,512,,D:\female\9\327.webp
327_1.png,OK,180.7,23.6,87.0,512,512,,D:\female\11\327_1.webp
327_2.png,OK,187.3,24.2,87.1,512,512,,D:\female\11\327_2.webp
327_3.png,OK,190.5,24.7,87.0,512,512,,D:\female\11\327_3.webp
327_4.png,OK,178.5,21.0,88.2,512,512,,D:\female\11\327_4.webp
327_5.png,OK,180.7,23.5,87.0,512,512,,D:\female\11\327_5.webp
327_6.png,OK,185.6,30.8,83.4,512,512,,D:\female\11\327_6.webp
327_7.png,OK,188.6,33.5,82.3,512,512,,D:\female\11\327_7.webp
327_8.png,OK,163.7,23.7,85.5,512,512,,D:\female\11\327_8.webp
328.png,OK,159.7,32.0,80.0,512,512,,D:\female\11\328.webp
328.png,OK,6.5,3.0,53.9,512,512,,D:\female\9\328.webp
328_1.png,OK,182.3,23.7,87.0,512,512,,D:\female\11\328_1.webp
328_1.png,OK,6.0,2.6,56.2,512,512,,D:\female\9\328_1.webp
328_2.png,OK,188.1,24.2,87.2,512,512,,D:\female\11\328_2.webp
328_2.png,OK,6.3,3.1,50.9,512,512,,D:\female\9\328_2.webp
328_3.png,OK,191.1,24.9,87.0,512,512,,D:\female\11\328_3.webp
328_4.png,OK,179.2,21.1,88.2,512,512,,D:\female\11\328_4.webp
328_5.png,OK,180.9,23.5,87.0,512,512,,D:\female\11\328_5.webp
328_6.png,OK,186.4,30.8,83.5,512,512,,D:\female\11\328_6.webp
328_7.png,OK,189.2,33.7,82.2,512,512,,D:\female\11\328_7.webp
328_8.png,OK,163.9,23.5,85.7,512,512,,D:\female\11\328_8.webp
329.png,OK,126.6,26.5,79.1,512,512,,D:\female\11\329.webp
329.png,OK,2.7,1.2,54.4,512,512,,D:\female\9\329.webp
329_1.png,OK,144.8,19.0,86.9,512,512,,D:\female\11\329_1.webp
329_2.png,OK,146.4,18.5,87.4,512,512,,D:\female\11\329_2.webp
329_3.png,OK,151.8,19.6,87.1,512,512,,D:\female\11\329_3.webp
329_4.png,OK,143.1,17.0,88.2,512,512,,D:\female\11\329_4.webp
329_5.png,OK,140.4,17.8,87.3,512,512,,D:\female\11\329_5.webp
329_6.png,OK,146.0,24.0,83.6,512,512,,D:\female\11\329_6.webp
329_7.png,OK,151.0,27.2,82.0,512,512,,D:\female\11\329_7.webp
329_8.png,OK,131.7,19.7,85.0,512,512,,D:\female\11\329_8.webp
32_1.png,OK,114.2,16.6,85.4,512,512,,D:\female\11\32_1.webp
32_1.png,OK,62.7,8.9,85.8,512,512,,D:\female\9\32_1.webp
32_2.png,OK,111.2,15.9,85.7,512,512,,D:\female\11\32_2.webp
32_2.png,OK,68.5,11.1,83.8,512,512,,D:\female\9\32_2.webp
32_3.png,OK,77.2,15.0,80.5,512,512,,D:\female\9\32_3.webp
32_4.png,OK,76.3,14.6,80.9,512,512,,D:\female\9\32_4.webp
33.png,OK,65.8,9.5,85.5,512,512,,D:\female\11\33.webp
33.png,OK,2.2,0.9,58.1,512,512,,D:\female\9\33.webp
330.png,OK,128.0,26.6,79.3,512,512,,D:\female\11\330.webp
330.png,OK,4.5,2.0,55.7,512,512,,D:\female\9\330.webp
330_1.png,OK,145.6,19.2,86.8,512,512,,D:\female\11\330_1.webp
330_2.png,OK,147.2,18.6,87.4,512,512,,D:\female\11\330_2.webp
330_3.png,OK,152.6,19.7,87.1,512,512,,D:\female\11\330_3.webp
330_4.png,OK,143.8,17.0,88.2,512,512,,D:\female\11\330_4.webp
330_5.png,OK,141.1,17.9,87.3,512,512,,D:\female\11\330_5.webp
330_6.png,OK,146.9,24.1,83.6,512,512,,D:\female\11\330_6.webp
330_7.png,OK,152.0,27.2,82.1,512,512,,D:\female\11\330_7.webp
330_8.png,OK,131.7,19.5,85.2,512,512,,D:\female\11\330_8.webp
331.png,OK,250.3,43.1,82.8,512,512,,D:\female\11\331.webp
331.png,OK,14.3,5.7,59.9,512,512,,D:\female\9\331.webp
331_1.png,OK,14.7,6.4,56.8,512,512,,D:\female\9\331_1.webp
331_2.png,OK,14.2,6.1,57.0,512,512,,D:\female\9\331_2.webp
331_3.png,OK,14.1,5.5,61.1,512,512,,D:\female\9\331_3.webp
332.png,OK,155.1,19.7,87.3,512,512,,D:\female\11\332.webp
332.png,OK,2.7,1.2,54.7,512,512,,D:\female\9\332.webp
332_1.png,OK,2.2,0.9,58.2,512,512,,D:\female\9\332_1.webp
333.png,OK,159.8,20.0,87.5,512,512,,D:\female\11\333.webp
333.png,OK,5.3,2.1,59.5,512,512,,D:\female\9\333.webp
334.png,OK,116.1,13.9,88.0,512,512,,D:\female\11\334.webp
334.png,OK,5.7,2.3,59.6,512,512,,D:\female\9\334.webp
334_1.png,OK,88.6,12.6,85.8,512,512,,D:\female\11\334_1.webp
334_1.png,OK,6.3,2.9,53.7,512,512,,D:\female\9\334_1.webp
334_10.png,OK,131.3,32.4,75.3,512,512,,D:\female\11\334_10.webp
334_11.png,OK,131.5,28.1,78.6,512,512,,D:\female\11\334_11.webp
334_12.png,OK,131.6,28.8,78.1,512,512,,D:\female\11\334_12.webp
334_13.png,OK,125.3,18.6,85.2,512,512,,D:\female\11\334_13.webp
334_14.png,OK,129.6,34.2,73.6,512,512,,D:\female\11\334_14.webp
334_15.png,OK,135.0,24.6,81.8,512,512,,D:\female\11\334_15.webp
334_16.png,OK,135.0,27.4,79.7,512,512,,D:\female\11\334_16.webp
334_17.png,OK,120.9,13.9,88.5,512,512,,D:\female\11\334_17.webp
334_18.png,OK,139.5,25.5,81.7,512,512,,D:\female\11\334_18.webp
334_19.png,OK,126.7,18.8,85.2,512,512,,D:\female\11\334_19.webp
334_2.png,OK,116.0,24.1,79.2,512,512,,D:\female\11\334_2.webp
334_20.png,OK,130.8,24.4,81.3,512,512,,D:\female\11\334_20.webp
334_21.png,OK,133.5,36.1,72.9,512,512,,D:\female\11\334_21.webp
334_22.png,OK,141.6,20.7,85.4,512,512,,D:\female\11\334_22.webp
334_23.png,OK,133.7,20.7,84.5,512,512,,D:\female\11\334_23.webp
334_24.png,OK,112.2,14.1,87.4,512,512,,D:\female\11\334_24.webp
334_3.png,OK,110.8,23.9,78.4,512,512,,D:\female\11\334_3.webp
334_4.png,OK,108.6,12.7,88.3,512,512,,D:\female\11\334_4.webp
334_5.png,OK,108.5,13.0,88.1,512,512,,D:\female\11\334_5.webp
334_6.png,OK,110.1,12.6,88.6,512,512,,D:\female\11\334_6.webp
334_7.png,OK,104.6,11.6,88.9,512,512,,D:\female\11\334_7.webp
334_8.png,OK,107.0,15.0,86.0,512,512,,D:\female\11\334_8.webp
334_9.png,OK,119.1,29.1,75.5,512,512,,D:\female\11\334_9.webp
335.png,OK,131.8,19.6,85.1,512,512,,D:\female\11\335.webp
335.png,OK,2.9,1.3,55.4,512,512,,D:\female\9\335.webp
335_1.png,OK,169.5,34.8,79.5,512,512,,D:\female\11\335_1.webp
335_1.png,OK,2.8,1.3,54.3,512,512,,D:\female\9\335_1.webp
335_10.png,OK,146.2,20.9,85.7,512,512,,D:\female\11\335_10.webp
335_11.png,OK,147.4,25.9,82.4,512,512,,D:\female\11\335_11.webp
335_12.png,OK,139.0,25.6,81.6,512,512,,D:\female\11\335_12.webp
335_13.png,OK,141.7,23.7,83.2,512,512,,D:\female\11\335_13.webp
335_14.png,OK,133.1,20.7,84.5,512,512,,D:\female\11\335_14.webp
335_15.png,OK,141.4,22.1,84.4,512,512,,D:\female\11\335_15.webp
335_16.png,OK,135.4,21.8,83.9,512,512,,D:\female\11\335_16.webp
335_17.png,OK,153.1,32.4,78.9,512,512,,D:\female\11\335_17.webp
335_18.png,OK,134.5,21.7,83.9,512,512,,D:\female\11\335_18.webp
335_19.png,OK,164.4,43.6,73.5,512,512,,D:\female\11\335_19.webp
335_2.png,OK,107.3,21.0,80.4,512,512,,D:\female\11\335_2.webp
335_20.png,OK,132.8,20.2,84.8,512,512,,D:\female\11\335_20.webp
335_21.png,OK,167.4,36.8,78.0,512,512,,D:\female\11\335_21.webp
335_22.png,OK,163.6,34.8,78.7,512,512,,D:\female\11\335_22.webp
335_23.png,OK,177.2,36.8,79.3,512,512,,D:\female\11\335_23.webp
335_24.png,OK,107.5,23.2,78.4,512,512,,D:\female\11\335_24.webp
335_25.png,OK,92.8,14.2,84.7,512,512,,D:\female\11\335_25.webp
335_3.png,OK,118.1,23.0,80.5,512,512,,D:\female\11\335_3.webp
335_4.png,OK,152.0,33.0,78.3,512,512,,D:\female\11\335_4.webp
335_5.png,OK,156.9,26.6,83.1,512,512,,D:\female\11\335_5.webp
335_6.png,OK,127.8,19.0,85.1,512,512,,D:\female\11\335_6.webp
335_7.png,OK,151.0,29.0,80.8,512,512,,D:\female\11\335_7.webp
335_8.png,OK,181.7,40.8,77.5,512,512,,D:\female\11\335_8.webp
335_9.png,OK,164.9,34.3,79.2,512,512,,D:\female\11\335_9.webp
336.png,OK,205.0,25.6,87.5,512,512,,D:\female\11\336.webp
336.png,OK,5.5,2.6,52.6,512,512,,D:\female\9\336.webp
336_1.png,OK,171.3,20.1,88.3,512,512,,D:\female\11\336_1.webp
336_10.png,OK,287.5,56.9,80.2,512,512,,D:\female\11\336_10.webp
336_11.png,OK,265.8,42.7,83.9,512,512,,D:\female\11\336_11.webp
336_12.png,OK,327.9,76.6,76.7,512,512,,D:\female\11\336_12.webp
336_13.png,OK,298.4,52.1,82.5,512,512,,D:\female\11\336_13.webp
336_14.png,OK,261.9,40.4,84.6,512,512,,D:\female\11\336_14.webp
336_15.png,OK,274.6,42.6,84.5,512,512,,D:\female\11\336_15.webp
336_16.png,OK,290.4,49.9,82.8,512,512,,D:\female\11\336_16.webp
336_17.png,OK,300.3,59.0,80.4,512,512,,D:\female\11\336_17.webp
336_18.png,OK,272.5,43.5,84.0,512,512,,D:\female\11\336_18.webp
336_19.png,OK,292.7,50.7,82.7,512,512,,D:\female\11\336_19.webp
336_2.png,OK,219.9,27.0,87.7,512,512,,D:\female\11\336_2.webp
336_3.png,OK,229.4,28.6,87.5,512,512,,D:\female\11\336_3.webp
336_4.png,OK,225.6,26.7,88.2,512,512,,D:\female\11\336_4.webp
336_5.png,OK,208.4,23.2,88.9,512,512,,D:\female\11\336_5.webp
336_6.png,OK,216.1,26.2,87.9,512,512,,D:\female\11\336_6.webp
336_7.png,OK,221.8,29.4,86.7,512,512,,D:\female\11\336_7.webp
336_8.png,OK,224.1,52.3,76.7,512,512,,D:\female\11\336_8.webp
336_9.png,OK,236.8,54.6,76.9,512,512,,D:\female\11\336_9.webp
337.png,OK,131.2,19.9,84.9,512,512,,D:\female\11\337.webp
337.png,OK,4.0,1.9,53.5,512,512,,D:\female\9\337.webp
337_1.png,OK,127.8,17.9,86.0,512,512,,D:\female\11\337_1.webp
337_1.png,OK,4.0,1.9,51.6,512,512,,D:\female\9\337_1.webp
337_10.png,OK,121.4,13.0,89.3,512,512,,D:\female\11\337_10.webp
337_11.png,OK,116.7,13.6,88.3,512,512,,D:\female\11\337_11.webp
337_12.png,OK,128.1,14.0,89.1,512,512,,D:\female\11\337_12.webp
337_13.png,OK,122.2,23.0,81.2,512,512,,D:\female\11\337_13.webp
337_14.png,OK,121.0,13.6,88.8,512,512,,D:\female\11\337_14.webp
337_15.png,OK,134.6,28.4,78.9,512,512,,D:\female\11\337_15.webp
337_16.png,OK,132.8,28.2,78.8,512,512,,D:\female\11\337_16.webp
337_17.png,OK,128.3,26.6,79.2,512,512,,D:\female\11\337_17.webp
337_2.png,OK,130.1,21.3,83.6,512,512,,D:\female\11\337_2.webp
337_2.png,OK,3.8,1.7,53.7,512,512,,D:\female\9\337_2.webp
337_3.png,OK,135.3,21.5,84.1,512,512,,D:\female\11\337_3.webp
337_3.png,OK,3.6,1.7,52.8,512,512,,D:\female\9\337_3.webp
337_4.png,OK,133.8,25.4,81.0,512,512,,D:\female\11\337_4.webp
337_4.png,OK,3.5,1.6,55.3,512,512,,D:\female\9\337_4.webp
337_5.png,OK,131.8,19.5,85.2,512,512,,D:\female\11\337_5.webp
337_6.png,OK,139.3,34.3,75.4,512,512,,D:\female\11\337_6.webp
337_7.png,OK,116.6,13.3,88.5,512,512,,D:\female\11\337_7.webp
337_8.png,OK,113.5,13.4,88.2,512,512,,D:\female\11\337_8.webp
337_9.png,OK,119.4,18.4,84.6,512,512,,D:\female\11\337_9.webp
338.png,OK,113.1,15.7,86.1,512,512,,D:\female\11\338.webp
338.png,OK,3.1,1.4,53.9,512,512,,D:\female\9\338.webp
338_1.png,OK,125.8,15.5,87.7,512,512,,D:\female\11\338_1.webp
338_10.png,OK,182.0,48.5,73.4,512,512,,D:\female\11\338_10.webp
338_11.png,OK,123.3,19.4,84.3,512,512,,D:\female\11\338_11.webp
338_12.png,OK,125.7,20.7,83.5,512,512,,D:\female\11\338_12.webp
338_13.png,OK,142.6,32.1,77.5,512,512,,D:\female\11\338_13.webp
338_14.png,OK,149.9,35.1,76.6,512,512,,D:\female\11\338_14.webp
338_15.png,OK,153.8,38.8,74.8,512,512,,D:\female\11\338_15.webp
338_2.png,OK,105.4,12.4,88.2,512,512,,D:\female\11\338_2.webp
338_3.png,OK,100.2,15.4,84.6,512,512,,D:\female\11\338_3.webp
338_4.png,OK,136.0,28.3,79.2,512,512,,D:\female\11\338_4.webp
338_5.png,OK,95.0,15.4,83.8,512,512,,D:\female\11\338_5.webp
338_6.png,OK,120.6,13.7,88.6,512,512,,D:\female\11\338_6.webp
338_7.png,OK,105.7,14.2,86.5,512,512,,D:\female\11\338_7.webp
338_8.png,OK,92.6,15.1,83.7,512,512,,D:\female\11\338_8.webp
338_9.png,OK,105.8,15.2,85.6,512,512,,D:\female\11\338_9.webp
339.png,OK,197.5,22.0,88.9,512,512,,D:\female\11\339.webp
339.png,OK,5.4,2.4,55.5,512,512,,D:\female\9\339.webp
339_1.png,OK,217.2,27.4,87.4,512,512,,D:\female\11\339_1.webp
339_2.png,OK,206.4,40.7,80.3,512,512,,D:\female\11\339_2.webp
339_3.png,OK,206.7,25.5,87.6,512,512,,D:\female\11\339_3.webp
339_4.png,OK,225.5,55.9,75.2,512,512,,D:\female\11\339_4.webp
339_5.png,OK,198.1,23.2,88.3,512,512,,D:\female\11\339_5.webp
339_6.png,OK,184.9,21.0,88.6,512,512,,D:\female\11\339_6.webp
339_7.png,OK,194.4,21.9,88.7,512,512,,D:\female\11\339_7.webp
33_1.png,OK,62.5,11.5,81.5,512,512,,D:\female\11\33_1.webp
33_2.png,OK,73.5,16.7,77.2,512,512,,D:\female\11\33_2.webp
33_3.png,OK,69.1,10.8,84.4,512,512,,D:\female\11\33_3.webp
33_4.png,OK,79.6,21.0,73.6,512,512,,D:\female\11\33_4.webp
33_5.png,OK,67.7,12.5,81.5,512,512,,D:\female\11\33_5.webp
33_6.png,OK,68.1,13.4,80.3,512,512,,D:\female\11\33_6.webp
33_7.png,OK,74.6,20.0,73.2,512,512,,D:\female\11\33_7.webp
33_8.png,OK,82.9,24.0,71.0,512,512,,D:\female\11\33_8.webp
34.png,OK,247.8,41.0,83.5,512,512,,D:\female\11\34.webp
34.png,OK,2.2,0.9,58.1,512,512,,D:\female\9\34.webp
340.png,OK,198.0,20.0,89.9,512,512,,D:\female\11\340.webp
340.png,OK,10.6,4.4,58.2,512,512,,D:\female\9\340.webp
340_1.png,OK,221.1,27.7,87.5,512,512,,D:\female\11\340_1.webp
340_2.png,OK,210.0,42.2,79.9,512,512,,D:\female\11\340_2.webp
340_3.png,OK,210.3,25.9,87.7,512,512,,D:\female\11\340_3.webp
340_4.png,OK,230.8,56.5,75.5,512,512,,D:\female\11\340_4.webp
340_5.png,OK,200.8,22.9,88.6,512,512,,D:\female\11\340_5.webp
340_6.png,OK,187.0,21.0,88.8,512,512,,D:\female\11\340_6.webp
340_7.png,OK,197.1,21.6,89.0,512,512,,D:\female\11\340_7.webp
341.png,OK,218.2,39.4,82.0,512,512,,D:\female\11\341.webp
341.png,OK,2.6,1.2,52.4,512,512,,D:\female\9\341.webp
342.png,OK,114.0,17.0,85.1,512,512,,D:\female\11\342.webp
342.png,OK,8.0,3.9,50.8,512,512,,D:\female\9\342.webp
343.png,OK,173.9,26.2,85.0,512,512,,D:\female\11\343.webp
343.png,OK,6.9,2.6,62.8,512,512,,D:\female\9\343.webp
343_1.png,OK,7.2,2.9,60.2,512,512,,D:\female\9\343_1.webp
344.png,OK,198.6,26.7,86.6,512,512,,D:\female\11\344.webp
344.png,OK,2.6,1.2,53.4,512,512,,D:\female\9\344.webp
345.png,OK,181.8,31.7,82.5,512,512,,D:\female\11\345.webp
345.png,OK,68.3,17.7,74.1,512,512,,D:\female\9\345.webp
345_1.png,OK,67.5,13.5,80.0,512,512,,D:\female\9\345_1.webp
346.png,OK,168.3,29.0,82.8,512,512,,D:\female\11\346.webp
346.png,OK,6.5,3.0,54.2,512,512,,D:\female\9\346.webp
346_1.png,OK,6.6,3.1,53.8,512,512,,D:\female\9\346_1.webp
346_2.png,OK,6.6,3.0,53.9,512,512,,D:\female\9\346_2.webp
346_3.png,OK,6.7,3.1,53.8,512,512,,D:\female\9\346_3.webp
347.png,OK,198.1,25.8,87.0,512,512,,D:\female\11\347.webp
347.png,OK,2.7,1.3,53.7,512,512,,D:\female\9\347.webp
347_1.png,OK,168.8,21.3,87.4,512,512,,D:\female\11\347_1.webp
347_10.png,OK,175.5,28.2,83.9,512,512,,D:\female\11\347_10.webp
347_11.png,OK,190.3,26.5,86.1,512,512,,D:\female\11\347_11.webp
347_12.png,OK,194.5,45.4,76.7,512,512,,D:\female\11\347_12.webp
347_13.png,OK,170.5,28.8,83.1,512,512,,D:\female\11\347_13.webp
347_14.png,OK,196.8,43.2,78.0,512,512,,D:\female\11\347_14.webp
347_15.png,OK,236.9,43.3,81.7,512,512,,D:\female\11\347_15.webp
347_16.png,OK,261.5,72.2,72.4,512,512,,D:\female\11\347_16.webp
347_17.png,OK,241.1,46.2,80.8,512,512,,D:\female\11\347_17.webp
347_18.png,OK,155.6,18.3,88.2,512,512,,D:\female\11\347_18.webp
347_19.png,OK,174.2,23.1,86.7,512,512,,D:\female\11\347_19.webp
347_2.png,OK,183.3,27.9,84.8,512,512,,D:\female\11\347_2.webp
347_20.png,OK,193.3,23.3,87.9,512,512,,D:\female\11\347_20.webp
347_21.png,OK,173.3,24.1,86.1,512,512,,D:\female\11\347_21.webp
347_22.png,OK,193.9,26.9,86.1,512,512,,D:\female\11\347_22.webp
347_23.png,OK,177.7,43.5,75.5,512,512,,D:\female\11\347_23.webp
347_24.png,OK,192.0,43.1,77.6,512,512,,D:\female\11\347_24.webp
347_25.png,OK,169.2,26.5,84.4,512,512,,D:\female\11\347_25.webp
347_3.png,OK,189.3,38.5,79.7,512,512,,D:\female\11\347_3.webp
347_4.png,OK,178.4,27.2,84.7,512,512,,D:\female\11\347_4.webp
347_5.png,OK,202.8,42.9,78.8,512,512,,D:\female\11\347_5.webp
347_6.png,OK,190.4,31.3,83.5,512,512,,D:\female\11\347_6.webp
347_7.png,OK,167.4,27.5,83.6,512,512,,D:\female\11\347_7.webp
347_8.png,OK,177.5,27.3,84.6,512,512,,D:\female\11\347_8.webp
347_9.png,OK,161.5,28.1,82.6,512,512,,D:\female\11\347_9.webp
348.png,OK,195.6,29.8,84.8,512,512,,D:\female\11\348.webp
348.png,OK,13.1,2.5,80.9,512,512,,D:\female\9\348.webp
349.png,OK,125.6,29.5,76.5,512,512,,D:\female\11\349.webp
349.png,OK,4.2,1.9,55.2,512,512,,D:\female\9\349.webp
349_1.png,OK,172.4,46.4,73.1,512,512,,D:\female\11\349_1.webp
349_1.png,OK,4.1,1.9,55.1,512,512,,D:\female\9\349_1.webp
349_10.png,OK,188.6,36.4,80.7,512,512,,D:\female\11\349_10.webp
349_11.png,OK,228.5,53.3,76.7,512,512,,D:\female\11\349_11.webp
349_12.png,OK,140.8,14.7,89.5,512,512,,D:\female\11\349_12.webp
349_13.png,OK,114.4,14.0,87.7,512,512,,D:\female\11\349_13.webp
349_14.png,OK,144.4,15.4,89.4,512,512,,D:\female\11\349_14.webp
349_2.png,OK,141.0,34.2,75.7,512,512,,D:\female\11\349_2.webp
349_2.png,OK,4.4,2.0,54.7,512,512,,D:\female\9\349_2.webp
349_3.png,OK,176.6,48.2,72.7,512,512,,D:\female\11\349_3.webp
349_4.png,OK,174.9,48.8,72.1,512,512,,D:\female\11\349_4.webp
349_5.png,OK,218.6,59.9,72.6,512,512,,D:\female\11\349_5.webp
349_6.png,OK,152.9,21.6,85.9,512,512,,D:\female\11\349_6.webp
349_7.png,OK,186.3,33.9,81.8,512,512,,D:\female\11\349_7.webp
349_8.png,OK,163.8,25.6,84.4,512,512,,D:\female\11\349_8.webp
349_9.png,OK,189.5,35.5,81.3,512,512,,D:\female\11\349_9.webp
35.png,OK,203.8,36.6,82.0,512,512,,D:\female\11\35.webp
35.png,OK,2.2,0.9,58.1,512,512,,D:\female\9\35.webp
350.png,OK,177.3,29.9,83.1,512,512,,D:\female\11\350.webp
350.png,OK,2.5,1.1,56.0,512,512,,D:\female\9\350.webp
350_1.png,OK,191.5,42.5,77.8,512,512,,D:\female\11\350_1.webp
350_1.png,OK,2.6,1.1,55.9,512,512,,D:\female\9\350_1.webp
350_2.png,OK,186.0,34.6,81.4,512,512,,D:\female\11\350_2.webp
350_2.png,OK,2.5,1.1,55.6,512,512,,D:\female\9\350_2.webp
350_3.png,OK,180.1,37.3,79.3,512,512,,D:\female\11\350_3.webp
350_3.png,OK,2.6,1.2,54.9,512,512,,D:\female\9\350_3.webp
350_4.png,OK,179.4,37.9,78.9,512,512,,D:\female\11\350_4.webp
350_5.png,OK,176.7,34.4,80.5,512,512,,D:\female\11\350_5.webp
351.png,OK,192.5,23.9,87.6,512,512,,D:\female\11\351.webp
351.png,OK,26.0,9.6,63.3,512,512,,D:\female\9\351.webp
351_1.png,OK,174.2,20.9,88.0,512,512,,D:\female\11\351_1.webp
351_1.png,OK,25.7,9.2,64.2,512,512,,D:\female\9\351_1.webp
351_2.png,OK,191.5,24.3,87.3,512,512,,D:\female\11\351_2.webp
351_3.png,OK,166.4,20.5,87.7,512,512,,D:\female\11\351_3.webp
351_4.png,OK,202.4,35.1,82.7,512,512,,D:\female\11\351_4.webp
351_5.png,OK,186.3,22.3,88.0,512,512,,D:\female\11\351_5.webp
351_6.png,OK,180.4,21.5,88.1,512,512,,D:\female\11\351_6.webp
351_7.png,OK,190.4,23.4,87.7,512,512,,D:\female\11\351_7.webp
351_8.png,OK,195.0,25.7,86.8,512,512,,D:\female\11\351_8.webp
352.png,OK,160.6,20.7,87.1,512,512,,D:\female\11\352.webp
352.png,OK,14.4,4.8,66.6,512,512,,D:\female\9\352.webp
352_1.png,OK,144.5,18.2,87.4,512,512,,D:\female\11\352_1.webp
352_1.png,OK,14.8,4.8,67.8,512,512,,D:\female\9\352_1.webp
352_2.png,OK,157.8,20.9,86.8,512,512,,D:\female\11\352_2.webp
352_2.png,OK,12.8,4.2,66.9,512,512,,D:\female\9\352_2.webp
352_3.png,OK,136.8,18.4,86.6,512,512,,D:\female\11\352_3.webp
352_4.png,OK,166.6,29.7,82.2,512,512,,D:\female\11\352_4.webp
352_5.png,OK,152.4,19.0,87.5,512,512,,D:\female\11\352_5.webp
352_6.png,OK,148.5,18.2,87.7,512,512,,D:\female\11\352_6.webp
352_7.png,OK,157.1,19.7,87.5,512,512,,D:\female\11\352_7.webp
352_8.png,OK,159.8,22.0,86.3,512,512,,D:\female\11\352_8.webp
353.png,OK,231.6,28.9,87.5,512,512,,D:\female\11\353.webp
353.png,OK,2.7,1.2,55.9,512,512,,D:\female\9\353.webp
353_1.png,OK,262.5,65.6,75.0,512,512,,D:\female\11\353_1.webp
353_1.png,OK,2.3,1.0,58.1,512,512,,D:\female\9\353_1.webp
353_2.png,OK,228.6,29.1,87.3,512,512,,D:\female\11\353_2.webp
353_2.png,OK,2.3,1.0,58.1,512,512,,D:\female\9\353_2.webp
353_3.png,OK,244.4,35.7,85.4,512,512,,D:\female\11\353_3.webp
353_3.png,OK,2.3,1.0,58.1,512,512,,D:\female\9\353_3.webp
353_4.png,OK,242.2,29.7,87.7,512,512,,D:\female\11\353_4.webp
353_5.png,OK,221.1,27.1,87.8,512,512,,D:\female\11\353_5.webp
354.png,OK,309.0,49.8,83.9,512,512,,D:\female\11\354.webp
354.png,OK,42.5,9.7,77.1,512,512,,D:\female\9\354.webp
354_1.png,OK,315.4,51.3,83.7,512,512,,D:\female\11\354_1.webp
354_1.png,OK,45.0,13.7,69.6,512,512,,D:\female\9\354_1.webp
354_10.png,OK,287.0,43.3,84.9,512,512,,D:\female\11\354_10.webp
354_11.png,OK,294.3,44.5,84.9,512,512,,D:\female\11\354_11.webp
354_12.png,OK,278.7,74.3,73.3,512,512,,D:\female\11\354_12.webp
354_13.png,OK,248.4,34.0,86.3,512,512,,D:\female\11\354_13.webp
354_14.png,OK,257.9,40.9,84.1,512,512,,D:\female\11\354_14.webp
354_15.png,OK,254.8,33.6,86.8,512,512,,D:\female\11\354_15.webp
354_16.png,OK,268.9,64.8,75.9,512,512,,D:\female\11\354_16.webp
354_17.png,OK,206.2,27.9,86.5,512,512,,D:\female\11\354_17.webp
354_18.png,OK,230.4,27.0,88.3,512,512,,D:\female\11\354_18.webp
354_19.png,OK,219.2,25.6,88.3,512,512,,D:\female\11\354_19.webp
354_2.png,OK,307.3,53.3,82.7,512,512,,D:\female\11\354_2.webp
354_2.png,OK,36.6,9.4,74.2,512,512,,D:\female\9\354_2.webp
354_20.png,OK,182.6,20.6,88.7,512,512,,D:\female\11\354_20.webp
354_21.png,OK,213.4,29.4,86.2,512,512,,D:\female\11\354_21.webp
354_22.png,OK,236.8,52.0,78.0,512,512,,D:\female\11\354_22.webp
354_23.png,OK,198.4,22.8,88.5,512,512,,D:\female\11\354_23.webp
354_24.png,OK,242.8,66.4,72.6,512,512,,D:\female\11\354_24.webp
354_3.png,OK,330.6,85.7,74.1,512,512,,D:\female\11\354_3.webp
354_4.png,OK,314.8,55.4,82.4,512,512,,D:\female\11\354_4.webp
354_5.png,OK,306.1,49.0,84.0,512,512,,D:\female\11\354_5.webp
354_6.png,OK,302.7,48.3,84.1,512,512,,D:\female\11\354_6.webp
354_7.png,OK,329.0,81.9,75.1,512,512,,D:\female\11\354_7.webp
354_8.png,OK,309.3,54.6,82.3,512,512,,D:\female\11\354_8.webp
354_9.png,OK,301.2,47.5,84.2,512,512,,D:\female\11\354_9.webp
355.png,OK,202.1,25.9,87.2,512,512,,D:\female\11\355.webp
355.png,OK,6.4,2.6,59.3,512,512,,D:\female\9\355.webp
355_1.png,OK,231.1,26.8,88.4,512,512,,D:\female\11\355_1.webp
355_1.png,OK,7.2,2.9,60.0,512,512,,D:\female\9\355_1.webp
355_2.png,OK,218.4,25.6,88.3,512,512,,D:\female\11\355_2.webp
355_3.png,OK,184.7,21.1,88.6,512,512,,D:\female\11\355_3.webp
355_4.png,OK,213.7,29.1,86.4,512,512,,D:\female\11\355_4.webp
355_5.png,OK,237.0,51.9,78.1,512,512,,D:\female\11\355_5.webp
355_6.png,OK,200.6,22.7,88.7,512,512,,D:\female\11\355_6.webp
355_7.png,OK,243.8,66.9,72.6,512,512,,D:\female\11\355_7.webp
356.png,OK,191.7,26.2,86.3,512,512,,D:\female\11\356.webp
356.png,OK,2.8,1.2,55.4,512,512,,D:\female\9\356.webp
356_1.png,OK,207.9,24.2,88.3,512,512,,D:\female\11\356_1.webp
356_1.png,OK,2.3,1.0,58.7,512,512,,D:\female\9\356_1.webp
356_2.png,OK,188.8,22.4,88.1,512,512,,D:\female\11\356_2.webp
356_2.png,OK,2.3,1.0,58.7,512,512,,D:\female\9\356_2.webp
356_3.png,OK,168.1,19.0,88.7,512,512,,D:\female\11\356_3.webp
356_3.png,OK,2.3,1.0,58.7,512,512,,D:\female\9\356_3.webp
356_4.png,OK,188.8,26.2,86.1,512,512,,D:\female\11\356_4.webp
356_5.png,OK,212.1,47.8,77.5,512,512,,D:\female\11\356_5.webp
356_6.png,OK,183.2,21.4,88.3,512,512,,D:\female\11\356_6.webp
356_7.png,OK,221.8,61.6,72.2,512,512,,D:\female\11\356_7.webp
357.png,OK,142.1,18.3,87.1,512,512,,D:\female\11\357.webp
357.png,OK,39.6,12.8,67.6,512,512,,D:\female\9\357.webp
357_1.png,OK,140.3,17.2,87.8,512,512,,D:\female\11\357_1.webp
357_1.png,OK,39.2,12.3,68.6,512,512,,D:\female\9\357_1.webp
357_2.png,OK,123.5,15.7,87.3,512,512,,D:\female\11\357_2.webp
357_3.png,OK,123.8,18.1,85.4,512,512,,D:\female\11\357_3.webp
357_4.png,OK,126.9,28.4,77.6,512,512,,D:\female\11\357_4.webp
357_5.png,OK,122.4,19.0,84.5,512,512,,D:\female\11\357_5.webp
357_6.png,OK,123.9,18.1,85.4,512,512,,D:\female\11\357_6.webp
358.png,OK,114.8,13.6,88.2,512,512,,D:\female\11\358.webp
358.png,OK,3.9,1.7,55.1,512,512,,D:\female\9\358.webp
358_1.png,OK,113.1,12.8,88.7,512,512,,D:\female\11\358_1.webp
358_1.png,OK,4.3,1.9,55.5,512,512,,D:\female\9\358_1.webp
358_2.png,OK,98.1,12.3,87.5,512,512,,D:\female\11\358_2.webp
358_2.png,OK,3.9,1.9,50.6,512,512,,D:\female\9\358_2.webp
358_3.png,OK,97.3,13.5,86.1,512,512,,D:\female\11\358_3.webp
358_3.png,OK,4.1,1.9,52.7,512,512,,D:\female\9\358_3.webp
358_4.png,OK,100.9,22.2,78.0,512,512,,D:\female\11\358_4.webp
358_4.png,OK,4.5,2.0,54.4,512,512,,D:\female\9\358_4.webp
358_5.png,OK,95.2,14.2,85.1,512,512,,D:\female\11\358_5.webp
358_6.png,OK,97.9,13.7,86.0,512,512,,D:\female\11\358_6.webp
359.png,OK,161.8,20.6,87.3,512,512,,D:\female\11\359.webp
359.png,OK,2.8,1.2,56.1,512,512,,D:\female\9\359.webp
359_1.png,OK,158.5,18.8,88.1,512,512,,D:\female\11\359_1.webp
359_1.png,OK,2.3,1.0,58.5,512,512,,D:\female\9\359_1.webp
359_2.png,OK,139.2,17.2,87.7,512,512,,D:\female\11\359_2.webp
359_3.png,OK,140.0,20.0,85.7,512,512,,D:\female\11\359_3.webp
359_4.png,OK,144.4,31.6,78.1,512,512,,D:\female\11\359_4.webp
359_5.png,OK,138.3,21.1,84.8,512,512,,D:\female\11\359_5.webp
359_6.png,OK,140.8,19.9,85.9,512,512,,D:\female\11\359_6.webp
35_1.png,OK,200.8,37.1,81.5,512,512,,D:\female\11\35_1.webp
35_10.png,OK,210.5,38.4,81.8,512,512,,D:\female\11\35_10.webp
35_11.png,OK,188.2,31.3,83.4,512,512,,D:\female\11\35_11.webp
35_2.png,OK,192.1,33.8,82.4,512,512,,D:\female\11\35_2.webp
35_3.png,OK,235.7,64.6,72.6,512,512,,D:\female\11\35_3.webp
35_4.png,OK,185.1,28.3,84.7,512,512,,D:\female\11\35_4.webp
35_5.png,OK,203.1,53.1,73.9,512,512,,D:\female\11\35_5.webp
35_6.png,OK,194.3,33.5,82.8,512,512,,D:\female\11\35_6.webp
35_7.png,OK,198.4,33.0,83.4,512,512,,D:\female\11\35_7.webp
35_8.png,OK,201.1,50.6,74.9,512,512,,D:\female\11\35_8.webp
35_9.png,OK,221.3,45.2,79.6,512,512,,D:\female\11\35_9.webp
36.png,OK,116.4,18.2,84.3,512,512,,D:\female\11\36.webp
36.png,OK,2.2,0.9,58.1,512,512,,D:\female\9\36.webp
360.png,OK,134.7,15.4,88.5,512,512,,D:\female\11\360.webp
360.png,OK,58.5,17.5,70.1,512,512,,D:\female\9\360.webp
360_1.png,OK,131.7,14.6,88.9,512,512,,D:\female\11\360_1.webp
360_1.png,OK,61.2,20.4,66.7,512,512,,D:\female\9\360_1.webp
360_2.png,OK,114.9,13.8,88.0,512,512,,D:\female\11\360_2.webp
360_3.png,OK,114.0,15.3,86.5,512,512,,D:\female\11\360_3.webp
360_4.png,OK,117.1,25.6,78.1,512,512,,D:\female\11\360_4.webp
360_5.png,OK,112.5,16.2,85.6,512,512,,D:\female\11\360_5.webp
360_6.png,OK,114.9,15.5,86.5,512,512,,D:\female\11\360_6.webp
361.png,OK,248.2,51.9,79.1,512,512,,D:\female\11\361.webp
361.png,OK,4.3,2.0,53.9,512,512,,D:\female\9\361.webp
361_1.png,OK,287.7,58.8,79.6,512,512,,D:\female\11\361_1.webp
361_1.png,OK,4.0,1.8,56.3,512,512,,D:\female\9\361_1.webp
361_2.png,OK,202.1,35.1,82.6,512,512,,D:\female\11\361_2.webp
361_2.png,OK,4.3,2.0,54.3,512,512,,D:\female\9\361_2.webp
361_3.png,OK,289.7,56.8,80.4,512,512,,D:\female\11\361_3.webp
361_3.png,OK,4.2,1.9,55.4,512,512,,D:\female\9\361_3.webp
361_4.png,OK,279.2,50.0,82.1,512,512,,D:\female\11\361_4.webp
361_5.png,OK,173.9,25.2,85.5,512,512,,D:\female\11\361_5.webp
361_6.png,OK,195.3,28.6,85.3,512,512,,D:\female\11\361_6.webp
362.png,OK,250.9,53.5,78.7,512,512,,D:\female\11\362.webp
362.png,OK,2.6,1.1,55.4,512,512,,D:\female\9\362.webp
362_1.png,OK,287.9,59.7,79.3,512,512,,D:\female\11\362_1.webp
362_2.png,OK,233.3,41.4,82.3,512,512,,D:\female\11\362_2.webp
362_3.png,OK,291.0,58.0,80.1,512,512,,D:\female\11\362_3.webp
362_4.png,OK,276.6,51.4,81.4,512,512,,D:\female\11\362_4.webp
362_5.png,OK,205.9,31.3,84.8,512,512,,D:\female\11\362_5.webp
362_6.png,OK,220.7,33.7,84.7,512,512,,D:\female\11\362_6.webp
363.png,OK,254.2,56.1,77.9,512,512,,D:\female\11\363.webp
363.png,OK,43.7,10.3,76.3,512,512,,D:\female\9\363.webp
363_1.png,OK,294.8,62.9,78.7,512,512,,D:\female\11\363_1.webp
363_1.png,OK,44.2,11.0,75.0,512,512,,D:\female\9\363_1.webp
363_2.png,OK,242.7,44.4,81.7,512,512,,D:\female\11\363_2.webp
363_2.png,OK,41.9,6.9,83.4,512,512,,D:\female\9\363_2.webp
363_3.png,OK,296.2,61.0,79.4,512,512,,D:\female\11\363_3.webp
363_4.png,OK,286.6,55.8,80.5,512,512,,D:\female\11\363_4.webp
363_5.png,OK,220.0,37.3,83.0,512,512,,D:\female\11\363_5.webp
363_6.png,OK,234.9,39.8,83.1,512,512,,D:\female\11\363_6.webp
364.png,OK,212.6,32.6,84.6,512,512,,D:\female\11\364.webp
364.png,OK,17.3,5.7,67.0,512,512,,D:\female\9\364.webp
364_1.png,OK,222.2,34.4,84.5,512,512,,D:\female\11\364_1.webp
364_1.png,OK,17.7,6.2,65.3,512,512,,D:\female\9\364_1.webp
364_10.png,OK,243.8,56.8,76.7,512,512,,D:\female\11\364_10.webp
364_11.png,OK,265.0,77.2,70.9,512,512,,D:\female\11\364_11.webp
364_12.png,OK,275.1,72.4,73.7,512,512,,D:\female\11\364_12.webp
364_13.png,OK,253.9,48.5,80.9,512,512,,D:\female\11\364_13.webp
364_14.png,OK,290.0,92.1,68.3,512,512,,D:\female\11\364_14.webp
364_15.png,OK,226.9,43.7,80.7,512,512,,D:\female\11\364_15.webp
364_16.png,OK,256.7,67.2,73.8,512,512,,D:\female\11\364_16.webp
364_17.png,OK,261.8,50.6,80.7,512,512,,D:\female\11\364_17.webp
364_18.png,OK,287.8,61.0,78.8,512,512,,D:\female\11\364_18.webp
364_19.png,OK,234.3,47.7,79.6,512,512,,D:\female\11\364_19.webp
364_2.png,OK,221.0,43.8,80.2,512,512,,D:\female\11\364_2.webp
364_20.png,OK,246.6,42.5,82.8,512,512,,D:\female\11\364_20.webp
364_21.png,OK,224.2,32.6,85.5,512,512,,D:\female\11\364_21.webp
364_22.png,OK,254.4,52.4,79.4,512,512,,D:\female\11\364_22.webp
364_23.png,OK,258.1,52.6,79.6,512,512,,D:\female\11\364_23.webp
364_24.png,OK,224.6,35.5,84.2,512,512,,D:\female\11\364_24.webp
364_25.png,OK,219.8,32.5,85.2,512,512,,D:\female\11\364_25.webp
364_3.png,OK,209.6,29.7,85.8,512,512,,D:\female\11\364_3.webp
364_4.png,OK,201.7,24.9,87.7,512,512,,D:\female\11\364_4.webp
364_5.png,OK,230.4,36.0,84.4,512,512,,D:\female\11\364_5.webp
364_6.png,OK,226.3,42.9,81.0,512,512,,D:\female\11\364_6.webp
364_7.png,OK,288.7,73.2,74.6,512,512,,D:\female\11\364_7.webp
364_8.png,OK,267.9,62.5,76.7,512,512,,D:\female\11\364_8.webp
364_9.png,OK,234.3,35.9,84.7,512,512,,D:\female\11\364_9.webp
365.png,OK,278.1,73.9,73.4,512,512,,D:\female\11\365.webp
365.png,OK,3.1,1.3,58.3,512,512,,D:\female\9\365.webp
365_1.png,OK,277.8,64.8,76.7,512,512,,D:\female\11\365_1.webp
365_1.png,OK,3.1,1.3,58.3,512,512,,D:\female\9\365_1.webp
365_10.png,OK,286.3,63.3,77.9,512,512,,D:\female\11\365_10.webp
365_11.png,OK,291.5,62.0,78.7,512,512,,D:\female\11\365_11.webp
365_12.png,OK,303.8,87.9,71.1,512,512,,D:\female\11\365_12.webp
365_13.png,OK,264.5,53.4,79.8,512,512,,D:\female\11\365_13.webp
365_14.png,OK,225.7,38.8,82.8,512,512,,D:\female\11\365_14.webp
365_15.png,OK,239.6,43.1,82.0,512,512,,D:\female\11\365_15.webp
365_16.png,OK,333.2,95.1,71.5,512,512,,D:\female\11\365_16.webp
365_17.png,OK,313.6,83.0,73.5,512,512,,D:\female\11\365_17.webp
365_18.png,OK,214.2,37.6,82.4,512,512,,D:\female\11\365_18.webp
365_19.png,OK,220.1,45.5,79.3,512,512,,D:\female\11\365_19.webp
365_2.png,OK,267.7,64.2,76.0,512,512,,D:\female\11\365_2.webp
365_20.png,OK,208.2,27.5,86.8,512,512,,D:\female\11\365_20.webp
365_21.png,OK,206.2,29.9,85.5,512,512,,D:\female\11\365_21.webp
365_22.png,OK,211.1,29.8,85.9,512,512,,D:\female\11\365_22.webp
365_23.png,OK,211.2,32.1,84.8,512,512,,D:\female\11\365_23.webp
365_24.png,OK,215.3,31.5,85.4,512,512,,D:\female\11\365_24.webp
365_25.png,OK,218.2,52.8,75.8,512,512,,D:\female\11\365_25.webp
365_3.png,OK,277.6,58.7,78.9,512,512,,D:\female\11\365_3.webp
365_4.png,OK,320.9,96.5,69.9,512,512,,D:\female\11\365_4.webp
365_5.png,OK,295.5,63.0,78.7,512,512,,D:\female\11\365_5.webp
365_6.png,OK,282.8,59.2,79.1,512,512,,D:\female\11\365_6.webp
365_7.png,OK,269.2,73.1,72.9,512,512,,D:\female\11\365_7.webp
365_8.png,OK,281.2,57.1,79.7,512,512,,D:\female\11\365_8.webp
365_9.png,OK,277.7,57.0,79.5,512,512,,D:\female\11\365_9.webp
366.png,OK,161.1,20.6,87.2,512,512,,D:\female\11\366.webp
366.png,OK,88.4,15.0,83.1,512,512,,D:\female\9\366.webp
366_1.png,OK,162.1,21.2,86.9,512,512,,D:\female\11\366_1.webp
366_1.png,OK,95.9,13.3,86.2,512,512,,D:\female\9\366_1.webp
366_10.png,OK,161.5,21.4,86.7,512,512,,D:\female\11\366_10.webp
366_11.png,OK,165.3,34.7,79.0,512,512,,D:\female\11\366_11.webp
366_12.png,OK,163.5,29.9,81.7,512,512,,D:\female\11\366_12.webp
366_13.png,OK,196.3,31.7,83.8,512,512,,D:\female\11\366_13.webp
366_14.png,OK,236.8,47.7,79.8,512,512,,D:\female\11\366_14.webp
366_15.png,OK,220.4,42.5,80.7,512,512,,D:\female\11\366_15.webp
366_16.png,OK,202.3,29.0,85.7,512,512,,D:\female\11\366_16.webp
366_17.png,OK,276.0,78.8,71.5,512,512,,D:\female\11\366_17.webp
366_18.png,OK,253.5,54.2,78.6,512,512,,D:\female\11\366_18.webp
366_19.png,OK,226.7,43.7,80.7,512,512,,D:\female\11\366_19.webp
366_2.png,OK,148.7,17.7,88.1,512,512,,D:\female\11\366_2.webp
366_3.png,OK,144.7,15.8,89.1,512,512,,D:\female\11\366_3.webp
366_4.png,OK,161.3,20.2,87.5,512,512,,D:\female\11\366_4.webp
366_5.png,OK,156.8,19.6,87.5,512,512,,D:\female\11\366_5.webp
366_6.png,OK,147.9,16.7,88.7,512,512,,D:\female\11\366_6.webp
366_7.png,OK,149.7,34.2,77.2,512,512,,D:\female\11\366_7.webp
366_8.png,OK,163.0,20.4,87.5,512,512,,D:\female\11\366_8.webp
366_9.png,OK,160.9,18.2,88.7,512,512,,D:\female\11\366_9.webp
367.png,OK,161.6,20.5,87.3,512,512,,D:\female\11\367.webp
367.png,OK,41.8,16.1,61.3,512,512,,D:\female\9\367.webp
367_1.png,OK,163.1,21.4,86.9,512,512,,D:\female\11\367_1.webp
367_1.png,OK,49.9,17.1,65.6,512,512,,D:\female\9\367_1.webp
367_10.png,OK,161.7,21.1,87.0,512,512,,D:\female\11\367_10.webp
367_11.png,OK,166.3,35.2,78.8,512,512,,D:\female\11\367_11.webp
367_12.png,OK,163.8,30.0,81.7,512,512,,D:\female\11\367_12.webp
367_13.png,OK,197.5,32.0,83.8,512,512,,D:\female\11\367_13.webp
367_14.png,OK,237.2,48.1,79.7,512,512,,D:\female\11\367_14.webp
367_15.png,OK,222.1,42.8,80.7,512,512,,D:\female\11\367_15.webp
367_16.png,OK,203.9,29.5,85.5,512,512,,D:\female\11\367_16.webp
367_17.png,OK,278.1,80.3,71.1,512,512,,D:\female\11\367_17.webp
367_18.png,OK,254.7,54.7,78.5,512,512,,D:\female\11\367_18.webp
367_19.png,OK,227.9,43.9,80.7,512,512,,D:\female\11\367_19.webp
367_2.png,OK,149.2,17.7,88.1,512,512,,D:\female\11\367_2.webp
367_3.png,OK,143.3,15.7,89.0,512,512,,D:\female\11\367_3.webp
367_4.png,OK,161.4,20.0,87.6,512,512,,D:\female\11\367_4.webp
367_5.png,OK,156.8,19.8,87.4,512,512,,D:\female\11\367_5.webp
367_6.png,OK,147.9,16.6,88.8,512,512,,D:\female\11\367_6.webp
367_7.png,OK,149.9,33.3,77.8,512,512,,D:\female\11\367_7.webp
367_8.png,OK,163.1,20.4,87.5,512,512,,D:\female\11\367_8.webp
367_9.png,OK,161.4,18.3,88.7,512,512,,D:\female\11\367_9.webp
368.png,OK,260.5,68.8,73.6,512,512,,D:\female\11\368.webp
368.png,OK,3.0,1.3,55.9,512,512,,D:\female\9\368.webp
368_1.png,OK,232.7,50.5,78.3,512,512,,D:\female\11\368_1.webp
368_1.png,OK,3.0,1.3,55.9,512,512,,D:\female\9\368_1.webp
368_2.png,OK,188.4,44.4,76.5,512,512,,D:\female\11\368_2.webp
368_2.png,OK,2.9,1.2,57.2,512,512,,D:\female\9\368_2.webp
368_3.png,OK,194.3,36.9,81.0,512,512,,D:\female\11\368_3.webp
368_3.png,OK,2.9,1.2,57.8,512,512,,D:\female\9\368_3.webp
368_4.png,OK,215.5,53.2,75.3,512,512,,D:\female\11\368_4.webp
368_5.png,OK,200.2,35.9,82.1,512,512,,D:\female\11\368_5.webp
368_6.png,OK,170.9,17.3,89.9,512,512,,D:\female\11\368_6.webp
368_7.png,OK,178.8,20.0,88.8,512,512,,D:\female\11\368_7.webp
368_8.png,OK,169.1,40.0,76.4,512,512,,D:\female\11\368_8.webp
368_9.png,OK,180.4,38.0,78.9,512,512,,D:\female\11\368_9.webp
369.png,OK,138.0,26.4,80.9,512,512,,D:\female\11\369.webp
369.png,OK,6.9,2.1,70.1,512,512,,D:\female\9\369.webp
369_1.png,OK,143.2,30.1,79.0,512,512,,D:\female\11\369_1.webp
369_1.png,OK,7.2,2.1,70.3,512,512,,D:\female\9\369_1.webp
369_2.png,OK,132.4,34.1,74.3,512,512,,D:\female\11\369_2.webp
369_3.png,OK,130.6,16.6,87.3,512,512,,D:\female\11\369_3.webp
369_4.png,OK,147.2,34.5,76.5,512,512,,D:\female\11\369_4.webp
36_1.png,OK,106.6,16.9,84.2,512,512,,D:\female\11\36_1.webp
36_2.png,OK,114.9,27.8,75.9,512,512,,D:\female\11\36_2.webp
36_3.png,OK,116.8,24.1,79.3,512,512,,D:\female\11\36_3.webp
36_4.png,OK,92.9,15.1,83.7,512,512,,D:\female\11\36_4.webp
37.png,OK,245.3,52.8,78.5,512,512,,D:\female\11\37.webp
37.png,OK,2.2,0.9,58.1,512,512,,D:\female\9\37.webp
370.png,OK,179.9,26.4,85.3,512,512,,D:\female\11\370.webp
370.png,OK,13.1,5.5,58.2,512,512,,D:\female\9\370.webp
370_1.png,OK,198.6,21.9,88.9,512,512,,D:\female\11\370_1.webp
370_1.png,OK,13.1,5.5,58.1,512,512,,D:\female\9\370_1.webp
370_2.png,OK,196.7,22.8,88.4,512,512,,D:\female\11\370_2.webp
370_2.png,OK,13.0,5.4,58.2,512,512,,D:\female\9\370_2.webp
371.png,OK,172.1,25.5,85.2,512,512,,D:\female\11\371.webp
371.png,OK,3.9,1.8,55.1,512,512,,D:\female\9\371.webp
371_1.png,OK,191.6,21.5,88.8,512,512,,D:\female\11\371_1.webp
371_1.png,OK,3.8,1.7,55.5,512,512,,D:\female\9\371_1.webp
371_2.png,OK,192.1,22.6,88.2,512,512,,D:\female\11\371_2.webp
371_2.png,OK,3.8,1.7,55.8,512,512,,D:\female\9\371_2.webp
371_3.png,OK,159.1,16.9,89.3,512,512,,D:\female\11\371_3.webp
371_3.png,OK,3.8,1.7,55.8,512,512,,D:\female\9\371_3.webp
371_4.png,OK,202.1,23.3,88.5,512,512,,D:\female\11\371_4.webp
371_4.png,OK,3.8,1.7,55.3,512,512,,D:\female\9\371_4.webp
372.png,OK,325.8,103.0,68.4,512,512,,D:\female\11\372.webp
372.png,OK,7.5,2.7,64.5,512,512,,D:\female\9\372.webp
372_1.png,OK,309.7,63.7,79.4,512,512,,D:\female\11\372_1.webp
372_1.png,OK,7.8,3.1,59.9,512,512,,D:\female\9\372_1.webp
372_10.png,OK,290.8,75.3,74.1,512,512,,D:\female\11\372_10.webp
372_11.png,OK,278.1,50.0,82.0,512,512,,D:\female\11\372_11.webp
372_12.png,OK,294.5,71.9,75.6,512,512,,D:\female\11\372_12.webp
372_13.png,OK,315.5,91.7,70.9,512,512,,D:\female\11\372_13.webp
372_14.png,OK,292.3,60.1,79.4,512,512,,D:\female\11\372_14.webp
372_15.png,OK,260.1,49.7,80.9,512,512,,D:\female\11\372_15.webp
372_16.png,OK,286.0,55.6,80.5,512,512,,D:\female\11\372_16.webp
372_17.png,OK,286.4,59.5,79.2,512,512,,D:\female\11\372_17.webp
372_18.png,OK,316.6,96.9,69.4,512,512,,D:\female\11\372_18.webp
372_19.png,OK,294.1,81.7,72.2,512,512,,D:\female\11\372_19.webp
372_2.png,OK,297.9,64.6,78.3,512,512,,D:\female\11\372_2.webp
372_2.png,OK,7.5,2.8,62.4,512,512,,D:\female\9\372_2.webp
372_20.png,OK,276.0,52.1,81.1,512,512,,D:\female\11\372_20.webp
372_21.png,OK,350.7,114.0,67.5,512,512,,D:\female\11\372_21.webp
372_22.png,OK,290.5,69.1,76.2,512,512,,D:\female\11\372_22.webp
372_23.png,OK,322.5,91.0,71.8,512,512,,D:\female\11\372_23.webp
372_24.png,OK,299.7,83.4,72.2,512,512,,D:\female\11\372_24.webp
372_25.png,OK,290.1,72.1,75.1,512,512,,D:\female\11\372_25.webp
372_3.png,OK,336.6,76.4,77.3,512,512,,D:\female\11\372_3.webp
372_3.png,OK,7.7,2.8,63.7,512,512,,D:\female\9\372_3.webp
372_4.png,OK,346.5,119.8,65.4,512,512,,D:\female\11\372_4.webp
372_4.png,OK,7.6,2.7,64.7,512,512,,D:\female\9\372_4.webp
372_5.png,OK,320.0,83.9,73.8,512,512,,D:\female\11\372_5.webp
372_5.png,OK,7.9,3.1,60.7,512,512,,D:\female\9\372_5.webp
372_6.png,OK,300.9,61.3,79.6,512,512,,D:\female\11\372_6.webp
372_6.png,OK,7.7,2.9,61.6,512,512,,D:\female\9\372_6.webp
372_7.png,OK,290.3,68.6,76.4,512,512,,D:\female\11\372_7.webp
372_7.png,OK,7.8,3.0,61.3,512,512,,D:\female\9\372_7.webp
372_8.png,OK,304.2,58.2,80.9,512,512,,D:\female\11\372_8.webp
372_8.png,OK,7.6,2.9,61.9,512,512,,D:\female\9\372_8.webp
372_9.png,OK,316.1,86.6,72.6,512,512,,D:\female\11\372_9.webp
372_9.png,OK,7.6,2.9,61.2,512,512,,D:\female\9\372_9.webp
373.png,OK,299.0,96.0,67.9,512,512,,D:\female\11\373.webp
373.png,OK,11.8,4.7,60.5,512,512,,D:\female\9\373.webp
373_1.png,OK,285.1,58.2,79.6,512,512,,D:\female\11\373_1.webp
373_1.png,OK,11.2,4.1,63.4,512,512,,D:\female\9\373_1.webp
373_10.png,OK,276.1,73.3,73.5,512,512,,D:\female\11\373_10.webp
373_11.png,OK,263.0,48.4,81.6,512,512,,D:\female\11\373_11.webp
373_12.png,OK,270.8,66.0,75.6,512,512,,D:\female\11\373_12.webp
373_13.png,OK,288.2,81.7,71.6,512,512,,D:\female\11\373_13.webp
373_14.png,OK,272.5,55.8,79.5,512,512,,D:\female\11\373_14.webp
373_15.png,OK,243.3,46.5,80.9,512,512,,D:\female\11\373_15.webp
373_16.png,OK,266.4,53.1,80.1,512,512,,D:\female\11\373_16.webp
373_17.png,OK,267.2,57.2,78.6,512,512,,D:\female\11\373_17.webp
373_18.png,OK,293.4,88.6,69.8,512,512,,D:\female\11\373_18.webp
373_19.png,OK,274.3,77.7,71.7,512,512,,D:\female\11\373_19.webp
373_2.png,OK,277.5,59.9,78.4,512,512,,D:\female\11\373_2.webp
373_2.png,OK,12.3,5.1,58.1,512,512,,D:\female\9\373_2.webp
373_20.png,OK,259.4,49.6,80.9,512,512,,D:\female\11\373_20.webp
373_21.png,OK,327.1,107.9,67.0,512,512,,D:\female\11\373_21.webp
373_22.png,OK,273.7,66.5,75.7,512,512,,D:\female\11\373_22.webp
373_23.png,OK,301.3,86.0,71.5,512,512,,D:\female\11\373_23.webp
373_24.png,OK,282.8,80.6,71.5,512,512,,D:\female\11\373_24.webp
373_25.png,OK,273.2,69.4,74.6,512,512,,D:\female\11\373_25.webp
373_3.png,OK,314.2,72.2,77.0,512,512,,D:\female\11\373_3.webp
373_4.png,OK,321.5,113.0,64.8,512,512,,D:\female\11\373_4.webp
373_5.png,OK,298.3,79.5,73.3,512,512,,D:\female\11\373_5.webp
373_6.png,OK,278.9,58.0,79.2,512,512,,D:\female\11\373_6.webp
373_7.png,OK,273.6,65.7,76.0,512,512,,D:\female\11\373_7.webp
373_8.png,OK,285.6,55.2,80.7,512,512,,D:\female\11\373_8.webp
373_9.png,OK,297.4,84.4,71.6,512,512,,D:\female\11\373_9.webp
374.png,OK,162.9,26.3,83.8,512,512,,D:\female\11\374.webp
374.png,OK,8.3,3.9,53.3,512,512,,D:\female\9\374.webp
375.png,OK,103.4,14.1,86.3,512,512,,D:\female\11\375.webp
375.png,OK,22.0,4.9,77.7,512,512,,D:\female\9\375.webp
375_1.png,OK,179.7,32.5,81.9,512,512,,D:\female\11\375_1.webp
375_1.png,OK,22.4,4.7,79.0,512,512,,D:\female\9\375_1.webp
375_2.png,OK,158.9,16.6,89.5,512,512,,D:\female\11\375_2.webp
375_2.png,OK,22.8,6.0,73.6,512,512,,D:\female\9\375_2.webp
375_3.png,OK,23.0,6.1,73.5,512,512,,D:\female\9\375_3.webp
375_4.png,OK,22.7,4.5,80.3,512,512,,D:\female\9\375_4.webp
375_5.png,OK,16.3,3.8,76.9,512,512,,D:\female\9\375_5.webp
376.png,OK,249.1,77.7,68.8,512,512,,D:\female\11\376.webp
376.png,OK,39.1,6.9,82.4,512,512,,D:\female\9\376.webp
376_1.png,OK,243.0,62.4,74.3,512,512,,D:\female\11\376_1.webp
376_2.png,OK,210.4,40.2,80.9,512,512,,D:\female\11\376_2.webp
376_3.png,OK,176.1,23.6,86.6,512,512,,D:\female\11\376_3.webp
376_4.png,OK,215.4,46.3,78.5,512,512,,D:\female\11\376_4.webp
376_5.png,OK,191.0,34.9,81.7,512,512,,D:\female\11\376_5.webp
376_6.png,OK,193.2,37.8,80.4,512,512,,D:\female\11\376_6.webp
376_7.png,OK,191.1,36.6,80.9,512,512,,D:\female\11\376_7.webp
376_8.png,OK,194.1,35.6,81.7,512,512,,D:\female\11\376_8.webp
376_9.png,OK,193.9,35.3,81.8,512,512,,D:\female\11\376_9.webp
377.png,OK,124.9,15.3,87.8,512,512,,D:\female\11\377.webp
377.png,OK,2.8,1.2,58.0,512,512,,D:\female\9\377.webp
377_1.png,OK,177.1,38.5,78.3,512,512,,D:\female\11\377_1.webp
377_1.png,OK,3.0,1.3,56.6,512,512,,D:\female\9\377_1.webp
377_2.png,OK,157.9,32.3,79.5,512,512,,D:\female\11\377_2.webp
377_3.png,OK,140.0,18.4,86.8,512,512,,D:\female\11\377_3.webp
377_4.png,OK,199.8,58.1,70.9,512,512,,D:\female\11\377_4.webp
377_5.png,OK,115.5,11.2,90.3,512,512,,D:\female\11\377_5.webp
378.png,OK,209.9,28.2,86.6,512,512,,D:\female\11\378.webp
378.png,OK,27.9,7.8,72.1,512,512,,D:\female\9\378.webp
378_1.png,OK,23.4,6.7,71.4,512,512,,D:\female\9\378_1.webp
379.png,OK,223.7,33.3,85.1,512,512,,D:\female\11\379.webp
379.png,OK,7.3,2.9,60.6,512,512,,D:\female\9\379.webp
379_1.png,OK,7.1,2.8,60.9,512,512,,D:\female\9\379_1.webp
379_2.png,OK,7.5,3.0,60.1,512,512,,D:\female\9\379_2.webp
37_1.png,OK,234.5,45.8,80.5,512,512,,D:\female\11\37_1.webp
37_2.png,OK,229.4,41.0,82.1,512,512,,D:\female\11\37_2.webp
37_3.png,OK,234.3,48.8,79.2,512,512,,D:\female\11\37_3.webp
37_4.png,OK,254.3,67.6,73.4,512,512,,D:\female\11\37_4.webp
37_5.png,OK,251.0,58.0,76.9,512,512,,D:\female\11\37_5.webp
38.png,OK,154.2,14.4,90.7,512,512,,D:\female\11\38.webp
38.png,OK,2.2,0.9,58.1,512,512,,D:\female\9\38.webp
380.png,OK,221.1,35.9,83.8,512,512,,D:\female\11\380.webp
380.png,OK,3.2,1.4,57.0,512,512,,D:\female\9\380.webp
380_1.png,OK,3.1,1.3,57.0,512,512,,D:\female\9\380_1.webp
380_2.png,OK,3.2,1.3,57.7,512,512,,D:\female\9\380_2.webp
380_3.png,OK,3.1,1.3,57.0,512,512,,D:\female\9\380_3.webp
381.png,OK,265.3,32.7,87.7,512,512,,D:\female\11\381.webp
381.png,OK,59.6,21.5,63.9,512,512,,D:\female\9\381.webp
382.png,OK,179.4,21.5,88.0,512,512,,D:\female\11\382.webp
382.png,OK,6.1,2.8,54.2,512,512,,D:\female\9\382.webp
382_1.png,OK,180.5,21.2,88.3,512,512,,D:\female\11\382_1.webp
382_1.png,OK,6.3,2.9,53.0,512,512,,D:\female\9\382_1.webp
382_2.png,OK,147.3,26.2,82.2,512,512,,D:\female\11\382_2.webp
382_3.png,OK,183.9,21.8,88.1,512,512,,D:\female\11\382_3.webp
383.png,OK,169.8,21.1,87.6,512,512,,D:\female\11\383.webp
383.png,OK,3.1,1.3,57.0,512,512,,D:\female\9\383.webp
383_1.png,OK,170.4,20.6,87.9,512,512,,D:\female\11\383_1.webp
383_1.png,OK,3.1,1.4,55.9,512,512,,D:\female\9\383_1.webp
383_2.png,OK,3.1,1.3,57.0,512,512,,D:\female\9\383_2.webp
384.png,OK,131.6,12.3,90.7,512,512,,D:\female\11\384.webp
384.png,OK,5.5,2.2,59.9,512,512,,D:\female\9\384.webp
384_1.png,OK,131.6,12.3,90.7,512,512,,D:\female\11\384_1.webp
384_1.png,OK,4.9,1.9,61.6,512,512,,D:\female\9\384_1.webp
384_2.png,OK,5.0,2.1,58.3,512,512,,D:\female\9\384_2.webp
384_3.png,OK,5.1,2.2,57.2,512,512,,D:\female\9\384_3.webp
384_4.png,OK,5.1,2.1,59.1,512,512,,D:\female\9\384_4.webp
384_5.png,OK,5.2,2.1,60.1,512,512,,D:\female\9\384_5.webp
384_6.png,OK,5.1,2.3,55.3,512,512,,D:\female\9\384_6.webp
384_7.png,OK,5.1,2.1,58.4,512,512,,D:\female\9\384_7.webp
385.png,OK,124.5,14.2,88.6,512,512,,D:\female\11\385.webp
385.png,OK,11.6,4.4,62.6,512,512,,D:\female\9\385.webp
385_1.png,OK,124.4,14.3,88.5,512,512,,D:\female\11\385_1.webp
385_1.png,OK,11.7,4.4,62.1,512,512,,D:\female\9\385_1.webp
385_2.png,OK,11.6,4.5,61.6,512,512,,D:\female\9\385_2.webp
386.png,OK,160.6,25.2,84.3,512,512,,D:\female\11\386.webp
386.png,OK,9.1,3.8,58.7,512,512,,D:\female\9\386.webp
386_1.png,OK,158.5,23.6,85.1,512,512,,D:\female\11\386_1.webp
386_2.png,OK,159.7,21.7,86.4,512,512,,D:\female\11\386_2.webp
386_3.png,OK,127.6,18.6,85.5,512,512,,D:\female\11\386_3.webp
386_4.png,OK,160.1,25.2,84.2,512,512,,D:\female\11\386_4.webp
386_5.png,OK,158.0,23.6,85.1,512,512,,D:\female\11\386_5.webp
386_6.png,OK,159.1,21.5,86.5,512,512,,D:\female\11\386_6.webp
386_7.png,OK,127.0,18.3,85.6,512,512,,D:\female\11\386_7.webp
387.png,OK,236.0,38.3,83.8,512,512,,D:\female\11\387.webp
387.png,OK,5.7,2.3,59.5,512,512,,D:\female\9\387.webp
387_1.png,OK,232.9,36.4,84.4,512,512,,D:\female\11\387_1.webp
387_1.png,OK,5.8,2.2,62.9,512,512,,D:\female\9\387_1.webp
387_2.png,OK,234.0,33.1,85.8,512,512,,D:\female\11\387_2.webp
387_3.png,OK,186.0,27.5,85.2,512,512,,D:\female\11\387_3.webp
387_4.png,OK,234.9,37.9,83.9,512,512,,D:\female\11\387_4.webp
387_5.png,OK,232.9,36.5,84.3,512,512,,D:\female\11\387_5.webp
387_6.png,OK,234.1,33.1,85.9,512,512,,D:\female\11\387_6.webp
387_7.png,OK,186.3,27.3,85.4,512,512,,D:\female\11\387_7.webp
388.png,OK,177.0,33.1,81.3,512,512,,D:\female\11\388.webp
388.png,OK,15.8,5.4,66.1,512,512,,D:\female\9\388.webp
388_1.png,OK,184.1,46.5,74.8,512,512,,D:\female\11\388_1.webp
388_1.png,OK,16.9,5.8,65.6,512,512,,D:\female\9\388_1.webp
388_10.png,OK,171.1,33.2,80.6,512,512,,D:\female\11\388_10.webp
388_11.png,OK,168.6,33.7,80.0,512,512,,D:\female\11\388_11.webp
388_12.png,OK,169.4,31.1,81.6,512,512,,D:\female\11\388_12.webp
388_13.png,OK,168.4,32.6,80.6,512,512,,D:\female\11\388_13.webp
388_14.png,OK,171.8,34.5,79.9,512,512,,D:\female\11\388_14.webp
388_15.png,OK,162.3,27.8,82.9,512,512,,D:\female\11\388_15.webp
388_2.png,OK,192.6,53.4,72.3,512,512,,D:\female\11\388_2.webp
388_3.png,OK,179.0,32.9,81.6,512,512,,D:\female\11\388_3.webp
388_4.png,OK,161.4,24.4,84.9,512,512,,D:\female\11\388_4.webp
388_5.png,OK,165.6,27.3,83.5,512,512,,D:\female\11\388_5.webp
388_6.png,OK,156.4,20.6,86.9,512,512,,D:\female\11\388_6.webp
388_7.png,OK,169.1,37.2,78.0,512,512,,D:\female\11\388_7.webp
388_8.png,OK,178.2,37.9,78.7,512,512,,D:\female\11\388_8.webp
388_9.png,OK,192.1,47.9,75.0,512,512,,D:\female\11\388_9.webp
389.png,OK,248.3,43.8,82.4,512,512,,D:\female\11\389.webp
389.png,OK,24.2,12.0,50.4,512,512,,D:\female\9\389.webp
389_1.png,OK,256.9,64.2,75.0,512,512,,D:\female\11\389_1.webp
389_1.png,OK,23.9,12.1,49.4,512,512,,D:\female\9\389_1.webp
389_10.png,OK,224.4,38.4,82.9,512,512,,D:\female\11\389_10.webp
389_11.png,OK,221.8,43.2,80.5,512,512,,D:\female\11\389_11.webp
389_12.png,OK,227.6,48.3,78.8,512,512,,D:\female\11\389_12.webp
389_13.png,OK,219.7,38.8,82.3,512,512,,D:\female\11\389_13.webp
389_14.png,OK,225.3,37.4,83.4,512,512,,D:\female\11\389_14.webp
389_15.png,OK,213.5,32.7,84.7,512,512,,D:\female\11\389_15.webp
389_2.png,OK,273.4,73.1,73.3,512,512,,D:\female\11\389_2.webp
389_2.png,OK,23.5,11.4,51.6,512,512,,D:\female\9\389_2.webp
389_3.png,OK,256.5,44.7,82.6,512,512,,D:\female\11\389_3.webp
389_3.png,OK,24.1,11.9,50.5,512,512,,D:\female\9\389_3.webp
389_4.png,OK,230.0,31.5,86.3,512,512,,D:\female\11\389_4.webp
389_5.png,OK,232.7,35.3,84.8,512,512,,D:\female\11\389_5.webp
389_6.png,OK,215.3,27.2,87.4,512,512,,D:\female\11\389_6.webp
389_7.png,OK,242.8,53.0,78.2,512,512,,D:\female\11\389_7.webp
389_8.png,OK,253.8,53.5,78.9,512,512,,D:\female\11\389_8.webp
389_9.png,OK,274.5,68.2,75.2,512,512,,D:\female\11\389_9.webp
38_1.png,OK,143.8,15.9,89.0,512,512,,D:\female\11\38_1.webp
38_2.png,OK,161.0,31.0,80.7,512,512,,D:\female\11\38_2.webp
38_3.png,OK,157.2,13.8,91.2,512,512,,D:\female\11\38_3.webp
39.png,OK,215.4,41.0,81.0,512,512,,D:\female\11\39.webp
39.png,OK,2.2,0.9,58.1,512,512,,D:\female\9\39.webp
390.png,OK,229.6,37.2,83.8,512,512,,D:\female\11\390.webp
390.png,OK,16.1,5.1,68.0,512,512,,D:\female\9\390.webp
390_1.png,OK,247.4,44.4,82.0,512,512,,D:\female\11\390_1.webp
390_10.png,OK,229.4,30.2,86.8,512,512,,D:\female\11\390_10.webp
390_11.png,OK,232.4,37.3,83.9,512,512,,D:\female\11\390_11.webp
390_12.png,OK,198.5,40.4,79.7,512,512,,D:\female\11\390_12.webp
390_13.png,OK,199.3,24.3,87.8,512,512,,D:\female\11\390_13.webp
390_14.png,OK,212.4,33.8,84.1,512,512,,D:\female\11\390_14.webp
390_15.png,OK,212.3,34.6,83.7,512,512,,D:\female\11\390_15.webp
390_2.png,OK,226.1,37.0,83.6,512,512,,D:\female\11\390_2.webp
390_3.png,OK,219.9,39.5,82.0,512,512,,D:\female\11\390_3.webp
390_4.png,OK,217.2,39.1,82.0,512,512,,D:\female\11\390_4.webp
390_5.png,OK,221.2,40.6,81.7,512,512,,D:\female\11\390_5.webp
390_6.png,OK,225.6,49.7,78.0,512,512,,D:\female\11\390_6.webp
390_7.png,OK,220.1,33.4,84.8,512,512,,D:\female\11\390_7.webp
390_8.png,OK,235.5,36.6,84.4,512,512,,D:\female\11\390_8.webp
390_9.png,OK,189.9,27.3,85.6,512,512,,D:\female\11\390_9.webp
391.png,OK,130.4,25.1,80.7,512,512,,D:\female\11\391.webp
391.png,OK,9.5,3.7,60.6,512,512,,D:\female\9\391.webp
391_1.png,OK,115.8,23.8,79.4,512,512,,D:\female\11\391_1.webp
391_1.png,OK,9.2,3.5,62.0,512,512,,D:\female\9\391_1.webp
392.png,OK,171.6,23.5,86.3,512,512,,D:\female\11\392.webp
392.png,OK,6.7,2.4,64.1,512,512,,D:\female\9\392.webp
392_1.png,OK,216.3,37.9,82.5,512,512,,D:\female\11\392_1.webp
392_1.png,OK,6.9,2.5,64.3,512,512,,D:\female\9\392_1.webp
392_10.png,OK,174.7,27.0,84.6,512,512,,D:\female\11\392_10.webp
392_11.png,OK,219.0,30.2,86.2,512,512,,D:\female\11\392_11.webp
392_12.png,OK,232.4,45.7,80.3,512,512,,D:\female\11\392_12.webp
392_13.png,OK,158.7,25.3,84.1,512,512,,D:\female\11\392_13.webp
392_14.png,OK,211.4,23.4,88.9,512,512,,D:\female\11\392_14.webp
392_15.png,OK,190.0,23.9,87.4,512,512,,D:\female\11\392_15.webp
392_16.png,OK,227.8,31.2,86.3,512,512,,D:\female\11\392_16.webp
392_17.png,OK,191.7,30.6,84.0,512,512,,D:\female\11\392_17.webp
392_18.png,OK,229.4,53.3,76.8,512,512,,D:\female\11\392_18.webp
392_19.png,OK,171.5,19.9,88.4,512,512,,D:\female\11\392_19.webp
392_2.png,OK,232.3,31.2,86.6,512,512,,D:\female\11\392_2.webp
392_20.png,OK,177.9,24.4,86.3,512,512,,D:\female\11\392_20.webp
392_3.png,OK,198.7,24.9,87.5,512,512,,D:\female\11\392_3.webp
392_4.png,OK,231.5,35.4,84.7,512,512,,D:\female\11\392_4.webp
392_5.png,OK,179.7,20.4,88.7,512,512,,D:\female\11\392_5.webp
392_6.png,OK,207.3,23.0,88.9,512,512,,D:\female\11\392_6.webp
392_7.png,OK,174.7,23.4,86.6,512,512,,D:\female\11\392_7.webp
392_8.png,OK,161.8,29.7,81.6,512,512,,D:\female\11\392_8.webp
392_9.png,OK,210.0,28.5,86.4,512,512,,D:\female\11\392_9.webp
393.png,OK,166.4,23.3,86.0,512,512,,D:\female\11\393.webp
393.png,OK,10.2,3.9,61.6,512,512,,D:\female\9\393.webp
393_1.png,OK,211.5,37.5,82.3,512,512,,D:\female\11\393_1.webp
393_10.png,OK,170.2,26.6,84.4,512,512,,D:\female\11\393_10.webp
393_11.png,OK,213.1,29.6,86.1,512,512,,D:\female\11\393_11.webp
393_12.png,OK,226.2,45.0,80.1,512,512,,D:\female\11\393_12.webp
393_13.png,OK,153.7,24.6,84.0,512,512,,D:\female\11\393_13.webp
393_14.png,OK,199.4,23.5,88.2,512,512,,D:\female\11\393_14.webp
393_15.png,OK,182.4,22.5,87.7,512,512,,D:\female\11\393_15.webp
393_16.png,OK,222.5,30.8,86.2,512,512,,D:\female\11\393_16.webp
393_17.png,OK,184.8,30.3,83.6,512,512,,D:\female\11\393_17.webp
393_18.png,OK,222.3,53.2,76.1,512,512,,D:\female\11\393_18.webp
393_19.png,OK,166.2,19.8,88.1,512,512,,D:\female\11\393_19.webp
393_2.png,OK,222.0,31.0,86.0,512,512,,D:\female\11\393_2.webp
393_20.png,OK,173.0,24.2,86.0,512,512,,D:\female\11\393_20.webp
393_3.png,OK,194.1,24.7,87.3,512,512,,D:\female\11\393_3.webp
393_4.png,OK,227.4,36.1,84.1,512,512,,D:\female\11\393_4.webp
393_5.png,OK,173.9,20.1,88.4,512,512,,D:\female\11\393_5.webp
393_6.png,OK,202.8,22.5,88.9,512,512,,D:\female\11\393_6.webp
393_7.png,OK,167.7,23.3,86.1,512,512,,D:\female\11\393_7.webp
393_8.png,OK,153.1,26.6,82.6,512,512,,D:\female\11\393_8.webp
393_9.png,OK,213.2,29.1,86.4,512,512,,D:\female\11\393_9.webp
394.png,OK,170.1,25.7,84.9,512,512,,D:\female\11\394.webp
394.png,OK,23.0,8.0,65.1,512,512,,D:\female\9\394.webp
394_1.png,OK,203.7,41.4,79.7,512,512,,D:\female\11\394_1.webp
394_2.png,OK,173.0,22.2,87.2,512,512,,D:\female\11\394_2.webp
395.png,OK,127.8,17.5,86.3,512,512,,D:\female\11\395.webp
395.png,OK,2.8,1.2,56.0,512,512,,D:\female\9\395.webp
395_1.png,OK,134.8,21.2,84.3,512,512,,D:\female\11\395_1.webp
395_1.png,OK,2.8,1.2,56.1,512,512,,D:\female\9\395_1.webp
395_10.png,OK,149.4,31.8,78.7,512,512,,D:\female\11\395_10.webp
395_11.png,OK,67.7,12.7,81.2,512,512,,D:\female\11\395_11.webp
395_12.png,OK,130.4,17.9,86.3,512,512,,D:\female\11\395_12.webp
395_13.png,OK,117.2,26.5,77.4,512,512,,D:\female\11\395_13.webp
395_14.png,OK,119.6,15.4,87.1,512,512,,D:\female\11\395_14.webp
395_15.png,OK,72.4,11.0,84.9,512,512,,D:\female\11\395_15.webp
395_16.png,OK,68.5,10.5,84.7,512,512,,D:\female\11\395_16.webp
395_17.png,OK,155.4,32.8,78.9,512,512,,D:\female\11\395_17.webp
395_18.png,OK,146.4,29.8,79.7,512,512,,D:\female\11\395_18.webp
395_19.png,OK,115.8,17.4,85.0,512,512,,D:\female\11\395_19.webp
395_2.png,OK,104.9,13.9,86.8,512,512,,D:\female\11\395_2.webp
395_20.png,OK,143.2,18.5,87.1,512,512,,D:\female\11\395_20.webp
395_3.png,OK,123.9,15.0,87.9,512,512,,D:\female\11\395_3.webp
395_4.png,OK,122.9,15.4,87.5,512,512,,D:\female\11\395_4.webp
395_5.png,OK,101.0,14.7,85.5,512,512,,D:\female\11\395_5.webp
395_6.png,OK,80.2,12.5,84.5,512,512,,D:\female\11\395_6.webp
395_7.png,OK,132.1,26.5,79.9,512,512,,D:\female\11\395_7.webp
395_8.png,OK,139.6,20.1,85.6,512,512,,D:\female\11\395_8.webp
395_9.png,OK,141.9,26.7,81.2,512,512,,D:\female\11\395_9.webp
396.png,OK,205.5,44.8,78.2,512,512,,D:\female\11\396.webp
396.png,OK,20.4,6.0,70.4,512,512,,D:\female\9\396.webp
396_1.png,OK,226.8,30.1,86.7,512,512,,D:\female\11\396_1.webp
396_1.png,OK,19.6,6.5,66.9,512,512,,D:\female\9\396_1.webp
396_2.png,OK,194.3,21.6,88.9,512,512,,D:\female\11\396_2.webp
396_2.png,OK,18.2,5.9,67.6,512,512,,D:\female\9\396_2.webp
396_3.png,OK,185.0,23.2,87.5,512,512,,D:\female\11\396_3.webp
396_3.png,OK,15.6,5.6,63.8,512,512,,D:\female\9\396_3.webp
396_4.png,OK,209.0,32.4,84.5,512,512,,D:\female\11\396_4.webp
396_5.png,OK,205.6,28.2,86.3,512,512,,D:\female\11\396_5.webp
396_6.png,OK,238.5,37.8,84.2,512,512,,D:\female\11\396_6.webp
396_7.png,OK,240.7,43.5,81.9,512,512,,D:\female\11\396_7.webp
396_8.png,OK,227.4,30.0,86.8,512,512,,D:\female\11\396_8.webp
396_9.png,OK,228.9,30.3,86.8,512,512,,D:\female\11\396_9.webp
397.png,OK,189.2,19.2,89.9,512,512,,D:\female\11\397.webp
397.png,OK,22.3,7.6,66.1,512,512,,D:\female\9\397.webp
397_1.png,OK,190.5,26.0,86.4,512,512,,D:\female\11\397_1.webp
397_1.png,OK,22.8,7.4,67.5,512,512,,D:\female\9\397_1.webp
397_10.png,OK,208.9,23.5,88.7,512,512,,D:\female\11\397_10.webp
397_11.png,OK,196.8,20.6,89.5,512,512,,D:\female\11\397_11.webp
397_2.png,OK,195.2,23.5,87.9,512,512,,D:\female\11\397_2.webp
397_2.png,OK,21.7,8.1,62.5,512,512,,D:\female\9\397_2.webp
397_3.png,OK,188.3,19.3,89.8,512,512,,D:\female\11\397_3.webp
397_3.png,OK,21.0,7.0,66.5,512,512,,D:\female\9\397_3.webp
397_4.png,OK,189.8,23.9,87.4,512,512,,D:\female\11\397_4.webp
397_5.png,OK,199.1,25.6,87.2,512,512,,D:\female\11\397_5.webp
397_6.png,OK,188.4,20.1,89.3,512,512,,D:\female\11\397_6.webp
397_7.png,OK,209.4,44.6,78.7,512,512,,D:\female\11\397_7.webp
397_8.png,OK,199.8,25.5,87.2,512,512,,D:\female\11\397_8.webp
397_9.png,OK,196.4,23.8,87.9,512,512,,D:\female\11\397_9.webp
398.png,OK,188.5,22.1,88.3,512,512,,D:\female\11\398.webp
398.png,OK,2.9,1.2,57.6,512,512,,D:\female\9\398.webp
398_1.png,OK,191.7,21.4,88.8,512,512,,D:\female\11\398_1.webp
398_2.png,OK,159.9,15.8,90.1,512,512,,D:\female\11\398_2.webp
398_3.png,OK,157.7,15.0,90.5,512,512,,D:\female\11\398_3.webp
398_4.png,OK,194.3,28.9,85.1,512,512,,D:\female\11\398_4.webp
398_5.png,OK,197.3,29.1,85.3,512,512,,D:\female\11\398_5.webp
398_6.png,OK,237.9,55.6,76.6,512,512,,D:\female\11\398_6.webp
398_7.png,OK,204.0,37.8,81.5,512,512,,D:\female\11\398_7.webp
399.png,OK,179.3,20.1,88.8,512,512,,D:\female\11\399.webp
399.png,OK,126.6,24.8,80.4,512,512,,D:\female\9\399.webp
399_1.png,OK,181.3,27.8,84.7,512,512,,D:\female\11\399_1.webp
399_10.png,OK,204.2,24.8,87.9,512,512,,D:\female\11\399_10.webp
399_11.png,OK,189.1,21.6,88.6,512,512,,D:\female\11\399_11.webp
399_2.png,OK,186.6,25.1,86.6,512,512,,D:\female\11\399_2.webp
399_3.png,OK,178.0,20.2,88.7,512,512,,D:\female\11\399_3.webp
399_4.png,OK,180.1,25.3,85.9,512,512,,D:\female\11\399_4.webp
399_5.png,OK,192.3,26.9,86.0,512,512,,D:\female\11\399_5.webp
399_6.png,OK,179.2,21.2,88.2,512,512,,D:\female\11\399_6.webp
399_7.png,OK,199.2,43.8,78.0,512,512,,D:\female\11\399_7.webp
399_8.png,OK,193.8,27.0,86.0,512,512,,D:\female\11\399_8.webp
399_9.png,OK,188.3,25.2,86.6,512,512,,D:\female\11\399_9.webp
3_1.png,OK,227.0,33.4,85.3,512,512,,D:\female\11\3_1.webp
3_1.png,OK,85.9,10.0,88.3,512,512,,D:\female\9\3_1.webp
3_10.png,OK,208.1,28.7,86.2,512,512,,D:\female\11\3_10.webp
3_11.png,OK,219.7,34.9,84.1,512,512,,D:\female\11\3_11.webp
3_12.png,OK,208.2,39.4,81.1,512,512,,D:\female\11\3_12.webp
3_13.png,OK,208.6,30.0,85.6,512,512,,D:\female\11\3_13.webp
3_14.png,OK,204.6,26.2,87.2,512,512,,D:\female\11\3_14.webp
3_15.png,OK,172.8,21.0,87.8,512,512,,D:\female\11\3_15.webp
3_2.png,OK,188.1,21.8,88.4,512,512,,D:\female\11\3_2.webp
3_2.png,OK,94.9,13.4,85.9,512,512,,D:\female\9\3_2.webp
3_3.png,OK,202.0,29.8,85.2,512,512,,D:\female\11\3_3.webp
3_3.png,OK,108.8,19.4,82.2,512,512,,D:\female\9\3_3.webp
3_4.png,OK,190.4,22.6,88.1,512,512,,D:\female\11\3_4.webp
3_4.png,OK,108.6,18.8,82.7,512,512,,D:\female\9\3_4.webp
3_5.png,OK,172.7,21.0,87.8,512,512,,D:\female\11\3_5.webp
3_6.png,OK,172.7,20.8,87.9,512,512,,D:\female\11\3_6.webp
3_7.png,OK,172.7,21.2,87.7,512,512,,D:\female\11\3_7.webp
3_8.png,OK,172.6,21.1,87.8,512,512,,D:\female\11\3_8.webp
3_9.png,OK,172.6,21.0,87.8,512,512,,D:\female\11\3_9.webp
4.png,OK,82.8,10.1,87.8,512,512,,D:\female\11\4.webp
4.png,OK,58.8,9.6,83.6,512,512,,D:\female\9\4.webp
40.png,OK,137.3,14.1,89.7,512,512,,D:\female\11\40.webp
40.png,OK,2.2,0.9,58.1,512,512,,D:\female\9\40.webp
400.png,OK,139.8,16.3,88.3,512,512,,D:\female\11\400.webp
400.png,OK,20.4,7.0,65.9,512,512,,D:\female\9\400.webp
400_1.png,OK,151.7,31.9,79.0,512,512,,D:\female\11\400_1.webp
400_1.png,OK,20.3,7.3,63.8,512,512,,D:\female\9\400_1.webp
400_2.png,OK,135.0,17.1,87.3,512,512,,D:\female\11\400_2.webp
400_2.png,OK,19.2,6.7,65.1,512,512,,D:\female\9\400_2.webp
400_3.png,OK,134.6,14.2,89.5,512,512,,D:\female\11\400_3.webp
400_3.png,OK,19.7,8.0,59.5,512,512,,D:\female\9\400_3.webp
400_4.png,OK,116.6,12.5,89.3,512,512,,D:\female\11\400_4.webp
400_5.png,OK,163.0,36.9,77.4,512,512,,D:\female\11\400_5.webp
400_6.png,OK,141.8,14.9,89.5,512,512,,D:\female\11\400_6.webp
400_7.png,OK,153.4,17.6,88.6,512,512,,D:\female\11\400_7.webp
401.png,OK,118.4,14.6,87.6,512,512,,D:\female\11\401.webp
401.png,OK,4.3,1.9,55.2,512,512,,D:\female\9\401.webp
401_1.png,OK,127.9,27.8,78.3,512,512,,D:\female\11\401_1.webp
401_2.png,OK,114.8,15.6,86.4,512,512,,D:\female\11\401_2.webp
401_3.png,OK,113.6,12.7,88.9,512,512,,D:\female\11\401_3.webp
401_4.png,OK,97.4,11.1,88.6,512,512,,D:\female\11\401_4.webp
401_5.png,OK,137.4,31.4,77.1,512,512,,D:\female\11\401_5.webp
401_6.png,OK,119.9,13.4,88.8,512,512,,D:\female\11\401_6.webp
401_7.png,OK,128.6,15.4,88.0,512,512,,D:\female\11\401_7.webp
402.png,OK,194.7,26.0,86.6,512,512,,D:\female\11\402.webp
402.png,OK,32.5,6.5,79.9,512,512,,D:\female\9\402.webp
402_1.png,OK,194.3,29.4,84.9,512,512,,D:\female\11\402_1.webp
402_1.png,OK,43.4,10.2,76.5,512,512,,D:\female\9\402_1.webp
402_10.png,OK,212.7,26.6,87.5,512,512,,D:\female\11\402_10.webp
402_11.png,OK,205.0,29.0,85.9,512,512,,D:\female\11\402_11.webp
402_12.png,OK,214.5,26.0,87.9,512,512,,D:\female\11\402_12.webp
402_13.png,OK,216.9,26.7,87.7,512,512,,D:\female\11\402_13.webp
402_2.png,OK,176.1,36.1,79.5,512,512,,D:\female\11\402_2.webp
402_3.png,OK,181.4,22.1,87.8,512,512,,D:\female\11\402_3.webp
402_4.png,OK,192.3,29.6,84.6,512,512,,D:\female\11\402_4.webp
402_5.png,OK,198.8,21.6,89.1,512,512,,D:\female\11\402_5.webp
402_6.png,OK,161.6,18.3,88.7,512,512,,D:\female\11\402_6.webp
402_7.png,OK,185.9,26.9,85.5,512,512,,D:\female\11\402_7.webp
402_8.png,OK,155.4,18.4,88.2,512,512,,D:\female\11\402_8.webp
402_9.png,OK,145.0,14.2,90.2,512,512,,D:\female\11\402_9.webp
403.png,OK,192.9,27.9,85.5,512,512,,D:\female\11\403.webp
403.png,OK,10.9,4.6,58.0,512,512,,D:\female\9\403.webp
403_1.png,OK,191.7,31.1,83.8,512,512,,D:\female\11\403_1.webp
403_1.png,OK,11.5,4.9,57.4,512,512,,D:\female\9\403_1.webp
403_10.png,OK,207.6,27.8,86.6,512,512,,D:\female\11\403_10.webp
403_11.png,OK,200.8,30.6,84.8,512,512,,D:\female\11\403_11.webp
403_12.png,OK,210.0,26.9,87.2,512,512,,D:\female\11\403_12.webp
403_13.png,OK,213.5,27.9,86.9,512,512,,D:\female\11\403_13.webp
403_2.png,OK,175.0,36.5,79.2,512,512,,D:\female\11\403_2.webp
403_2.png,OK,11.3,4.9,56.9,512,512,,D:\female\9\403_2.webp
403_3.png,OK,176.7,23.9,86.5,512,512,,D:\female\11\403_3.webp
403_3.png,OK,10.0,3.9,61.0,512,512,,D:\female\9\403_3.webp
403_4.png,OK,189.6,31.1,83.6,512,512,,D:\female\11\403_4.webp
403_5.png,OK,192.6,22.8,88.2,512,512,,D:\female\11\403_5.webp
403_6.png,OK,158.4,19.4,87.7,512,512,,D:\female\11\403_6.webp
403_7.png,OK,183.5,29.0,84.2,512,512,,D:\female\11\403_7.webp
403_8.png,OK,154.8,19.6,87.4,512,512,,D:\female\11\403_8.webp
403_9.png,OK,143.3,15.1,89.4,512,512,,D:\female\11\403_9.webp
404.png,OK,104.7,21.2,79.8,512,512,,D:\female\11\404.webp
404.png,OK,3.9,1.9,50.5,512,512,,D:\female\9\404.webp
404_1.png,OK,99.4,10.2,89.7,512,512,,D:\female\11\404_1.webp
404_1.png,OK,3.7,1.8,51.2,512,512,,D:\female\9\404_1.webp
404_10.png,OK,144.6,30.6,78.9,512,512,,D:\female\11\404_10.webp
404_11.png,OK,116.6,17.5,85.0,512,512,,D:\female\11\404_11.webp
404_12.png,OK,123.4,17.7,85.6,512,512,,D:\female\11\404_12.webp
404_13.png,OK,133.5,33.7,74.7,512,512,,D:\female\11\404_13.webp
404_14.png,OK,109.3,16.4,85.0,512,512,,D:\female\11\404_14.webp
404_15.png,OK,141.1,25.4,82.0,512,512,,D:\female\11\404_15.webp
404_16.png,OK,145.2,29.9,79.4,512,512,,D:\female\11\404_16.webp
404_17.png,OK,146.1,35.6,75.6,512,512,,D:\female\11\404_17.webp
404_18.png,OK,130.5,29.2,77.6,512,512,,D:\female\11\404_18.webp
404_19.png,OK,143.7,37.6,73.8,512,512,,D:\female\11\404_19.webp
404_2.png,OK,100.4,9.7,90.3,512,512,,D:\female\11\404_2.webp
404_2.png,OK,3.7,1.8,50.6,512,512,,D:\female\9\404_2.webp
404_20.png,OK,137.3,24.1,82.4,512,512,,D:\female\11\404_20.webp
404_21.png,OK,142.5,34.1,76.1,512,512,,D:\female\11\404_21.webp
404_22.png,OK,121.0,16.4,86.4,512,512,,D:\female\11\404_22.webp
404_23.png,OK,134.3,30.0,77.6,512,512,,D:\female\11\404_23.webp
404_24.png,OK,142.6,21.7,84.8,512,512,,D:\female\11\404_24.webp
404_25.png,OK,112.7,20.2,82.1,512,512,,D:\female\11\404_25.webp
404_3.png,OK,50.7,7.0,86.2,512,512,,D:\female\11\404_3.webp
404_3.png,OK,3.8,2.0,48.5,512,512,,D:\female\9\404_3.webp
404_4.png,OK,99.0,10.8,89.0,512,512,,D:\female\11\404_4.webp
404_4.png,OK,4.1,2.0,50.6,512,512,,D:\female\9\404_4.webp
404_5.png,OK,92.1,9.8,89.3,512,512,,D:\female\11\404_5.webp
404_6.png,OK,98.8,22.1,77.7,512,512,,D:\female\11\404_6.webp
404_7.png,OK,98.1,11.2,88.6,512,512,,D:\female\11\404_7.webp
404_8.png,OK,146.3,29.5,79.8,512,512,,D:\female\11\404_8.webp
404_9.png,OK,128.5,22.5,82.5,512,512,,D:\female\11\404_9.webp
405.png,OK,111.0,24.3,78.1,512,512,,D:\female\11\405.webp
405.png,OK,43.6,13.0,70.2,512,512,,D:\female\9\405.webp
405_1.png,OK,119.1,20.3,83.0,512,512,,D:\female\11\405_1.webp
405_2.png,OK,119.1,24.3,79.6,512,512,,D:\female\11\405_2.webp
405_3.png,OK,162.7,45.3,72.2,512,512,,D:\female\11\405_3.webp
405_4.png,OK,132.8,25.1,81.1,512,512,,D:\female\11\405_4.webp
405_5.png,OK,152.0,24.4,83.9,512,512,,D:\female\11\405_5.webp
405_6.png,OK,109.0,13.6,87.6,512,512,,D:\female\11\405_6.webp
405_7.png,OK,108.0,13.5,87.5,512,512,,D:\female\11\405_7.webp
405_8.png,OK,113.3,20.6,81.8,512,512,,D:\female\11\405_8.webp
406.png,OK,115.7,13.0,88.8,512,512,,D:\female\11\406.webp
406.png,OK,2.9,1.3,55.2,512,512,,D:\female\9\406.webp
406_1.png,OK,156.6,16.6,89.4,512,512,,D:\female\11\406_1.webp
406_1.png,OK,2.9,1.3,56.0,512,512,,D:\female\9\406_1.webp
406_10.png,OK,162.5,21.7,86.7,512,512,,D:\female\11\406_10.webp
406_11.png,OK,170.7,20.3,88.1,512,512,,D:\female\11\406_11.webp
406_12.png,OK,126.2,15.2,87.9,512,512,,D:\female\11\406_12.webp
406_13.png,OK,147.4,19.5,86.8,512,512,,D:\female\11\406_13.webp
406_14.png,OK,159.3,20.4,87.2,512,512,,D:\female\11\406_14.webp
406_15.png,OK,154.8,22.2,85.7,512,512,,D:\female\11\406_15.webp
406_16.png,OK,171.4,20.7,87.9,512,512,,D:\female\11\406_16.webp
406_17.png,OK,176.1,36.7,79.2,512,512,,D:\female\11\406_17.webp
406_18.png,OK,129.9,15.5,88.1,512,512,,D:\female\11\406_18.webp
406_19.png,OK,145.0,19.5,86.6,512,512,,D:\female\11\406_19.webp
406_2.png,OK,168.3,18.7,88.9,512,512,,D:\female\11\406_2.webp
406_20.png,OK,154.1,16.9,89.0,512,512,,D:\female\11\406_20.webp
406_21.png,OK,163.3,20.9,87.2,512,512,,D:\female\11\406_21.webp
406_22.png,OK,170.5,20.5,88.0,512,512,,D:\female\11\406_22.webp
406_23.png,OK,178.2,37.0,79.2,512,512,,D:\female\11\406_23.webp
406_24.png,OK,156.3,34.4,78.0,512,512,,D:\female\11\406_24.webp
406_25.png,OK,111.1,23.2,79.1,512,512,,D:\female\11\406_25.webp
406_3.png,OK,172.3,19.6,88.6,512,512,,D:\female\11\406_3.webp
406_4.png,OK,169.9,19.0,88.8,512,512,,D:\female\11\406_4.webp
406_5.png,OK,139.8,15.9,88.7,512,512,,D:\female\11\406_5.webp
406_6.png,OK,136.3,33.9,75.2,512,512,,D:\female\11\406_6.webp
406_7.png,OK,114.2,24.1,78.9,512,512,,D:\female\11\406_7.webp
406_8.png,OK,146.8,35.4,75.9,512,512,,D:\female\11\406_8.webp
406_9.png,OK,153.3,21.5,86.0,512,512,,D:\female\11\406_9.webp
407.png,OK,181.4,16.0,91.2,512,512,,D:\female\11\407.webp
407.png,OK,2.9,1.3,55.6,512,512,,D:\female\9\407.webp
407_1.png,OK,198.5,20.2,89.8,512,512,,D:\female\11\407_1.webp
407_10.png,OK,202.4,25.6,87.3,512,512,,D:\female\11\407_10.webp
407_11.png,OK,206.5,23.7,88.5,512,512,,D:\female\11\407_11.webp
407_12.png,OK,178.4,18.1,89.9,512,512,,D:\female\11\407_12.webp
407_13.png,OK,190.7,23.1,87.9,512,512,,D:\female\11\407_13.webp
407_14.png,OK,200.6,24.0,88.0,512,512,,D:\female\11\407_14.webp
407_15.png,OK,188.8,25.5,86.5,512,512,,D:\female\11\407_15.webp
407_16.png,OK,207.3,24.2,88.3,512,512,,D:\female\11\407_16.webp
407_17.png,OK,212.3,44.1,79.2,512,512,,D:\female\11\407_17.webp
407_18.png,OK,179.4,18.2,89.8,512,512,,D:\female\11\407_18.webp
407_19.png,OK,178.4,22.9,87.2,512,512,,D:\female\11\407_19.webp
407_2.png,OK,204.5,22.1,89.2,512,512,,D:\female\11\407_2.webp
407_20.png,OK,194.0,20.3,89.6,512,512,,D:\female\11\407_20.webp
407_21.png,OK,200.7,24.2,87.9,512,512,,D:\female\11\407_21.webp
407_22.png,OK,207.4,24.2,88.4,512,512,,D:\female\11\407_22.webp
407_23.png,OK,214.0,44.8,79.1,512,512,,D:\female\11\407_23.webp
407_24.png,OK,203.2,44.8,77.9,512,512,,D:\female\11\407_24.webp
407_25.png,OK,170.6,33.0,80.7,512,512,,D:\female\11\407_25.webp
407_3.png,OK,206.1,22.1,89.3,512,512,,D:\female\11\407_3.webp
407_4.png,OK,204.6,22.1,89.2,512,512,,D:\female\11\407_4.webp
407_5.png,OK,188.3,19.0,89.9,512,512,,D:\female\11\407_5.webp
407_6.png,OK,189.8,43.6,77.0,512,512,,D:\female\11\407_6.webp
407_7.png,OK,173.7,33.6,80.6,512,512,,D:\female\11\407_7.webp
407_8.png,OK,197.2,48.4,75.5,512,512,,D:\female\11\407_8.webp
407_9.png,OK,195.2,25.6,86.9,512,512,,D:\female\11\407_9.webp
408.png,OK,186.1,18.1,90.3,512,512,,D:\female\11\408.webp
408.png,OK,42.0,15.3,63.6,512,512,,D:\female\9\408.webp
408_1.png,OK,203.5,21.9,89.2,512,512,,D:\female\11\408_1.webp
408_10.png,OK,204.0,27.1,86.7,512,512,,D:\female\11\408_10.webp
408_11.png,OK,208.6,25.5,87.8,512,512,,D:\female\11\408_11.webp
408_12.png,OK,183.6,19.8,89.2,512,512,,D:\female\11\408_12.webp
408_13.png,OK,195.8,25.0,87.2,512,512,,D:\female\11\408_13.webp
408_14.png,OK,205.5,26.4,87.1,512,512,,D:\female\11\408_14.webp
408_15.png,OK,198.7,27.2,86.3,512,512,,D:\female\11\408_15.webp
408_16.png,OK,208.9,26.0,87.6,512,512,,D:\female\11\408_16.webp
408_17.png,OK,217.7,46.7,78.5,512,512,,D:\female\11\408_17.webp
408_18.png,OK,184.6,20.3,89.0,512,512,,D:\female\11\408_18.webp
408_19.png,OK,183.4,24.7,86.5,512,512,,D:\female\11\408_19.webp
408_2.png,OK,209.7,24.0,88.5,512,512,,D:\female\11\408_2.webp
408_20.png,OK,199.1,22.1,88.9,512,512,,D:\female\11\408_20.webp
408_21.png,OK,205.6,26.2,87.3,512,512,,D:\female\11\408_21.webp
408_22.png,OK,210.2,25.7,87.8,512,512,,D:\female\11\408_22.webp
408_23.png,OK,217.3,47.8,78.0,512,512,,D:\female\11\408_23.webp
408_24.png,OK,207.4,47.0,77.3,512,512,,D:\female\11\408_24.webp
408_25.png,OK,175.4,34.3,80.5,512,512,,D:\female\11\408_25.webp
408_3.png,OK,210.4,24.3,88.5,512,512,,D:\female\11\408_3.webp
408_4.png,OK,209.6,24.7,88.2,512,512,,D:\female\11\408_4.webp
408_5.png,OK,193.0,21.1,89.1,512,512,,D:\female\11\408_5.webp
408_6.png,OK,193.0,44.7,76.8,512,512,,D:\female\11\408_6.webp
408_7.png,OK,177.4,35.1,80.2,512,512,,D:\female\11\408_7.webp
408_8.png,OK,201.5,50.7,74.8,512,512,,D:\female\11\408_8.webp
408_9.png,OK,196.1,27.2,86.1,512,512,,D:\female\11\408_9.webp
409.png,OK,203.2,22.0,89.2,512,512,,D:\female\11\409.webp
409.png,OK,3.8,1.8,53.1,512,512,,D:\female\9\409.webp
409_1.png,OK,199.2,20.9,89.5,512,512,,D:\female\11\409_1.webp
409_1.png,OK,3.8,1.8,53.5,512,512,,D:\female\9\409_1.webp
409_10.png,OK,244.9,41.9,82.9,512,512,,D:\female\11\409_10.webp
409_11.png,OK,265.8,51.1,80.8,512,512,,D:\female\11\409_11.webp
409_12.png,OK,249.1,35.4,85.8,512,512,,D:\female\11\409_12.webp
409_13.png,OK,248.8,39.3,84.2,512,512,,D:\female\11\409_13.webp
409_14.png,OK,285.8,59.8,79.1,512,512,,D:\female\11\409_14.webp
409_15.png,OK,284.0,61.3,78.4,512,512,,D:\female\11\409_15.webp
409_16.png,OK,185.1,24.3,86.8,512,512,,D:\female\11\409_16.webp
409_17.png,OK,195.5,24.3,87.6,512,512,,D:\female\11\409_17.webp
409_18.png,OK,202.1,24.3,88.0,512,512,,D:\female\11\409_18.webp
409_19.png,OK,190.7,19.7,89.6,512,512,,D:\female\11\409_19.webp
409_2.png,OK,184.5,18.4,90.0,512,512,,D:\female\11\409_2.webp
409_20.png,OK,249.4,36.2,85.5,512,512,,D:\female\11\409_20.webp
409_21.png,OK,236.9,29.8,87.4,512,512,,D:\female\11\409_21.webp
409_22.png,OK,224.1,47.8,78.7,512,512,,D:\female\11\409_22.webp
409_23.png,OK,171.7,21.1,87.7,512,512,,D:\female\11\409_23.webp
409_24.png,OK,221.5,28.3,87.2,512,512,,D:\female\11\409_24.webp
409_25.png,OK,203.9,29.1,85.7,512,512,,D:\female\11\409_25.webp
409_3.png,OK,150.3,15.5,89.7,512,512,,D:\female\11\409_3.webp
409_4.png,OK,203.5,23.2,88.6,512,512,,D:\female\11\409_4.webp
409_5.png,OK,142.6,15.4,89.2,512,512,,D:\female\11\409_5.webp
409_6.png,OK,180.6,18.7,89.7,512,512,,D:\female\11\409_6.webp
409_7.png,OK,207.1,34.5,83.4,512,512,,D:\female\11\409_7.webp
409_8.png,OK,191.0,22.3,88.3,512,512,,D:\female\11\409_8.webp
409_9.png,OK,193.3,25.2,87.0,512,512,,D:\female\11\409_9.webp
40_1.png,OK,182.5,42.0,77.0,512,512,,D:\female\11\40_1.webp
41.png,OK,224.0,29.7,86.7,512,512,,D:\female\11\41.webp
41.png,OK,2.2,0.9,58.1,512,512,,D:\female\9\41.webp
410.png,OK,197.6,34.9,82.3,512,512,,D:\female\11\410.webp
410.png,OK,2.8,1.3,54.6,512,512,,D:\female\9\410.webp
410_1.png,OK,218.8,25.3,88.4,512,512,,D:\female\11\410_1.webp
410_1.png,OK,2.8,1.3,54.6,512,512,,D:\female\9\410_1.webp
410_2.png,OK,268.2,54.5,79.7,512,512,,D:\female\11\410_2.webp
411.png,OK,205.2,24.6,88.0,512,512,,D:\female\11\411.webp
411.png,OK,3.9,1.8,54.2,512,512,,D:\female\9\411.webp
411_1.png,OK,201.0,23.2,88.5,512,512,,D:\female\11\411_1.webp
411_1.png,OK,3.9,1.8,54.0,512,512,,D:\female\9\411_1.webp
411_10.png,OK,234.1,39.4,83.2,512,512,,D:\female\11\411_10.webp
411_11.png,OK,252.4,46.2,81.7,512,512,,D:\female\11\411_11.webp
411_12.png,OK,243.1,34.7,85.7,512,512,,D:\female\11\411_12.webp
411_13.png,OK,239.8,37.6,84.3,512,512,,D:\female\11\411_13.webp
411_14.png,OK,267.2,54.9,79.5,512,512,,D:\female\11\411_14.webp
411_15.png,OK,264.9,56.9,78.5,512,512,,D:\female\11\411_15.webp
411_16.png,OK,187.8,25.3,86.5,512,512,,D:\female\11\411_16.webp
411_17.png,OK,199.8,26.5,86.7,512,512,,D:\female\11\411_17.webp
411_18.png,OK,203.9,26.2,87.1,512,512,,D:\female\11\411_18.webp
411_19.png,OK,190.7,21.7,88.6,512,512,,D:\female\11\411_19.webp
411_2.png,OK,186.9,20.1,89.3,512,512,,D:\female\11\411_2.webp
411_2.png,OK,3.8,1.7,55.8,512,512,,D:\female\9\411_2.webp
411_20.png,OK,237.0,35.4,85.0,512,512,,D:\female\11\411_20.webp
411_21.png,OK,226.0,29.5,86.9,512,512,,D:\female\11\411_21.webp
411_22.png,OK,223.1,48.8,78.1,512,512,,D:\female\11\411_22.webp
411_23.png,OK,170.8,21.4,87.5,512,512,,D:\female\11\411_23.webp
411_24.png,OK,210.8,28.9,86.3,512,512,,D:\female\11\411_24.webp
411_25.png,OK,196.9,30.5,84.5,512,512,,D:\female\11\411_25.webp
411_3.png,OK,154.1,16.9,89.1,512,512,,D:\female\11\411_3.webp
411_4.png,OK,201.7,26.4,86.9,512,512,,D:\female\11\411_4.webp
411_5.png,OK,149.2,17.1,88.5,512,512,,D:\female\11\411_5.webp
411_6.png,OK,182.7,20.7,88.7,512,512,,D:\female\11\411_6.webp
411_7.png,OK,208.9,35.2,83.2,512,512,,D:\female\11\411_7.webp
411_8.png,OK,191.7,24.8,87.1,512,512,,D:\female\11\411_8.webp
411_9.png,OK,195.1,27.7,85.8,512,512,,D:\female\11\411_9.webp
412.png,OK,202.2,37.9,81.3,512,512,,D:\female\11\412.webp
412.png,OK,2.5,1.2,53.9,512,512,,D:\female\9\412.webp
412_1.png,OK,217.6,26.6,87.8,512,512,,D:\female\11\412_1.webp
412_1.png,OK,2.5,1.1,53.9,512,512,,D:\female\9\412_1.webp
412_2.png,OK,266.2,53.5,79.9,512,512,,D:\female\11\412_2.webp
413.png,OK,192.3,42.2,78.1,512,512,,D:\female\11\413.webp
413.png,OK,2.8,1.2,58.7,512,512,,D:\female\9\413.webp
413_1.png,OK,194.7,53.3,72.6,512,512,,D:\female\11\413_1.webp
413_1.png,OK,2.9,1.2,58.5,512,512,,D:\female\9\413_1.webp
413_2.png,OK,120.4,19.0,84.2,512,512,,D:\female\11\413_2.webp
413_3.png,OK,143.8,19.8,86.2,512,512,,D:\female\11\413_3.webp
413_4.png,OK,126.6,19.4,84.7,512,512,,D:\female\11\413_4.webp
414.png,OK,175.9,39.2,77.7,512,512,,D:\female\11\414.webp
414.png,OK,2.4,1.1,54.8,512,512,,D:\female\9\414.webp
414_1.png,OK,178.1,48.7,72.7,512,512,,D:\female\11\414_1.webp
414_2.png,OK,111.1,18.3,83.5,512,512,,D:\female\11\414_2.webp
414_3.png,OK,133.3,19.1,85.6,512,512,,D:\female\11\414_3.webp
414_4.png,OK,119.0,19.0,84.0,512,512,,D:\female\11\414_4.webp
415.png,OK,82.8,8.4,89.9,512,512,,D:\female\11\415.webp
415.png,OK,21.3,6.9,67.5,512,512,,D:\female\9\415.webp
415_1.png,OK,118.1,10.3,91.3,512,512,,D:\female\11\415_1.webp
415_1.png,OK,21.5,7.6,64.9,512,512,,D:\female\9\415_1.webp
415_10.png,OK,123.1,13.1,89.4,512,512,,D:\female\11\415_10.webp
415_11.png,OK,128.4,12.2,90.5,512,512,,D:\female\11\415_11.webp
415_12.png,OK,96.2,9.9,89.7,512,512,,D:\female\11\415_12.webp
415_13.png,OK,111.7,12.3,89.0,512,512,,D:\female\11\415_13.webp
415_14.png,OK,122.1,12.8,89.5,512,512,,D:\female\11\415_14.webp
415_15.png,OK,113.3,13.5,88.1,512,512,,D:\female\11\415_15.webp
415_16.png,OK,128.6,12.3,90.4,512,512,,D:\female\11\415_16.webp
415_17.png,OK,133.8,25.3,81.1,512,512,,D:\female\11\415_17.webp
415_18.png,OK,100.3,10.1,89.9,512,512,,D:\female\11\415_18.webp
415_19.png,OK,109.3,12.4,88.6,512,512,,D:\female\11\415_19.webp
415_2.png,OK,125.6,11.2,91.1,512,512,,D:\female\11\415_2.webp
415_2.png,OK,21.0,7.0,66.7,512,512,,D:\female\9\415_2.webp
415_20.png,OK,120.8,10.9,91.0,512,512,,D:\female\11\415_20.webp
415_21.png,OK,123.7,12.7,89.7,512,512,,D:\female\11\415_21.webp
415_22.png,OK,128.6,12.2,90.5,512,512,,D:\female\11\415_22.webp
415_23.png,OK,132.3,23.9,81.9,512,512,,D:\female\11\415_23.webp
415_24.png,OK,119.2,22.8,80.8,512,512,,D:\female\11\415_24.webp
415_25.png,OK,79.0,15.8,80.0,512,512,,D:\female\11\415_25.webp
415_3.png,OK,127.3,11.5,91.0,512,512,,D:\female\11\415_3.webp
415_4.png,OK,127.5,11.7,90.8,512,512,,D:\female\11\415_4.webp
415_5.png,OK,107.2,10.3,90.4,512,512,,D:\female\11\415_5.webp
415_6.png,OK,83.6,19.7,76.4,512,512,,D:\female\11\415_6.webp
415_7.png,OK,68.3,14.6,78.7,512,512,,D:\female\11\415_7.webp
415_8.png,OK,107.6,24.6,77.1,512,512,,D:\female\11\415_8.webp
415_9.png,OK,114.9,13.3,88.4,512,512,,D:\female\11\415_9.webp
416.png,OK,259.6,48.4,81.4,512,512,,D:\female\11\416.webp
416.png,OK,2.9,1.2,57.0,512,512,,D:\female\9\416.webp
417.png,OK,178.7,33.7,81.1,512,512,,D:\female\11\417.webp
417.png,OK,3.2,1.6,51.1,512,512,,D:\female\9\417.webp
417_1.png,OK,2.9,1.3,53.4,512,512,,D:\female\9\417_1.webp
417_2.png,OK,2.9,1.4,53.0,512,512,,D:\female\9\417_2.webp
417_3.png,OK,2.9,1.3,53.9,512,512,,D:\female\9\417_3.webp
417_4.png,OK,2.9,1.3,55.3,512,512,,D:\female\9\417_4.webp
417_5.png,OK,2.9,1.3,55.4,512,512,,D:\female\9\417_5.webp
417_6.png,OK,2.9,1.3,54.0,512,512,,D:\female\9\417_6.webp
418.png,OK,249.7,41.8,83.3,512,512,,D:\female\11\418.webp
418.png,OK,24.6,10.1,58.9,512,512,,D:\female\9\418.webp
418_1.png,OK,24.4,9.8,59.9,512,512,,D:\female\9\418_1.webp
419.png,OK,175.9,30.4,82.7,512,512,,D:\female\11\419.webp
419.png,OK,2.5,1.1,55.8,512,512,,D:\female\9\419.webp
419_1.png,OK,2.4,1.0,56.1,512,512,,D:\female\9\419_1.webp
419_10.png,OK,2.6,1.2,55.2,512,512,,D:\female\9\419_10.webp
419_11.png,OK,2.5,1.1,54.9,512,512,,D:\female\9\419_11.webp
419_12.png,OK,2.5,1.1,54.9,512,512,,D:\female\9\419_12.webp
419_13.png,OK,2.7,1.2,55.7,512,512,,D:\female\9\419_13.webp
419_2.png,OK,2.5,1.1,55.4,512,512,,D:\female\9\419_2.webp
419_3.png,OK,2.5,1.1,55.4,512,512,,D:\female\9\419_3.webp
419_4.png,OK,2.5,1.1,55.7,512,512,,D:\female\9\419_4.webp
419_5.png,OK,2.4,1.1,55.3,512,512,,D:\female\9\419_5.webp
419_6.png,OK,2.5,1.1,55.7,512,512,,D:\female\9\419_6.webp
419_7.png,OK,2.7,1.2,53.6,512,512,,D:\female\9\419_7.webp
419_8.png,OK,2.9,1.3,54.2,512,512,,D:\female\9\419_8.webp
419_9.png,OK,2.6,1.2,55.2,512,512,,D:\female\9\419_9.webp
42.png,OK,152.5,20.6,86.5,512,512,,D:\female\11\42.webp
42.png,OK,2.2,0.9,58.1,512,512,,D:\female\9\42.webp
420.png,OK,260.2,34.8,86.6,512,512,,D:\female\11\420.webp
420.png,OK,3.0,1.3,57.4,512,512,,D:\female\9\420.webp
421.png,OK,259.9,45.7,82.4,512,512,,D:\female\11\421.webp
421.png,OK,11.7,5.1,56.0,512,512,,D:\female\9\421.webp
421_1.png,OK,12.2,5.9,51.8,512,512,,D:\female\9\421_1.webp
421_2.png,OK,12.0,5.5,54.1,512,512,,D:\female\9\421_2.webp
421_3.png,OK,11.3,4.7,58.3,512,512,,D:\female\9\421_3.webp
422.png,OK,178.4,30.5,82.9,512,512,,D:\female\11\422.webp
422.png,OK,78.9,39.7,49.7,512,512,,D:\female\9\422.webp
423.png,OK,139.9,17.3,87.6,512,512,,D:\female\11\423.webp
423.png,OK,2.2,0.9,57.8,512,512,,D:\female\9\423.webp
424.png,OK,264.2,54.4,79.4,512,512,,D:\female\11\424.webp
424.png,OK,14.8,5.4,63.4,512,512,,D:\female\9\424.webp
424_1.png,OK,15.6,6.0,61.6,512,512,,D:\female\9\424_1.webp
425.png,OK,174.5,37.9,78.3,512,512,,D:\female\11\425.webp
425.png,OK,3.4,1.6,52.6,512,512,,D:\female\9\425.webp
425_1.png,OK,3.4,1.6,52.4,512,512,,D:\female\9\425_1.webp
426.png,OK,223.3,24.8,88.9,512,512,,D:\female\11\426.webp
426.png,OK,12.2,4.5,63.0,512,512,,D:\female\9\426.webp
426_1.png,OK,230.9,28.0,87.9,512,512,,D:\female\11\426_1.webp
426_1.png,OK,11.7,4.2,64.0,512,512,,D:\female\9\426_1.webp
426_10.png,OK,227.5,32.0,85.9,512,512,,D:\female\11\426_10.webp
426_11.png,OK,230.5,29.5,87.2,512,512,,D:\female\11\426_11.webp
426_12.png,OK,223.6,27.3,87.8,512,512,,D:\female\11\426_12.webp
426_13.png,OK,231.7,29.1,87.4,512,512,,D:\female\11\426_13.webp
426_2.png,OK,232.7,27.7,88.1,512,512,,D:\female\11\426_2.webp
426_3.png,OK,230.4,27.4,88.1,512,512,,D:\female\11\426_3.webp
426_4.png,OK,226.4,44.4,80.4,512,512,,D:\female\11\426_4.webp
426_5.png,OK,226.5,31.2,86.2,512,512,,D:\female\11\426_5.webp
426_6.png,OK,225.7,26.2,88.4,512,512,,D:\female\11\426_6.webp
426_7.png,OK,240.6,56.4,76.6,512,512,,D:\female\11\426_7.webp
426_8.png,OK,228.0,32.0,86.0,512,512,,D:\female\11\426_8.webp
426_9.png,OK,229.0,31.0,86.5,512,512,,D:\female\11\426_9.webp
427.png,OK,204.1,25.8,87.3,512,512,,D:\female\11\427.webp
427.png,OK,23.4,8.6,63.3,512,512,,D:\female\9\427.webp
427_1.png,OK,219.2,28.1,87.2,512,512,,D:\female\11\427_1.webp
427_1.png,OK,23.4,8.6,63.5,512,512,,D:\female\9\427_1.webp
427_10.png,OK,215.7,32.6,84.9,512,512,,D:\female\11\427_10.webp
427_11.png,OK,218.6,30.1,86.2,512,512,,D:\female\11\427_11.webp
427_12.png,OK,206.0,26.9,87.0,512,512,,D:\female\11\427_12.webp
427_13.png,OK,222.1,30.3,86.4,512,512,,D:\female\11\427_13.webp
427_2.png,OK,223.2,28.2,87.4,512,512,,D:\female\11\427_2.webp
427_2.png,OK,23.3,8.3,64.2,512,512,,D:\female\9\427_2.webp
427_3.png,OK,224.1,28.7,87.2,512,512,,D:\female\11\427_3.webp
427_3.png,OK,23.6,8.7,63.2,512,512,,D:\female\9\427_3.webp
427_4.png,OK,209.1,40.6,80.6,512,512,,D:\female\11\427_4.webp
427_5.png,OK,212.8,31.7,85.1,512,512,,D:\female\11\427_5.webp
427_6.png,OK,207.7,26.9,87.0,512,512,,D:\female\11\427_6.webp
427_7.png,OK,222.4,51.9,76.7,512,512,,D:\female\11\427_7.webp
427_8.png,OK,217.6,33.1,84.8,512,512,,D:\female\11\427_8.webp
427_9.png,OK,219.8,32.4,85.2,512,512,,D:\female\11\427_9.webp
428.png,OK,114.4,11.5,90.0,512,512,,D:\female\11\428.webp
428.png,OK,2.5,1.1,55.8,512,512,,D:\female\9\428.webp
428_1.png,OK,157.9,15.1,90.4,512,512,,D:\female\11\428_1.webp
428_1.png,OK,2.5,1.1,55.8,512,512,,D:\female\9\428_1.webp
428_10.png,OK,154.8,18.6,88.0,512,512,,D:\female\11\428_10.webp
428_11.png,OK,159.8,17.2,89.2,512,512,,D:\female\11\428_11.webp
428_12.png,OK,123.9,13.0,89.5,512,512,,D:\female\11\428_12.webp
428_13.png,OK,143.1,16.9,88.2,512,512,,D:\female\11\428_13.webp
428_14.png,OK,158.1,18.0,88.6,512,512,,D:\female\11\428_14.webp
428_15.png,OK,142.2,18.3,87.1,512,512,,D:\female\11\428_15.webp
428_16.png,OK,160.8,17.4,89.2,512,512,,D:\female\11\428_16.webp
428_17.png,OK,167.6,33.9,79.8,512,512,,D:\female\11\428_17.webp
428_18.png,OK,131.9,13.6,89.7,512,512,,D:\female\11\428_18.webp
428_19.png,OK,140.5,17.2,87.7,512,512,,D:\female\11\428_19.webp
428_2.png,OK,161.0,16.2,89.9,512,512,,D:\female\11\428_2.webp
428_2.png,OK,2.5,1.1,55.8,512,512,,D:\female\9\428_2.webp
428_20.png,OK,154.1,15.0,90.3,512,512,,D:\female\11\428_20.webp
428_21.png,OK,156.6,17.9,88.6,512,512,,D:\female\11\428_21.webp
428_22.png,OK,163.1,17.5,89.3,512,512,,D:\female\11\428_22.webp
428_23.png,OK,167.0,33.5,79.9,512,512,,D:\female\11\428_23.webp
428_24.png,OK,152.7,30.8,79.8,512,512,,D:\female\11\428_24.webp
428_25.png,OK,107.0,22.2,79.3,512,512,,D:\female\11\428_25.webp
428_3.png,OK,159.3,16.1,89.9,512,512,,D:\female\11\428_3.webp
428_3.png,OK,2.5,1.1,55.8,512,512,,D:\female\9\428_3.webp
428_4.png,OK,161.5,16.6,89.7,512,512,,D:\female\11\428_4.webp
428_4.png,OK,2.5,1.1,55.8,512,512,,D:\female\9\428_4.webp
428_5.png,OK,142.3,14.1,90.1,512,512,,D:\female\11\428_5.webp
428_5.png,OK,2.5,1.1,55.9,512,512,,D:\female\9\428_5.webp
428_6.png,OK,137.6,30.9,77.5,512,512,,D:\female\11\428_6.webp
428_6.png,OK,2.5,1.1,55.8,512,512,,D:\female\9\428_6.webp
428_7.png,OK,116.4,23.6,79.7,512,512,,D:\female\11\428_7.webp
428_7.png,OK,2.8,1.3,55.4,512,512,,D:\female\9\428_7.webp
428_8.png,OK,145.2,33.5,76.9,512,512,,D:\female\11\428_8.webp
428_8.png,OK,2.5,1.1,55.0,512,512,,D:\female\9\428_8.webp
428_9.png,OK,145.8,18.7,87.2,512,512,,D:\female\11\428_9.webp
429.png,OK,229.5,45.7,80.1,512,512,,D:\female\11\429.webp
429.png,OK,3.3,1.4,58.3,512,512,,D:\female\9\429.webp
429_1.png,OK,233.0,54.1,76.8,512,512,,D:\female\11\429_1.webp
429_1.png,OK,3.5,1.5,57.6,512,512,,D:\female\9\429_1.webp
429_10.png,OK,177.6,29.5,83.4,512,512,,D:\female\11\429_10.webp
429_11.png,OK,210.3,33.2,84.2,512,512,,D:\female\11\429_11.webp
429_12.png,OK,220.9,48.6,78.0,512,512,,D:\female\11\429_12.webp
429_13.png,OK,206.1,42.6,79.3,512,512,,D:\female\11\429_13.webp
429_14.png,OK,181.6,27.4,84.9,512,512,,D:\female\11\429_14.webp
429_15.png,OK,190.5,29.7,84.4,512,512,,D:\female\11\429_15.webp
429_16.png,OK,217.8,33.3,84.7,512,512,,D:\female\11\429_16.webp
429_17.png,OK,216.9,55.9,74.2,512,512,,D:\female\11\429_17.webp
429_18.png,OK,216.2,49.9,76.9,512,512,,D:\female\11\429_18.webp
429_19.png,OK,227.1,43.5,80.9,512,512,,D:\female\11\429_19.webp
429_2.png,OK,240.7,46.8,80.6,512,512,,D:\female\11\429_2.webp
429_3.png,OK,259.2,69.5,73.2,512,512,,D:\female\11\429_3.webp
429_4.png,OK,249.1,48.8,80.4,512,512,,D:\female\11\429_4.webp
429_5.png,OK,233.2,59.0,74.7,512,512,,D:\female\11\429_5.webp
429_6.png,OK,217.2,42.3,80.5,512,512,,D:\female\11\429_6.webp
429_7.png,OK,208.6,38.7,81.4,512,512,,D:\female\11\429_7.webp
429_8.png,OK,217.0,34.5,84.1,512,512,,D:\female\11\429_8.webp
429_9.png,OK,231.4,56.7,75.5,512,512,,D:\female\11\429_9.webp
42_1.png,OK,211.4,28.0,86.8,512,512,,D:\female\11\42_1.webp
42_2.png,OK,190.5,26.0,86.3,512,512,,D:\female\11\42_2.webp
42_3.png,OK,218.9,29.8,86.4,512,512,,D:\female\11\42_3.webp
42_4.png,OK,201.3,24.0,88.1,512,512,,D:\female\11\42_4.webp
43.png,OK,183.1,21.8,88.1,512,512,,D:\female\11\43.webp
43.png,OK,2.2,0.9,58.1,512,512,,D:\female\9\43.webp
430.png,OK,152.6,36.2,76.3,512,512,,D:\female\11\430.webp
430.png,OK,12.4,4.9,60.2,512,512,,D:\female\9\430.webp
430_1.png,OK,12.4,5.0,60.0,512,512,,D:\female\9\430_1.webp
430_2.png,OK,12.4,4.8,61.5,512,512,,D:\female\9\430_2.webp
431.png,OK,139.5,34.6,75.2,512,512,,D:\female\11\431.webp
431.png,OK,2.6,1.2,54.8,512,512,,D:\female\9\431.webp
431_1.png,OK,2.2,0.9,58.1,512,512,,D:\female\9\431_1.webp
431_2.png,OK,2.2,0.9,58.1,512,512,,D:\female\9\431_2.webp
431_3.png,OK,2.2,0.9,57.9,512,512,,D:\female\9\431_3.webp
431_4.png,OK,2.2,0.9,57.9,512,512,,D:\female\9\431_4.webp
431_5.png,OK,2.2,0.9,57.8,512,512,,D:\female\9\431_5.webp
431_6.png,OK,2.2,0.9,57.9,512,512,,D:\female\9\431_6.webp
431_7.png,OK,2.2,0.9,58.1,512,512,,D:\female\9\431_7.webp
431_8.png,OK,2.2,0.9,57.9,512,512,,D:\female\9\431_8.webp
432.png,OK,95.4,13.7,85.6,512,512,,D:\female\11\432.webp
432.png,OK,4.5,2.1,53.8,512,512,,D:\female\9\432.webp
432_1.png,OK,123.3,16.2,86.8,512,512,,D:\female\11\432_1.webp
432_1.png,OK,4.5,2.1,53.2,512,512,,D:\female\9\432_1.webp
432_10.png,OK,124.7,20.0,84.0,512,512,,D:\female\11\432_10.webp
432_11.png,OK,130.0,18.9,85.5,512,512,,D:\female\11\432_11.webp
432_12.png,OK,102.3,15.7,84.7,512,512,,D:\female\11\432_12.webp
432_13.png,OK,115.9,18.9,83.7,512,512,,D:\female\11\432_13.webp
432_14.png,OK,124.6,19.4,84.5,512,512,,D:\female\11\432_14.webp
432_15.png,OK,118.2,20.1,83.0,512,512,,D:\female\11\432_15.webp
432_16.png,OK,130.2,18.7,85.6,512,512,,D:\female\11\432_16.webp
432_17.png,OK,135.4,30.7,77.3,512,512,,D:\female\11\432_17.webp
432_18.png,OK,105.9,16.0,84.9,512,512,,D:\female\11\432_18.webp
432_19.png,OK,114.0,18.7,83.6,512,512,,D:\female\11\432_19.webp
432_2.png,OK,129.3,17.3,86.6,512,512,,D:\female\11\432_2.webp
432_2.png,OK,4.6,2.1,53.8,512,512,,D:\female\9\432_2.webp
432_20.png,OK,122.3,16.7,86.3,512,512,,D:\female\11\432_20.webp
432_21.png,OK,125.6,19.2,84.7,512,512,,D:\female\11\432_21.webp
432_22.png,OK,130.0,18.6,85.7,512,512,,D:\female\11\432_22.webp
432_23.png,OK,134.4,30.1,77.6,512,512,,D:\female\11\432_23.webp
432_24.png,OK,122.5,28.5,76.7,512,512,,D:\female\11\432_24.webp
432_25.png,OK,93.2,21.0,77.5,512,512,,D:\female\11\432_25.webp
432_3.png,OK,130.0,17.6,86.4,512,512,,D:\female\11\432_3.webp
432_3.png,OK,4.5,2.1,53.4,512,512,,D:\female\9\432_3.webp
432_4.png,OK,130.0,18.3,85.9,512,512,,D:\female\11\432_4.webp
432_5.png,OK,113.0,16.5,85.4,512,512,,D:\female\11\432_5.webp
432_6.png,OK,99.1,26.4,73.3,512,512,,D:\female\11\432_6.webp
432_7.png,OK,89.5,21.1,76.4,512,512,,D:\female\11\432_7.webp
432_8.png,OK,112.3,29.8,73.4,512,512,,D:\female\11\432_8.webp
432_9.png,OK,118.3,20.2,82.9,512,512,,D:\female\11\432_9.webp
433.png,OK,197.9,45.0,77.3,512,512,,D:\female\11\433.webp
433.png,OK,10.5,4.1,61.5,512,512,,D:\female\9\433.webp
433_1.png,OK,228.4,67.6,70.4,512,512,,D:\female\11\433_1.webp
433_1.png,OK,9.1,3.1,65.6,512,512,,D:\female\9\433_1.webp
433_10.png,OK,248.3,85.5,65.6,512,512,,D:\female\11\433_10.webp
433_11.png,OK,210.5,68.1,67.6,512,512,,D:\female\11\433_11.webp
433_12.png,OK,195.3,45.3,76.8,512,512,,D:\female\11\433_12.webp
433_13.png,OK,177.0,36.4,79.4,512,512,,D:\female\11\433_13.webp
433_14.png,OK,189.1,40.7,78.5,512,512,,D:\female\11\433_14.webp
433_15.png,OK,180.3,49.3,72.6,512,512,,D:\female\11\433_15.webp
433_16.png,OK,218.7,55.8,74.5,512,512,,D:\female\11\433_16.webp
433_17.png,OK,194.9,49.5,74.6,512,512,,D:\female\11\433_17.webp
433_18.png,OK,173.4,33.3,80.8,512,512,,D:\female\11\433_18.webp
433_19.png,OK,166.0,32.5,80.4,512,512,,D:\female\11\433_19.webp
433_2.png,OK,181.3,35.5,80.4,512,512,,D:\female\11\433_2.webp
433_2.png,OK,10.6,4.0,61.8,512,512,,D:\female\9\433_2.webp
433_20.png,OK,150.0,27.9,81.4,512,512,,D:\female\11\433_20.webp
433_21.png,OK,186.2,55.6,70.1,512,512,,D:\female\11\433_21.webp
433_3.png,OK,198.4,39.6,80.0,512,512,,D:\female\11\433_3.webp
433_4.png,OK,138.6,31.4,77.4,512,512,,D:\female\11\433_4.webp
433_5.png,OK,187.6,33.5,82.1,512,512,,D:\female\11\433_5.webp
433_6.png,OK,210.4,47.3,77.5,512,512,,D:\female\11\433_6.webp
433_7.png,OK,217.8,66.7,69.4,512,512,,D:\female\11\433_7.webp
433_8.png,OK,185.2,44.1,76.2,512,512,,D:\female\11\433_8.webp
433_9.png,OK,189.1,55.6,70.6,512,512,,D:\female\11\433_9.webp
434.png,OK,199.3,38.6,80.6,512,512,,D:\female\11\434.webp
434.png,OK,2.7,1.2,53.5,512,512,,D:\female\9\434.webp
434_1.png,OK,2.4,1.0,56.1,512,512,,D:\female\9\434_1.webp
434_2.png,OK,2.3,1.0,57.2,512,512,,D:\female\9\434_2.webp
434_3.png,OK,2.5,1.1,55.9,512,512,,D:\female\9\434_3.webp
434_4.png,OK,2.5,1.1,55.9,512,512,,D:\female\9\434_4.webp
435.png,OK,194.7,26.1,86.6,512,512,,D:\female\11\435.webp
435.png,OK,2.7,1.2,56.8,512,512,,D:\female\9\435.webp
435_1.png,OK,187.0,27.9,85.1,512,512,,D:\female\11\435_1.webp
435_2.png,OK,189.8,30.7,83.8,512,512,,D:\female\11\435_2.webp
436.png,OK,202.8,24.1,88.1,512,512,,D:\female\11\436.webp
436.png,OK,23.5,7.8,66.8,512,512,,D:\female\9\436.webp
436_1.png,OK,25.5,8.8,65.5,512,512,,D:\female\9\436_1.webp
436_2.png,OK,25.9,9.8,62.3,512,512,,D:\female\9\436_2.webp
436_3.png,OK,25.4,8.6,66.4,512,512,,D:\female\9\436_3.webp
437.png,OK,180.7,38.6,78.7,512,512,,D:\female\11\437.webp
437.png,OK,2.7,1.2,54.7,512,512,,D:\female\9\437.webp
437_1.png,OK,172.6,26.6,84.6,512,512,,D:\female\11\437_1.webp
437_1.png,OK,2.7,1.2,55.7,512,512,,D:\female\9\437_1.webp
437_10.png,OK,249.9,52.3,79.1,512,512,,D:\female\11\437_10.webp
437_11.png,OK,257.0,68.2,73.5,512,512,,D:\female\11\437_11.webp
437_12.png,OK,243.8,54.9,77.5,512,512,,D:\female\11\437_12.webp
437_13.png,OK,261.6,84.0,67.9,512,512,,D:\female\11\437_13.webp
437_14.png,OK,183.8,46.0,75.0,512,512,,D:\female\11\437_14.webp
437_15.png,OK,197.6,55.0,72.2,512,512,,D:\female\11\437_15.webp
437_16.png,OK,180.9,32.2,82.2,512,512,,D:\female\11\437_16.webp
437_17.png,OK,200.8,53.2,73.5,512,512,,D:\female\11\437_17.webp
437_18.png,OK,179.4,34.1,81.0,512,512,,D:\female\11\437_18.webp
437_19.png,OK,175.6,38.8,77.9,512,512,,D:\female\11\437_19.webp
437_2.png,OK,219.6,52.8,76.0,512,512,,D:\female\11\437_2.webp
437_20.png,OK,201.8,44.3,78.0,512,512,,D:\female\11\437_20.webp
437_21.png,OK,165.1,30.8,81.3,512,512,,D:\female\11\437_21.webp
437_22.png,OK,183.4,50.9,72.2,512,512,,D:\female\11\437_22.webp
437_23.png,OK,180.7,30.8,83.0,512,512,,D:\female\11\437_23.webp
437_24.png,OK,216.3,45.6,78.9,512,512,,D:\female\11\437_24.webp
437_25.png,OK,198.5,36.9,81.4,512,512,,D:\female\11\437_25.webp
437_3.png,OK,214.3,47.4,77.9,512,512,,D:\female\11\437_3.webp
437_4.png,OK,240.0,75.1,68.7,512,512,,D:\female\11\437_4.webp
437_5.png,OK,174.0,21.8,87.5,512,512,,D:\female\11\437_5.webp
437_6.png,OK,171.4,25.1,85.3,512,512,,D:\female\11\437_6.webp
437_7.png,OK,189.6,30.2,84.1,512,512,,D:\female\11\437_7.webp
437_8.png,OK,181.4,31.6,82.6,512,512,,D:\female\11\437_8.webp
437_9.png,OK,178.0,34.0,80.9,512,512,,D:\female\11\437_9.webp
438.png,OK,209.8,47.3,77.5,512,512,,D:\female\11\438.webp
438.png,OK,3.1,1.2,59.7,512,512,,D:\female\9\438.webp
438_1.png,OK,3.1,1.2,59.7,512,512,,D:\female\9\438_1.webp
438_2.png,OK,2.9,1.1,60.1,512,512,,D:\female\9\438_2.webp
438_3.png,OK,2.9,1.1,60.1,512,512,,D:\female\9\438_3.webp
438_4.png,OK,2.9,1.2,60.0,512,512,,D:\female\9\438_4.webp
438_5.png,OK,3.0,1.3,57.7,512,512,,D:\female\9\438_5.webp
439.png,OK,198.2,22.2,88.8,512,512,,D:\female\11\439.webp
439.png,OK,2.6,1.2,53.3,512,512,,D:\female\9\439.webp
43_1.png,OK,228.6,34.7,84.8,512,512,,D:\female\11\43_1.webp
43_2.png,OK,214.4,32.5,84.8,512,512,,D:\female\11\43_2.webp
43_3.png,OK,228.6,35.3,84.6,512,512,,D:\female\11\43_3.webp
43_4.png,OK,217.1,30.7,85.8,512,512,,D:\female\11\43_4.webp
44.png,OK,193.5,49.1,74.6,512,512,,D:\female\11\44.webp
44.png,OK,2.2,0.9,57.9,512,512,,D:\female\9\44.webp
440.png,OK,1.9,0.9,55.3,512,512,,D:\female\11\440.webp
440.png,OK,53.9,25.3,53.2,512,512,,D:\female\9\440.webp
440_1.png,OK,53.4,28.0,47.5,512,512,,D:\female\9\440_1.webp
440_2.png,OK,54.1,28.5,47.3,512,512,,D:\female\9\440_2.webp
440_3.png,OK,55.0,27.3,50.4,512,512,,D:\female\9\440_3.webp
440_4.png,OK,52.3,27.7,47.0,512,512,,D:\female\9\440_4.webp
441.png,OK,159.6,16.5,89.6,512,512,,D:\female\11\441.webp
441.png,OK,11.6,4.5,61.2,512,512,,D:\female\9\441.webp
441_1.png,OK,197.9,23.5,88.1,512,512,,D:\female\11\441_1.webp
441_1.png,OK,11.2,4.4,60.7,512,512,,D:\female\9\441_1.webp
441_10.png,OK,195.4,28.0,85.7,512,512,,D:\female\11\441_10.webp
441_11.png,OK,202.3,26.6,86.9,512,512,,D:\female\11\441_11.webp
441_12.png,OK,169.0,20.2,88.1,512,512,,D:\female\11\441_12.webp
441_13.png,OK,182.6,25.8,85.9,512,512,,D:\female\11\441_13.webp
441_14.png,OK,197.0,27.3,86.2,512,512,,D:\female\11\441_14.webp
441_15.png,OK,182.4,27.1,85.1,512,512,,D:\female\11\441_15.webp
441_16.png,OK,203.1,26.5,87.0,512,512,,D:\female\11\441_16.webp
441_17.png,OK,211.0,46.8,77.8,512,512,,D:\female\11\441_17.webp
441_18.png,OK,172.9,21.4,87.6,512,512,,D:\female\11\441_18.webp
441_19.png,OK,178.9,26.2,85.4,512,512,,D:\female\11\441_19.webp
441_2.png,OK,203.5,24.2,88.1,512,512,,D:\female\11\441_2.webp
441_2.png,OK,11.5,4.5,60.9,512,512,,D:\female\9\441_2.webp
441_20.png,OK,193.5,24.1,87.6,512,512,,D:\female\11\441_20.webp
441_21.png,OK,197.4,26.7,86.5,512,512,,D:\female\11\441_21.webp
441_22.png,OK,202.8,27.0,86.7,512,512,,D:\female\11\441_22.webp
441_23.png,OK,208.8,44.9,78.5,512,512,,D:\female\11\441_23.webp
441_24.png,OK,194.7,42.7,78.1,512,512,,D:\female\11\441_24.webp
441_25.png,OK,149.1,29.4,80.3,512,512,,D:\female\11\441_25.webp
441_3.png,OK,201.6,23.8,88.2,512,512,,D:\female\11\441_3.webp
441_4.png,OK,203.7,25.9,87.3,512,512,,D:\female\11\441_4.webp
441_5.png,OK,181.1,22.8,87.4,512,512,,D:\female\11\441_5.webp
441_6.png,OK,175.4,40.4,77.0,512,512,,D:\female\11\441_6.webp
441_7.png,OK,151.8,30.0,80.2,512,512,,D:\female\11\441_7.webp
441_8.png,OK,179.9,41.4,77.0,512,512,,D:\female\11\441_8.webp
441_9.png,OK,185.4,28.8,84.5,512,512,,D:\female\11\441_9.webp
442.png,OK,157.1,22.1,85.9,512,512,,D:\female\11\442.webp
442.png,OK,6.2,2.8,53.9,512,512,,D:\female\9\442.webp
442_1.png,OK,155.4,20.1,87.1,512,512,,D:\female\11\442_1.webp
442_1.png,OK,6.1,2.8,54.6,512,512,,D:\female\9\442_1.webp
442_10.png,OK,156.9,23.4,85.1,512,512,,D:\female\11\442_10.webp
442_11.png,OK,157.5,22.1,86.0,512,512,,D:\female\11\442_11.webp
442_12.png,OK,155.2,20.9,86.6,512,512,,D:\female\11\442_12.webp
442_13.png,OK,156.3,21.0,86.6,512,512,,D:\female\11\442_13.webp
442_2.png,OK,156.7,20.4,87.0,512,512,,D:\female\11\442_2.webp
442_2.png,OK,6.1,2.7,54.6,512,512,,D:\female\9\442_2.webp
442_3.png,OK,157.6,20.5,87.0,512,512,,D:\female\11\442_3.webp
442_3.png,OK,6.0,2.6,57.3,512,512,,D:\female\9\442_3.webp
442_4.png,OK,154.5,20.5,86.7,512,512,,D:\female\11\442_4.webp
442_5.png,OK,155.5,24.2,84.5,512,512,,D:\female\11\442_5.webp
442_6.png,OK,155.4,20.5,86.8,512,512,,D:\female\11\442_6.webp
442_7.png,OK,155.5,24.5,84.2,512,512,,D:\female\11\442_7.webp
442_8.png,OK,156.6,24.9,84.1,512,512,,D:\female\11\442_8.webp
442_9.png,OK,156.9,24.1,84.6,512,512,,D:\female\11\442_9.webp
443.png,OK,231.1,31.6,86.3,512,512,,D:\female\11\443.webp
443.png,OK,2.5,1.1,55.1,512,512,,D:\female\9\443.webp
443_1.png,OK,229.9,31.5,86.3,512,512,,D:\female\11\443_1.webp
443_1.png,OK,2.7,1.2,55.8,512,512,,D:\female\9\443_1.webp
443_10.png,OK,231.9,36.1,84.4,512,512,,D:\female\11\443_10.webp
443_11.png,OK,232.5,34.3,85.2,512,512,,D:\female\11\443_11.webp
443_12.png,OK,229.5,32.2,86.0,512,512,,D:\female\11\443_12.webp
443_13.png,OK,231.8,32.6,85.9,512,512,,D:\female\11\443_13.webp
443_2.png,OK,232.2,31.6,86.4,512,512,,D:\female\11\443_2.webp
443_3.png,OK,233.6,31.8,86.4,512,512,,D:\female\11\443_3.webp
443_4.png,OK,228.4,31.9,86.0,512,512,,D:\female\11\443_4.webp
443_5.png,OK,230.3,37.3,83.8,512,512,,D:\female\11\443_5.webp
443_6.png,OK,229.1,31.7,86.2,512,512,,D:\female\11\443_6.webp
443_7.png,OK,231.0,37.4,83.8,512,512,,D:\female\11\443_7.webp
443_8.png,OK,231.9,38.6,83.4,512,512,,D:\female\11\443_8.webp
443_9.png,OK,232.3,37.9,83.7,512,512,,D:\female\11\443_9.webp
444.png,OK,113.8,19.5,82.9,512,512,,D:\female\11\444.webp
444.png,OK,38.8,10.8,72.1,512,512,,D:\female\9\444.webp
444_1.png,OK,128.7,27.5,78.6,512,512,,D:\female\11\444_1.webp
444_1.png,OK,34.8,9.4,73.1,512,512,,D:\female\9\444_1.webp
445.png,OK,130.0,22.4,82.8,512,512,,D:\female\11\445.webp
445.png,OK,4.8,2.1,55.7,512,512,,D:\female\9\445.webp
445_1.png,OK,145.4,30.9,78.7,512,512,,D:\female\11\445_1.webp
445_1.png,OK,4.8,2.1,55.0,512,512,,D:\female\9\445_1.webp
446.png,OK,125.7,20.4,83.7,512,512,,D:\female\11\446.webp
446.png,OK,7.6,2.9,61.8,512,512,,D:\female\9\446.webp
446_1.png,OK,141.7,30.0,78.8,512,512,,D:\female\11\446_1.webp
446_1.png,OK,7.5,2.7,63.6,512,512,,D:\female\9\446_1.webp
447.png,OK,142.4,23.2,83.7,512,512,,D:\female\11\447.webp
447.png,OK,2.5,1.0,60.4,512,512,,D:\female\9\447.webp
447_1.png,OK,158.9,33.3,79.0,512,512,,D:\female\11\447_1.webp
447_1.png,OK,2.9,1.2,56.8,512,512,,D:\female\9\447_1.webp
448.png,OK,113.7,11.2,90.1,512,512,,D:\female\11\448.webp
448.png,OK,13.0,5.7,56.2,512,512,,D:\female\9\448.webp
448_1.png,OK,150.8,15.2,89.9,512,512,,D:\female\11\448_1.webp
448_1.png,OK,13.0,5.6,56.9,512,512,,D:\female\9\448_1.webp
448_10.png,OK,149.0,19.1,87.2,512,512,,D:\female\11\448_10.webp
448_11.png,OK,155.0,17.9,88.4,512,512,,D:\female\11\448_11.webp
448_12.png,OK,119.4,13.3,88.9,512,512,,D:\female\11\448_12.webp
448_13.png,OK,138.0,17.4,87.4,512,512,,D:\female\11\448_13.webp
448_14.png,OK,150.9,18.2,88.0,512,512,,D:\female\11\448_14.webp
448_15.png,OK,138.8,18.7,86.5,512,512,,D:\female\11\448_15.webp
448_16.png,OK,156.2,17.6,88.8,512,512,,D:\female\11\448_16.webp
448_17.png,OK,162.5,32.2,80.2,512,512,,D:\female\11\448_17.webp
448_18.png,OK,126.3,14.0,88.9,512,512,,D:\female\11\448_18.webp
448_19.png,OK,135.5,17.5,87.1,512,512,,D:\female\11\448_19.webp
448_2.png,OK,156.0,16.3,89.6,512,512,,D:\female\11\448_2.webp
448_2.png,OK,12.8,5.5,57.5,512,512,,D:\female\9\448_2.webp
448_20.png,OK,150.6,18.3,87.8,512,512,,D:\female\11\448_20.webp
448_21.png,OK,146.4,15.5,89.4,512,512,,D:\female\11\448_21.webp
448_22.png,OK,156.5,17.8,88.6,512,512,,D:\female\11\448_22.webp
448_23.png,OK,161.0,31.4,80.5,512,512,,D:\female\11\448_23.webp
448_24.png,OK,145.0,29.9,79.4,512,512,,D:\female\11\448_24.webp
448_25.png,OK,108.4,21.3,80.4,512,512,,D:\female\11\448_25.webp
448_3.png,OK,155.3,16.4,89.5,512,512,,D:\female\11\448_3.webp
448_4.png,OK,156.9,17.5,88.9,512,512,,D:\female\11\448_4.webp
448_5.png,OK,134.6,14.8,89.0,512,512,,D:\female\11\448_5.webp
448_6.png,OK,131.4,30.4,76.9,512,512,,D:\female\11\448_6.webp
448_7.png,OK,105.7,21.2,79.9,512,512,,D:\female\11\448_7.webp
448_8.png,OK,134.8,29.0,78.5,512,512,,D:\female\11\448_8.webp
448_9.png,OK,140.7,19.4,86.2,512,512,,D:\female\11\448_9.webp
449.png,OK,212.8,40.8,80.8,512,512,,D:\female\11\449.webp
449.png,OK,2.5,1.1,55.7,512,512,,D:\female\9\449.webp
449_1.png,OK,215.6,45.5,78.9,512,512,,D:\female\11\449_1.webp
449_10.png,OK,141.4,25.2,82.2,512,512,,D:\female\11\449_10.webp
449_11.png,OK,197.6,29.3,85.2,512,512,,D:\female\11\449_11.webp
449_12.png,OK,201.7,40.7,79.8,512,512,,D:\female\11\449_12.webp
449_13.png,OK,182.1,34.7,80.9,512,512,,D:\female\11\449_13.webp
449_14.png,OK,170.8,27.5,83.9,512,512,,D:\female\11\449_14.webp
449_15.png,OK,182.9,30.0,83.6,512,512,,D:\female\11\449_15.webp
449_16.png,OK,192.8,30.1,84.4,512,512,,D:\female\11\449_16.webp
449_17.png,OK,201.0,51.3,74.5,512,512,,D:\female\11\449_17.webp
449_18.png,OK,194.1,44.4,77.1,512,512,,D:\female\11\449_18.webp
449_19.png,OK,209.1,38.9,81.4,512,512,,D:\female\11\449_19.webp
449_2.png,OK,214.9,38.7,82.0,512,512,,D:\female\11\449_2.webp
449_3.png,OK,233.4,59.0,74.7,512,512,,D:\female\11\449_3.webp
449_4.png,OK,226.4,44.2,80.5,512,512,,D:\female\11\449_4.webp
449_5.png,OK,213.4,50.2,76.5,512,512,,D:\female\11\449_5.webp
449_6.png,OK,201.0,38.1,81.0,512,512,,D:\female\11\449_6.webp
449_7.png,OK,191.9,32.6,83.0,512,512,,D:\female\11\449_7.webp
449_8.png,OK,190.0,31.5,83.4,512,512,,D:\female\11\449_8.webp
449_9.png,OK,205.6,46.8,77.2,512,512,,D:\female\11\449_9.webp
44_1.png,OK,170.8,31.0,81.9,512,512,,D:\female\11\44_1.webp
44_2.png,OK,177.2,24.9,86.0,512,512,,D:\female\11\44_2.webp
45.png,OK,241.4,63.1,73.9,512,512,,D:\female\11\45.webp
45.png,OK,2.2,0.9,58.1,512,512,,D:\female\9\45.webp
450.png,OK,207.2,54.2,73.8,512,512,,D:\female\11\450.webp
450.png,OK,2.8,1.2,55.8,512,512,,D:\female\9\450.webp
450_1.png,OK,3.0,1.4,54.4,512,512,,D:\female\9\450_1.webp
451.png,OK,195.7,50.9,74.0,512,512,,D:\female\11\451.webp
451.png,OK,10.6,4.5,57.5,512,512,,D:\female\9\451.webp
451_1.png,OK,10.3,4.4,57.2,512,512,,D:\female\9\451_1.webp
451_2.png,OK,10.1,4.4,56.3,512,512,,D:\female\9\451_2.webp
452.png,OK,251.0,60.4,75.9,512,512,,D:\female\11\452.webp
452.png,OK,5.9,2.2,61.8,512,512,,D:\female\9\452.webp
452_1.png,OK,247.7,47.5,80.8,512,512,,D:\female\11\452_1.webp
452_1.png,OK,5.9,2.3,61.5,512,512,,D:\female\9\452_1.webp
452_10.png,OK,198.1,35.2,82.2,512,512,,D:\female\11\452_10.webp
452_11.png,OK,204.6,36.1,82.4,512,512,,D:\female\11\452_11.webp
452_12.png,OK,224.8,50.7,77.5,512,512,,D:\female\11\452_12.webp
452_13.png,OK,214.2,50.6,76.4,512,512,,D:\female\11\452_13.webp
452_14.png,OK,203.6,53.7,73.6,512,512,,D:\female\11\452_14.webp
452_15.png,OK,259.3,65.5,74.8,512,512,,D:\female\11\452_15.webp
452_16.png,OK,222.1,46.3,79.2,512,512,,D:\female\11\452_16.webp
452_17.png,OK,161.2,42.4,73.7,512,512,,D:\female\11\452_17.webp
452_2.png,OK,242.9,48.5,80.0,512,512,,D:\female\11\452_2.webp
452_3.png,OK,252.3,62.3,75.3,512,512,,D:\female\11\452_3.webp
452_4.png,OK,258.3,66.9,74.1,512,512,,D:\female\11\452_4.webp
452_5.png,OK,227.4,52.5,76.9,512,512,,D:\female\11\452_5.webp
452_6.png,OK,251.9,64.0,74.6,512,512,,D:\female\11\452_6.webp
452_7.png,OK,245.8,55.7,77.4,512,512,,D:\female\11\452_7.webp
452_8.png,OK,236.7,52.7,77.7,512,512,,D:\female\11\452_8.webp
452_9.png,OK,231.5,45.6,80.3,512,512,,D:\female\11\452_9.webp
453.png,OK,154.3,20.1,87.0,512,512,,D:\female\11\453.webp
453.png,OK,2.7,1.2,54.2,512,512,,D:\female\9\453.webp
453_1.png,OK,2.7,1.2,55.2,512,512,,D:\female\9\453_1.webp
453_2.png,OK,2.6,1.2,54.3,512,512,,D:\female\9\453_2.webp
453_3.png,OK,2.6,1.2,54.3,512,512,,D:\female\9\453_3.webp
454.png,OK,135.1,20.1,85.1,512,512,,D:\female\11\454.webp
454.png,OK,5.6,2.4,57.1,512,512,,D:\female\9\454.webp
454_1.png,OK,6.1,2.7,55.3,512,512,,D:\female\9\454_1.webp
454_2.png,OK,6.1,2.8,54.8,512,512,,D:\female\9\454_2.webp
455.png,OK,147.8,21.3,85.6,512,512,,D:\female\11\455.webp
455.png,OK,2.6,1.2,55.3,512,512,,D:\female\9\455.webp
455_1.png,OK,2.7,1.2,53.5,512,512,,D:\female\9\455_1.webp
455_10.png,OK,2.6,1.2,55.3,512,512,,D:\female\9\455_10.webp
455_2.png,OK,2.7,1.2,53.4,512,512,,D:\female\9\455_2.webp
455_3.png,OK,2.5,1.1,55.7,512,512,,D:\female\9\455_3.webp
455_4.png,OK,2.5,1.1,55.7,512,512,,D:\female\9\455_4.webp
455_5.png,OK,2.5,1.1,55.7,512,512,,D:\female\9\455_5.webp
455_6.png,OK,2.5,1.1,55.7,512,512,,D:\female\9\455_6.webp
455_7.png,OK,2.7,1.2,55.5,512,512,,D:\female\9\455_7.webp
455_8.png,OK,2.7,1.2,55.5,512,512,,D:\female\9\455_8.webp
455_9.png,OK,3.0,1.3,54.7,512,512,,D:\female\9\455_9.webp
456.png,OK,176.0,21.6,87.7,512,512,,D:\female\11\456.webp
456.png,OK,8.5,3.2,61.9,512,512,,D:\female\9\456.webp
457.png,OK,178.8,22.5,87.4,512,512,,D:\female\11\457.webp
457.png,OK,5.6,2.5,55.6,512,512,,D:\female\9\457.webp
457_1.png,OK,5.9,2.6,55.2,512,512,,D:\female\9\457_1.webp
457_2.png,OK,5.4,2.3,57.8,512,512,,D:\female\9\457_2.webp
458.png,OK,248.7,29.1,88.3,512,512,,D:\female\11\458.webp
458.png,OK,5.3,2.3,57.1,512,512,,D:\female\9\458.webp
458_1.png,OK,2.7,1.2,55.7,512,512,,D:\female\9\458_1.webp
458_2.png,OK,2.7,1.2,54.7,512,512,,D:\female\9\458_2.webp
459.png,OK,149.7,30.1,79.9,512,512,,D:\female\11\459.webp
459.png,OK,11.6,4.4,62.5,512,512,,D:\female\9\459.webp
459_1.png,OK,11.7,4.6,60.8,512,512,,D:\female\9\459_1.webp
459_2.png,OK,11.6,4.5,60.8,512,512,,D:\female\9\459_2.webp
45_1.png,OK,257.9,62.3,75.8,512,512,,D:\female\11\45_1.webp
45_2.png,OK,320.2,69.3,78.4,512,512,,D:\female\11\45_2.webp
45_3.png,OK,311.9,77.1,75.3,512,512,,D:\female\11\45_3.webp
46.png,OK,181.3,22.4,87.7,512,512,,D:\female\11\46.webp
46.png,OK,2.2,0.9,58.1,512,512,,D:\female\9\46.webp
460.png,OK,163.1,32.0,80.4,512,512,,D:\female\11\460.webp
460.png,OK,10.8,4.7,56.9,512,512,,D:\female\9\460.webp
460_1.png,OK,10.9,4.7,56.9,512,512,,D:\female\9\460_1.webp
461.png,OK,169.6,13.9,91.8,512,512,,D:\female\11\461.webp
461.png,OK,2.7,1.2,55.5,512,512,,D:\female\9\461.webp
462.png,OK,141.6,15.1,89.3,512,512,,D:\female\11\462.webp
462.png,OK,6.1,2.8,53.6,512,512,,D:\female\9\462.webp
462_1.png,OK,181.5,17.9,90.1,512,512,,D:\female\11\462_1.webp
462_10.png,OK,182.3,23.1,87.3,512,512,,D:\female\11\462_10.webp
462_11.png,OK,188.8,21.6,88.6,512,512,,D:\female\11\462_11.webp
462_12.png,OK,149.7,17.0,88.7,512,512,,D:\female\11\462_12.webp
462_13.png,OK,169.4,21.1,87.5,512,512,,D:\female\11\462_13.webp
462_14.png,OK,181.8,21.8,88.0,512,512,,D:\female\11\462_14.webp
462_15.png,OK,170.6,23.0,86.5,512,512,,D:\female\11\462_15.webp
462_16.png,OK,189.5,21.1,88.9,512,512,,D:\female\11\462_16.webp
462_17.png,OK,194.5,37.2,80.9,512,512,,D:\female\11\462_17.webp
462_18.png,OK,154.7,17.5,88.7,512,512,,D:\female\11\462_18.webp
462_19.png,OK,163.5,21.4,86.9,512,512,,D:\female\11\462_19.webp
462_2.png,OK,189.2,19.4,89.8,512,512,,D:\female\11\462_2.webp
462_20.png,OK,178.2,18.6,89.6,512,512,,D:\female\11\462_20.webp
462_21.png,OK,183.6,22.0,88.0,512,512,,D:\female\11\462_21.webp
462_22.png,OK,188.8,21.4,88.7,512,512,,D:\female\11\462_22.webp
462_23.png,OK,194.4,37.2,80.9,512,512,,D:\female\11\462_23.webp
462_24.png,OK,177.5,35.0,80.3,512,512,,D:\female\11\462_24.webp
462_25.png,OK,118.3,25.2,78.7,512,512,,D:\female\11\462_25.webp
462_3.png,OK,188.5,20.0,89.4,512,512,,D:\female\11\462_3.webp
462_4.png,OK,189.8,21.2,88.8,512,512,,D:\female\11\462_4.webp
462_5.png,OK,165.4,18.4,88.9,512,512,,D:\female\11\462_5.webp
462_6.png,OK,150.1,34.9,76.7,512,512,,D:\female\11\462_6.webp
462_7.png,OK,115.6,24.5,78.8,512,512,,D:\female\11\462_7.webp
462_8.png,OK,157.7,28.8,81.7,512,512,,D:\female\11\462_8.webp
462_9.png,OK,172.1,23.4,86.4,512,512,,D:\female\11\462_9.webp
463.png,OK,254.7,34.4,86.5,512,512,,D:\female\11\463.webp
463.png,OK,7.3,3.4,53.8,512,512,,D:\female\9\463.webp
464.png,OK,206.8,26.8,87.0,512,512,,D:\female\11\464.webp
464.png,OK,28.7,12.0,58.3,512,512,,D:\female\9\464.webp
464_1.png,OK,194.3,33.9,82.6,512,512,,D:\female\11\464_1.webp
464_10.png,OK,194.7,37.7,80.7,512,512,,D:\female\11\464_10.webp
464_11.png,OK,193.8,37.0,80.9,512,512,,D:\female\11\464_11.webp
464_12.png,OK,183.2,31.1,83.0,512,512,,D:\female\11\464_12.webp
464_13.png,OK,240.4,58.0,75.9,512,512,,D:\female\11\464_13.webp
464_14.png,OK,234.7,39.0,83.4,512,512,,D:\female\11\464_14.webp
464_15.png,OK,215.2,35.1,83.7,512,512,,D:\female\11\464_15.webp
464_16.png,OK,225.4,38.4,83.0,512,512,,D:\female\11\464_16.webp
464_17.png,OK,247.2,61.9,75.0,512,512,,D:\female\11\464_17.webp
464_18.png,OK,231.9,61.3,73.6,512,512,,D:\female\11\464_18.webp
464_19.png,OK,242.1,52.2,78.5,512,512,,D:\female\11\464_19.webp
464_2.png,OK,207.3,52.1,74.9,512,512,,D:\female\11\464_2.webp
464_20.png,OK,277.3,81.7,70.5,512,512,,D:\female\11\464_20.webp
464_21.png,OK,261.7,60.2,77.0,512,512,,D:\female\11\464_21.webp
464_22.png,OK,244.4,35.7,85.4,512,512,,D:\female\11\464_22.webp
464_23.png,OK,225.7,34.8,84.6,512,512,,D:\female\11\464_23.webp
464_24.png,OK,225.3,35.4,84.3,512,512,,D:\female\11\464_24.webp
464_25.png,OK,228.9,42.9,81.2,512,512,,D:\female\11\464_25.webp
464_3.png,OK,227.3,30.8,86.4,512,512,,D:\female\11\464_3.webp
464_4.png,OK,236.4,59.8,74.7,512,512,,D:\female\11\464_4.webp
464_5.png,OK,235.4,53.6,77.2,512,512,,D:\female\11\464_5.webp
464_6.png,OK,190.1,27.0,85.8,512,512,,D:\female\11\464_6.webp
464_7.png,OK,212.0,42.6,79.9,512,512,,D:\female\11\464_7.webp
464_8.png,OK,189.0,33.2,82.4,512,512,,D:\female\11\464_8.webp
464_9.png,OK,187.1,31.9,83.0,512,512,,D:\female\11\464_9.webp
465.png,OK,200.1,30.2,84.9,512,512,,D:\female\11\465.webp
465.png,OK,6.2,2.9,52.9,512,512,,D:\female\9\465.webp
465_1.png,OK,201.0,27.3,86.4,512,512,,D:\female\11\465_1.webp
465_2.png,OK,226.8,55.9,75.3,512,512,,D:\female\11\465_2.webp
466.png,OK,277.0,48.8,82.4,512,512,,D:\female\11\466.webp
466.png,OK,2.8,1.3,53.0,512,512,,D:\female\9\466.webp
466_1.png,OK,226.5,32.4,85.7,512,512,,D:\female\11\466_1.webp
466_1.png,OK,2.8,1.3,53.0,512,512,,D:\female\9\466_1.webp
466_10.png,OK,216.1,31.7,85.3,512,512,,D:\female\11\466_10.webp
466_11.png,OK,224.5,38.9,82.7,512,512,,D:\female\11\466_11.webp
466_12.png,OK,269.0,71.7,73.3,512,512,,D:\female\11\466_12.webp
466_13.png,OK,260.7,57.2,78.0,512,512,,D:\female\11\466_13.webp
466_14.png,OK,266.8,43.1,83.8,512,512,,D:\female\11\466_14.webp
466_15.png,OK,249.2,42.5,83.0,512,512,,D:\female\11\466_15.webp
466_16.png,OK,258.2,46.8,81.9,512,512,,D:\female\11\466_16.webp
466_17.png,OK,290.5,75.8,73.9,512,512,,D:\female\11\466_17.webp
466_18.png,OK,296.6,85.9,71.1,512,512,,D:\female\11\466_18.webp
466_19.png,OK,213.4,25.7,88.0,512,512,,D:\female\11\466_19.webp
466_2.png,OK,224.3,40.8,81.8,512,512,,D:\female\11\466_2.webp
466_20.png,OK,211.3,23.4,88.9,512,512,,D:\female\11\466_20.webp
466_21.png,OK,245.2,59.3,75.8,512,512,,D:\female\11\466_21.webp
466_22.png,OK,241.8,44.2,81.7,512,512,,D:\female\11\466_22.webp
466_23.png,OK,280.5,75.4,73.1,512,512,,D:\female\11\466_23.webp
466_24.png,OK,285.8,76.6,73.2,512,512,,D:\female\11\466_24.webp
466_25.png,OK,265.5,53.7,79.8,512,512,,D:\female\11\466_25.webp
466_3.png,OK,249.0,65.0,73.9,512,512,,D:\female\11\466_3.webp
466_4.png,OK,251.8,37.0,85.3,512,512,,D:\female\11\466_4.webp
466_5.png,OK,192.8,28.8,85.1,512,512,,D:\female\11\466_5.webp
466_6.png,OK,191.1,27.2,85.8,512,512,,D:\female\11\466_6.webp
466_7.png,OK,197.9,38.5,80.6,512,512,,D:\female\11\466_7.webp
466_8.png,OK,199.1,38.2,80.8,512,512,,D:\female\11\466_8.webp
466_9.png,OK,186.2,25.6,86.3,512,512,,D:\female\11\466_9.webp
467.png,OK,232.5,36.3,84.4,512,512,,D:\female\11\467.webp
467.png,OK,2.5,1.1,54.9,512,512,,D:\female\9\467.webp
467_1.png,OK,239.7,33.0,86.3,512,512,,D:\female\11\467_1.webp
467_1.png,OK,2.3,1.0,56.3,512,512,,D:\female\9\467_1.webp
467_2.png,OK,244.9,64.4,73.7,512,512,,D:\female\11\467_2.webp
467_2.png,OK,2.3,1.0,56.0,512,512,,D:\female\9\467_2.webp
467_3.png,OK,2.3,1.0,56.0,512,512,,D:\female\9\467_3.webp
468.png,OK,199.9,39.5,80.3,512,512,,D:\female\11\468.webp
468.png,OK,6.8,2.9,57.4,512,512,,D:\female\9\468.webp
468_1.png,OK,203.7,40.9,79.9,512,512,,D:\female\11\468_1.webp
469.png,OK,201.8,24.7,87.7,512,512,,D:\female\11\469.webp
469.png,OK,24.2,7.4,69.6,512,512,,D:\female\9\469.webp
469_1.png,OK,192.6,22.4,88.4,512,512,,D:\female\11\469_1.webp
469_1.png,OK,20.9,6.2,70.3,512,512,,D:\female\9\469_1.webp
469_2.png,OK,24.4,8.0,67.1,512,512,,D:\female\9\469_2.webp
469_3.png,OK,24.3,7.3,70.1,512,512,,D:\female\9\469_3.webp
46_1.png,OK,210.5,30.8,85.4,512,512,,D:\female\11\46_1.webp
46_2.png,OK,216.7,31.1,85.7,512,512,,D:\female\11\46_2.webp
46_3.png,OK,216.7,30.8,85.8,512,512,,D:\female\11\46_3.webp
47.png,OK,207.4,28.7,86.2,512,512,,D:\female\11\47.webp
47.png,OK,2.2,0.9,58.1,512,512,,D:\female\9\47.webp
470.png,OK,249.8,37.0,85.2,512,512,,D:\female\11\470.webp
470.png,OK,12.7,5.0,61.1,512,512,,D:\female\9\470.webp
470_1.png,OK,256.1,57.0,77.8,512,512,,D:\female\11\470_1.webp
470_1.png,OK,12.4,4.8,61.2,512,512,,D:\female\9\470_1.webp
470_10.png,OK,208.8,27.1,87.0,512,512,,D:\female\11\470_10.webp
470_11.png,OK,224.3,35.5,84.2,512,512,,D:\female\11\470_11.webp
470_12.png,OK,228.9,29.0,87.3,512,512,,D:\female\11\470_12.webp
470_13.png,OK,221.4,31.2,85.9,512,512,,D:\female\11\470_13.webp
470_14.png,OK,226.2,33.9,85.0,512,512,,D:\female\11\470_14.webp
470_15.png,OK,237.1,41.3,82.6,512,512,,D:\female\11\470_15.webp
470_16.png,OK,238.7,45.1,81.1,512,512,,D:\female\11\470_16.webp
470_17.png,OK,237.2,32.2,86.4,512,512,,D:\female\11\470_17.webp
470_18.png,OK,241.0,32.0,86.7,512,512,,D:\female\11\470_18.webp
470_19.png,OK,253.1,57.6,77.3,512,512,,D:\female\11\470_19.webp
470_2.png,OK,236.5,32.8,86.1,512,512,,D:\female\11\470_2.webp
470_2.png,OK,14.1,5.7,59.7,512,512,,D:\female\9\470_2.webp
470_20.png,OK,236.5,34.6,85.4,512,512,,D:\female\11\470_20.webp
470_21.png,OK,238.9,37.0,84.5,512,512,,D:\female\11\470_21.webp
470_22.png,OK,203.7,22.8,88.8,512,512,,D:\female\11\470_22.webp
470_23.png,OK,216.7,32.9,84.8,512,512,,D:\female\11\470_23.webp
470_24.png,OK,223.2,41.7,81.3,512,512,,D:\female\11\470_24.webp
470_25.png,OK,225.2,31.2,86.2,512,512,,D:\female\11\470_25.webp
470_3.png,OK,236.0,41.7,82.3,512,512,,D:\female\11\470_3.webp
470_4.png,OK,246.0,61.3,75.1,512,512,,D:\female\11\470_4.webp
470_5.png,OK,260.2,39.7,84.7,512,512,,D:\female\11\470_5.webp
470_6.png,OK,213.0,31.4,85.3,512,512,,D:\female\11\470_6.webp
470_7.png,OK,211.3,28.0,86.7,512,512,,D:\female\11\470_7.webp
470_8.png,OK,215.0,33.6,84.4,512,512,,D:\female\11\470_8.webp
470_9.png,OK,214.3,32.7,84.7,512,512,,D:\female\11\470_9.webp
471.png,OK,244.9,52.1,78.7,512,512,,D:\female\11\471.webp
471.png,OK,13.0,5.6,57.0,512,512,,D:\female\9\471.webp
472.png,OK,200.3,21.3,89.4,512,512,,D:\female\11\472.webp
472.png,OK,6.6,2.9,56.6,512,512,,D:\female\9\472.webp
472_1.png,OK,200.2,21.6,89.2,512,512,,D:\female\11\472_1.webp
472_1.png,OK,6.5,2.9,54.9,512,512,,D:\female\9\472_1.webp
472_2.png,OK,6.6,2.7,59.3,512,512,,D:\female\9\472_2.webp
473.png,OK,208.6,31.5,84.9,512,512,,D:\female\11\473.webp
473.png,OK,24.8,7.2,71.0,512,512,,D:\female\9\473.webp
473_1.png,OK,240.6,64.4,73.2,512,512,,D:\female\11\473_1.webp
473_1.png,OK,26.6,9.2,65.3,512,512,,D:\female\9\473_1.webp
473_10.png,OK,186.5,39.8,78.7,512,512,,D:\female\11\473_10.webp
473_11.png,OK,172.3,27.7,83.9,512,512,,D:\female\11\473_11.webp
473_12.png,OK,215.9,45.7,78.8,512,512,,D:\female\11\473_12.webp
473_13.png,OK,221.4,31.9,85.6,512,512,,D:\female\11\473_13.webp
473_14.png,OK,203.8,33.1,83.8,512,512,,D:\female\11\473_14.webp
473_15.png,OK,210.9,38.7,81.6,512,512,,D:\female\11\473_15.webp
473_16.png,OK,236.6,56.6,76.1,512,512,,D:\female\11\473_16.webp
473_17.png,OK,242.7,65.8,72.9,512,512,,D:\female\11\473_17.webp
473_18.png,OK,215.4,31.8,85.2,512,512,,D:\female\11\473_18.webp
473_19.png,OK,214.9,32.7,84.8,512,512,,D:\female\11\473_19.webp
473_2.png,OK,228.8,35.6,84.4,512,512,,D:\female\11\473_2.webp
473_20.png,OK,219.8,51.4,76.6,512,512,,D:\female\11\473_20.webp
473_21.png,OK,193.3,26.6,86.2,512,512,,D:\female\11\473_21.webp
473_22.png,OK,206.2,29.0,85.9,512,512,,D:\female\11\473_22.webp
473_23.png,OK,209.4,51.6,75.4,512,512,,D:\female\11\473_23.webp
473_24.png,OK,266.8,56.5,78.8,512,512,,D:\female\11\473_24.webp
473_25.png,OK,257.2,48.8,81.0,512,512,,D:\female\11\473_25.webp
473_3.png,OK,207.7,29.6,85.8,512,512,,D:\female\11\473_3.webp
473_4.png,OK,197.6,35.5,82.0,512,512,,D:\female\11\473_4.webp
473_5.png,OK,210.8,53.7,74.5,512,512,,D:\female\11\473_5.webp
473_6.png,OK,222.4,32.2,85.5,512,512,,D:\female\11\473_6.webp
473_7.png,OK,181.1,33.8,81.3,512,512,,D:\female\11\473_7.webp
473_8.png,OK,178.1,29.1,83.7,512,512,,D:\female\11\473_8.webp
473_9.png,OK,186.5,40.9,78.1,512,512,,D:\female\11\473_9.webp
474.png,OK,271.6,70.3,74.1,512,512,,D:\female\11\474.webp
474.png,OK,3.2,1.3,58.7,512,512,,D:\female\9\474.webp
474_1.png,OK,277.5,52.2,81.2,512,512,,D:\female\11\474_1.webp
474_1.png,OK,3.4,1.5,57.2,512,512,,D:\female\9\474_1.webp
474_2.png,OK,201.0,30.0,85.1,512,512,,D:\female\11\474_2.webp
474_2.png,OK,2.9,1.2,59.3,512,512,,D:\female\9\474_2.webp
474_3.png,OK,207.8,27.5,86.8,512,512,,D:\female\11\474_3.webp
474_3.png,OK,3.1,1.3,58.1,512,512,,D:\female\9\474_3.webp
474_4.png,OK,204.9,52.8,74.3,512,512,,D:\female\11\474_4.webp
475.png,OK,255.6,31.1,87.8,512,512,,D:\female\11\475.webp
475.png,OK,8.2,3.6,56.3,512,512,,D:\female\9\475.webp
475_1.png,OK,7.8,3.2,59.5,512,512,,D:\female\9\475_1.webp
476.png,OK,255.5,31.1,87.8,512,512,,D:\female\11\476.webp
476.png,OK,21.9,6.6,69.8,512,512,,D:\female\9\476.webp
476_1.png,OK,21.2,7.1,66.4,512,512,,D:\female\9\476_1.webp
476_2.png,OK,20.9,6.5,68.8,512,512,,D:\female\9\476_2.webp
476_3.png,OK,14.1,5.1,63.6,512,512,,D:\female\9\476_3.webp
477.png,OK,58.0,8.7,85.0,512,512,,D:\female\11\477.webp
477.png,OK,17.9,8.1,55.0,512,512,,D:\female\9\477.webp
477_1.png,OK,63.8,8.7,86.3,512,512,,D:\female\11\477_1.webp
477_10.png,OK,62.2,10.0,83.9,512,512,,D:\female\11\477_10.webp
477_11.png,OK,64.1,9.6,85.0,512,512,,D:\female\11\477_11.webp
477_12.png,OK,57.6,8.6,85.1,512,512,,D:\female\11\477_12.webp
477_13.png,OK,63.5,11.2,82.4,512,512,,D:\female\11\477_13.webp
477_14.png,OK,62.8,9.6,84.7,512,512,,D:\female\11\477_14.webp
477_15.png,OK,59.4,10.0,83.2,512,512,,D:\female\11\477_15.webp
477_16.png,OK,65.2,9.9,84.8,512,512,,D:\female\11\477_16.webp
477_17.png,OK,65.8,15.1,77.1,512,512,,D:\female\11\477_17.webp
477_18.png,OK,55.7,8.0,85.6,512,512,,D:\female\11\477_18.webp
477_19.png,OK,59.6,10.0,83.2,512,512,,D:\female\11\477_19.webp
477_2.png,OK,65.0,8.9,86.3,512,512,,D:\female\11\477_2.webp
477_20.png,OK,61.3,8.4,86.3,512,512,,D:\female\11\477_20.webp
477_21.png,OK,64.3,10.3,83.9,512,512,,D:\female\11\477_21.webp
477_22.png,OK,64.4,9.5,85.2,512,512,,D:\female\11\477_22.webp
477_23.png,OK,66.4,15.5,76.6,512,512,,D:\female\11\477_23.webp
477_24.png,OK,63.1,14.9,76.4,512,512,,D:\female\11\477_24.webp
477_25.png,OK,53.9,13.5,74.9,512,512,,D:\female\11\477_25.webp
477_3.png,OK,64.4,8.8,86.3,512,512,,D:\female\11\477_3.webp
477_4.png,OK,64.6,9.7,84.9,512,512,,D:\female\11\477_4.webp
477_5.png,OK,58.6,8.5,85.5,512,512,,D:\female\11\477_5.webp
477_6.png,OK,64.5,17.4,73.0,512,512,,D:\female\11\477_6.webp
477_7.png,OK,65.0,18.5,71.6,512,512,,D:\female\11\477_7.webp
477_8.png,OK,62.0,15.9,74.4,512,512,,D:\female\11\477_8.webp
477_9.png,OK,62.1,11.1,82.2,512,512,,D:\female\11\477_9.webp
478.png,OK,53.9,13.5,74.9,512,512,,D:\female\11\478.webp
478.png,OK,13.0,5.2,59.9,512,512,,D:\female\9\478.webp
478_1.png,OK,12.8,5.8,54.5,512,512,,D:\female\9\478_1.webp
478_2.png,OK,12.8,5.4,57.6,512,512,,D:\female\9\478_2.webp
479.png,OK,53.9,13.5,75.0,512,512,,D:\female\11\479.webp
48.png,OK,147.6,27.9,81.1,512,512,,D:\female\11\48.webp
48.png,OK,2.2,0.9,58.1,512,512,,D:\female\9\48.webp
480.png,OK,53.9,13.5,74.9,512,512,,D:\female\11\480.webp
481.png,OK,53.9,13.5,75.0,512,512,,D:\female\11\481.webp
481_1.png,OK,53.9,13.5,74.9,512,512,,D:\female\11\481_1.webp
481_2.png,OK,53.9,13.5,75.0,512,512,,D:\female\11\481_2.webp
481_3.png,OK,53.8,13.5,74.9,512,512,,D:\female\11\481_3.webp
482.png,OK,53.9,13.5,75.0,512,512,,D:\female\11\482.webp
483.png,OK,200.7,25.2,87.4,512,512,,D:\female\11\483.webp
484.png,OK,202.4,25.4,87.4,512,512,,D:\female\11\484.webp
485.png,OK,202.3,25.2,87.5,512,512,,D:\female\11\485.webp
486.png,OK,202.4,25.3,87.5,512,512,,D:\female\11\486.webp
487.png,OK,202.4,25.4,87.5,512,512,,D:\female\11\487.webp
488.png,OK,192.3,24.5,87.3,512,512,,D:\female\11\488.webp
488_1.png,OK,172.6,20.0,88.4,512,512,,D:\female\11\488_1.webp
488_2.png,OK,171.7,18.8,89.1,512,512,,D:\female\11\488_2.webp
489.png,OK,171.8,18.8,89.1,512,512,,D:\female\11\489.webp
489_1.png,OK,171.9,18.9,89.0,512,512,,D:\female\11\489_1.webp
489_2.png,OK,171.5,18.8,89.0,512,512,,D:\female\11\489_2.webp
489_3.png,OK,171.6,18.9,89.0,512,512,,D:\female\11\489_3.webp
489_4.png,OK,171.6,18.7,89.1,512,512,,D:\female\11\489_4.webp
49.png,OK,159.3,29.0,81.8,512,512,,D:\female\11\49.webp
49.png,OK,2.2,0.9,58.1,512,512,,D:\female\9\49.webp
490.png,OK,171.7,18.7,89.1,512,512,,D:\female\11\490.webp
490_1.png,OK,171.7,18.8,89.1,512,512,,D:\female\11\490_1.webp
490_2.png,OK,171.6,19.0,88.9,512,512,,D:\female\11\490_2.webp
490_3.png,OK,171.8,18.8,89.1,512,512,,D:\female\11\490_3.webp
490_4.png,OK,171.7,19.0,88.9,512,512,,D:\female\11\490_4.webp
491.png,OK,171.7,18.8,89.1,512,512,,D:\female\11\491.webp
491_1.png,OK,171.7,18.8,89.1,512,512,,D:\female\11\491_1.webp
491_2.png,OK,171.9,18.7,89.1,512,512,,D:\female\11\491_2.webp
492.png,OK,171.8,19.0,88.9,512,512,,D:\female\11\492.webp
493.png,OK,171.8,18.8,89.1,512,512,,D:\female\11\493.webp
494.png,OK,109.8,16.6,84.9,512,512,,D:\female\11\494.webp
495.png,OK,109.9,16.6,84.9,512,512,,D:\female\11\495.webp
496.png,OK,151.8,25.7,83.1,512,512,,D:\female\11\496.webp
497.png,OK,142.7,20.8,85.4,512,512,,D:\female\11\497.webp
497_1.png,OK,160.6,40.0,75.1,512,512,,D:\female\11\497_1.webp
497_2.png,OK,153.3,24.2,84.2,512,512,,D:\female\11\497_2.webp
498.png,OK,130.2,19.3,85.2,512,512,,D:\female\11\498.webp
498_1.png,OK,145.8,36.7,74.8,512,512,,D:\female\11\498_1.webp
498_2.png,OK,139.8,22.4,83.9,512,512,,D:\female\11\498_2.webp
499.png,OK,139.8,22.5,83.9,512,512,,D:\female\11\499.webp
49_1.png,OK,131.1,15.2,88.4,512,512,,D:\female\11\49_1.webp
4_1.png,OK,82.9,10.1,87.8,512,512,,D:\female\11\4_1.webp
4_1.png,OK,51.2,7.0,86.4,512,512,,D:\female\9\4_1.webp
4_10.png,OK,82.1,10.1,87.7,512,512,,D:\female\11\4_10.webp
4_11.png,OK,82.2,10.0,87.8,512,512,,D:\female\11\4_11.webp
4_12.png,OK,82.3,10.1,87.8,512,512,,D:\female\11\4_12.webp
4_13.png,OK,93.4,21.8,76.6,512,512,,D:\female\11\4_13.webp
4_14.png,OK,93.1,11.6,87.6,512,512,,D:\female\11\4_14.webp
4_15.png,OK,82.8,10.1,87.8,512,512,,D:\female\11\4_15.webp
4_2.png,OK,82.8,10.1,87.8,512,512,,D:\female\11\4_2.webp
4_2.png,OK,55.9,8.8,84.3,512,512,,D:\female\9\4_2.webp
4_3.png,OK,83.0,10.1,87.9,512,512,,D:\female\11\4_3.webp
4_3.png,OK,64.0,12.5,80.5,512,512,,D:\female\9\4_3.webp
4_4.png,OK,82.5,10.1,87.8,512,512,,D:\female\11\4_4.webp
4_4.png,OK,63.6,12.1,81.0,512,512,,D:\female\9\4_4.webp
4_5.png,OK,82.2,10.1,87.8,512,512,,D:\female\11\4_5.webp
4_6.png,OK,82.0,10.0,87.8,512,512,,D:\female\11\4_6.webp
4_7.png,OK,81.7,10.1,87.6,512,512,,D:\female\11\4_7.webp
4_8.png,OK,81.8,10.1,87.7,512,512,,D:\female\11\4_8.webp
4_9.png,OK,82.1,10.1,87.7,512,512,,D:\female\11\4_9.webp
5.png,OK,59.0,7.2,87.9,512,512,,D:\female\11\5.webp
5.png,OK,34.1,6.2,81.8,512,512,,D:\female\9\5.webp
50.png,OK,261.0,33.5,87.2,512,512,,D:\female\11\50.webp
50.png,OK,2.2,0.9,58.1,512,512,,D:\female\9\50.webp
500.png,OK,139.8,22.5,83.9,512,512,,D:\female\11\500.webp
501.png,OK,244.8,30.1,87.7,512,512,,D:\female\11\501.webp
502.png,OK,244.8,30.1,87.7,512,512,,D:\female\11\502.webp
503.png,OK,244.8,30.1,87.7,512,512,,D:\female\11\503.webp
504.png,OK,244.8,30.2,87.7,512,512,,D:\female\11\504.webp
505.png,OK,244.7,30.2,87.7,512,512,,D:\female\11\505.webp
506.png,OK,244.6,30.2,87.7,512,512,,D:\female\11\506.webp
507.png,OK,130.5,33.0,74.7,512,512,,D:\female\11\507.webp
508.png,OK,248.3,62.2,74.9,512,512,,D:\female\11\508.webp
509.png,OK,248.3,62.2,74.9,512,512,,D:\female\11\509.webp
51.png,OK,169.6,21.1,87.5,512,512,,D:\female\11\51.webp
51.png,OK,2.2,0.9,58.1,512,512,,D:\female\9\51.webp
510.png,OK,210.1,46.3,78.0,512,512,,D:\female\11\510.webp
511.png,OK,210.1,46.3,77.9,512,512,,D:\female\11\511.webp
512.png,OK,210.1,46.3,78.0,512,512,,D:\female\11\512.webp
513.png,OK,197.6,36.4,81.6,512,512,,D:\female\11\513.webp
513_1.png,OK,220.8,36.2,83.6,512,512,,D:\female\11\513_1.webp
514.png,OK,214.0,24.4,88.6,512,512,,D:\female\11\514.webp
514_1.png,OK,203.6,27.9,86.3,512,512,,D:\female\11\514_1.webp
515.png,OK,218.8,26.7,87.8,512,512,,D:\female\11\515.webp
515_1.png,OK,208.1,29.7,85.7,512,512,,D:\female\11\515_1.webp
516.png,OK,145.1,16.8,88.4,512,512,,D:\female\11\516.webp
517.png,OK,1.9,0.9,55.4,512,512,,D:\female\11\517.webp
518.png,OK,1.9,0.9,55.3,512,512,,D:\female\11\518.webp
519.png,OK,1.9,0.9,55.3,512,512,,D:\female\11\519.webp
52.png,OK,230.8,28.7,87.6,512,512,,D:\female\11\52.webp
52.png,OK,2.2,0.9,58.1,512,512,,D:\female\9\52.webp
520.png,OK,1.9,0.9,55.3,512,512,,D:\female\11\520.webp
521.png,OK,1.9,0.9,55.3,512,512,,D:\female\11\521.webp
522.png,OK,1.9,0.9,55.3,512,512,,D:\female\11\522.webp
522_1.png,OK,1.9,0.9,55.3,512,512,,D:\female\11\522_1.webp
522_10.png,OK,1.9,0.9,55.3,512,512,,D:\female\11\522_10.webp
522_11.png,OK,1.9,0.9,55.3,512,512,,D:\female\11\522_11.webp
522_2.png,OK,1.9,0.9,55.3,512,512,,D:\female\11\522_2.webp
522_3.png,OK,1.9,0.9,55.3,512,512,,D:\female\11\522_3.webp
522_4.png,OK,1.9,0.9,55.3,512,512,,D:\female\11\522_4.webp
522_5.png,OK,1.9,0.9,55.3,512,512,,D:\female\11\522_5.webp
522_6.png,OK,1.9,0.9,55.3,512,512,,D:\female\11\522_6.webp
522_7.png,OK,1.9,0.9,55.3,512,512,,D:\female\11\522_7.webp
522_8.png,OK,1.9,0.9,55.3,512,512,,D:\female\11\522_8.webp
522_9.png,OK,1.9,0.9,55.3,512,512,,D:\female\11\522_9.webp
523.png,OK,232.3,35.9,84.5,512,512,,D:\female\11\523.webp
524.png,OK,162.6,22.6,86.1,512,512,,D:\female\11\524.webp
524_1.png,OK,165.8,20.8,87.5,512,512,,D:\female\11\524_1.webp
525.png,OK,165.9,20.8,87.5,512,512,,D:\female\11\525.webp
525_1.png,OK,166.0,20.8,87.5,512,512,,D:\female\11\525_1.webp
525_10.png,OK,165.9,20.8,87.5,512,512,,D:\female\11\525_10.webp
525_2.png,OK,165.9,20.8,87.5,512,512,,D:\female\11\525_2.webp
525_3.png,OK,165.9,20.8,87.5,512,512,,D:\female\11\525_3.webp
525_4.png,OK,166.0,20.7,87.5,512,512,,D:\female\11\525_4.webp
525_5.png,OK,166.0,20.8,87.5,512,512,,D:\female\11\525_5.webp
525_6.png,OK,166.0,20.8,87.5,512,512,,D:\female\11\525_6.webp
525_7.png,OK,165.8,20.7,87.5,512,512,,D:\female\11\525_7.webp
525_8.png,OK,165.9,20.8,87.5,512,512,,D:\female\11\525_8.webp
525_9.png,OK,165.9,20.8,87.5,512,512,,D:\female\11\525_9.webp
526.png,OK,165.9,20.8,87.5,512,512,,D:\female\11\526.webp
527.png,OK,165.9,20.9,87.4,512,512,,D:\female\11\527.webp
528.png,OK,183.6,20.8,88.7,512,512,,D:\female\11\528.webp
528_1.png,OK,195.4,21.5,89.0,512,512,,D:\female\11\528_1.webp
528_10.png,OK,191.6,24.4,87.3,512,512,,D:\female\11\528_10.webp
528_11.png,OK,192.3,22.3,88.4,512,512,,D:\female\11\528_11.webp
528_12.png,OK,183.7,22.8,87.6,512,512,,D:\female\11\528_12.webp
528_13.png,OK,191.2,25.1,86.9,512,512,,D:\female\11\528_13.webp
528_14.png,OK,194.2,24.4,87.4,512,512,,D:\female\11\528_14.webp
528_15.png,OK,189.5,25.0,86.8,512,512,,D:\female\11\528_15.webp
528_16.png,OK,193.2,22.5,88.3,512,512,,D:\female\11\528_16.webp
528_17.png,OK,198.5,35.1,82.3,512,512,,D:\female\11\528_17.webp
528_18.png,OK,187.5,22.4,88.0,512,512,,D:\female\11\528_18.webp
528_19.png,OK,192.0,24.1,87.4,512,512,,D:\female\11\528_19.webp
528_2.png,OK,194.8,21.3,89.1,512,512,,D:\female\11\528_2.webp
528_20.png,OK,194.6,22.3,88.5,512,512,,D:\female\11\528_20.webp
528_21.png,OK,192.0,23.2,87.9,512,512,,D:\female\11\528_21.webp
528_22.png,OK,193.0,22.9,88.1,512,512,,D:\female\11\528_22.webp
528_23.png,OK,195.4,33.7,82.8,512,512,,D:\female\11\528_23.webp
528_24.png,OK,201.5,39.4,80.4,512,512,,D:\female\11\528_24.webp
528_25.png,OK,181.3,37.2,79.5,512,512,,D:\female\11\528_25.webp
528_3.png,OK,194.1,21.9,88.7,512,512,,D:\female\11\528_3.webp
528_4.png,OK,194.7,22.5,88.5,512,512,,D:\female\11\528_4.webp
528_5.png,OK,192.2,23.2,87.9,512,512,,D:\female\11\528_5.webp
528_6.png,OK,191.9,40.5,78.9,512,512,,D:\female\11\528_6.webp
528_7.png,OK,190.8,38.3,79.9,512,512,,D:\female\11\528_7.webp
528_8.png,OK,185.5,29.8,83.9,512,512,,D:\female\11\528_8.webp
528_9.png,OK,188.4,25.3,86.6,512,512,,D:\female\11\528_9.webp
529.png,OK,181.6,23.0,87.3,512,512,,D:\female\11\529.webp
529_1.png,OK,192.3,22.5,88.3,512,512,,D:\female\11\529_1.webp
529_10.png,OK,189.4,25.2,86.7,512,512,,D:\female\11\529_10.webp
529_11.png,OK,191.0,23.4,87.8,512,512,,D:\female\11\529_11.webp
529_12.png,OK,183.7,23.8,87.0,512,512,,D:\female\11\529_12.webp
529_13.png,OK,188.9,25.8,86.3,512,512,,D:\female\11\529_13.webp
529_14.png,OK,191.3,25.0,87.0,512,512,,D:\female\11\529_14.webp
529_15.png,OK,187.1,25.6,86.3,512,512,,D:\female\11\529_15.webp
529_16.png,OK,190.6,23.4,87.7,512,512,,D:\female\11\529_16.webp
529_17.png,OK,195.5,35.9,81.7,512,512,,D:\female\11\529_17.webp
529_18.png,OK,181.6,23.4,87.1,512,512,,D:\female\11\529_18.webp
529_19.png,OK,188.7,24.9,86.8,512,512,,D:\female\11\529_19.webp
529_2.png,OK,192.6,22.4,88.4,512,512,,D:\female\11\529_2.webp
529_20.png,OK,191.2,23.1,87.9,512,512,,D:\female\11\529_20.webp
529_21.png,OK,189.5,24.1,87.3,512,512,,D:\female\11\529_21.webp
529_22.png,OK,190.8,24.0,87.4,512,512,,D:\female\11\529_22.webp
529_23.png,OK,194.5,35.3,81.8,512,512,,D:\female\11\529_23.webp
529_24.png,OK,198.3,40.4,79.6,512,512,,D:\female\11\529_24.webp
529_25.png,OK,183.0,38.1,79.2,512,512,,D:\female\11\529_25.webp
529_3.png,OK,190.9,22.3,88.3,512,512,,D:\female\11\529_3.webp
529_4.png,OK,192.0,23.5,87.8,512,512,,D:\female\11\529_4.webp
529_5.png,OK,187.4,23.9,87.2,512,512,,D:\female\11\529_5.webp
529_6.png,OK,191.8,41.6,78.3,512,512,,D:\female\11\529_6.webp
529_7.png,OK,184.8,38.2,79.3,512,512,,D:\female\11\529_7.webp
529_8.png,OK,184.8,31.5,83.0,512,512,,D:\female\11\529_8.webp
529_9.png,OK,186.1,25.8,86.1,512,512,,D:\female\11\529_9.webp
52_1.png,OK,228.4,29.0,87.3,512,512,,D:\female\11\52_1.webp
52_2.png,OK,193.0,21.3,89.0,512,512,,D:\female\11\52_2.webp
52_3.png,OK,231.3,30.0,87.0,512,512,,D:\female\11\52_3.webp
53.png,OK,242.1,29.9,87.6,512,512,,D:\female\11\53.webp
53.png,OK,9.2,2.5,72.9,512,512,,D:\female\9\53.webp
530.png,OK,124.1,15.8,87.3,512,512,,D:\female\11\530.webp
530_1.png,OK,120.4,12.7,89.5,512,512,,D:\female\11\530_1.webp
530_2.png,OK,114.9,19.2,83.3,512,512,,D:\female\11\530_2.webp
530_3.png,OK,103.8,21.6,79.2,512,512,,D:\female\11\530_3.webp
530_4.png,OK,170.9,44.1,74.2,512,512,,D:\female\11\530_4.webp
530_5.png,OK,124.5,29.8,76.1,512,512,,D:\female\11\530_5.webp
530_6.png,OK,108.6,14.4,86.8,512,512,,D:\female\11\530_6.webp
531.png,OK,136.6,15.4,88.7,512,512,,D:\female\11\531.webp
531_1.png,OK,133.1,13.8,89.6,512,512,,D:\female\11\531_1.webp
531_2.png,OK,129.6,24.6,81.0,512,512,,D:\female\11\531_2.webp
531_3.png,OK,118.5,23.3,80.3,512,512,,D:\female\11\531_3.webp
531_4.png,OK,190.5,48.6,74.5,512,512,,D:\female\11\531_4.webp
531_5.png,OK,135.9,32.0,76.5,512,512,,D:\female\11\531_5.webp
532.png,OK,135.9,32.1,76.4,512,512,,D:\female\11\532.webp
532_1.png,OK,135.9,32.0,76.5,512,512,,D:\female\11\532_1.webp
532_10.png,OK,136.0,31.9,76.5,512,512,,D:\female\11\532_10.webp
532_11.png,OK,135.9,32.0,76.5,512,512,,D:\female\11\532_11.webp
532_12.png,OK,135.9,32.0,76.5,512,512,,D:\female\11\532_12.webp
532_13.png,OK,135.9,31.9,76.5,512,512,,D:\female\11\532_13.webp
532_14.png,OK,136.0,32.1,76.4,512,512,,D:\female\11\532_14.webp
532_15.png,OK,135.9,32.0,76.5,512,512,,D:\female\11\532_15.webp
532_2.png,OK,135.9,32.0,76.4,512,512,,D:\female\11\532_2.webp
532_3.png,OK,135.9,32.1,76.4,512,512,,D:\female\11\532_3.webp
532_4.png,OK,135.8,32.1,76.4,512,512,,D:\female\11\532_4.webp
532_5.png,OK,135.8,32.1,76.4,512,512,,D:\female\11\532_5.webp
532_6.png,OK,135.8,32.0,76.4,512,512,,D:\female\11\532_6.webp
532_7.png,OK,135.9,32.1,76.4,512,512,,D:\female\11\532_7.webp
532_8.png,OK,135.9,32.1,76.4,512,512,,D:\female\11\532_8.webp
532_9.png,OK,136.0,32.0,76.5,512,512,,D:\female\11\532_9.webp
533.png,OK,135.9,32.0,76.5,512,512,,D:\female\11\533.webp
533_1.png,OK,136.0,32.0,76.5,512,512,,D:\female\11\533_1.webp
533_10.png,OK,135.7,32.0,76.4,512,512,,D:\female\11\533_10.webp
533_11.png,OK,135.8,32.0,76.4,512,512,,D:\female\11\533_11.webp
533_12.png,OK,135.7,32.0,76.4,512,512,,D:\female\11\533_12.webp
533_13.png,OK,135.6,32.0,76.4,512,512,,D:\female\11\533_13.webp
533_14.png,OK,135.6,32.0,76.4,512,512,,D:\female\11\533_14.webp
533_15.png,OK,135.6,31.9,76.5,512,512,,D:\female\11\533_15.webp
533_2.png,OK,135.9,32.0,76.4,512,512,,D:\female\11\533_2.webp
533_3.png,OK,135.9,32.1,76.4,512,512,,D:\female\11\533_3.webp
533_4.png,OK,135.8,32.0,76.5,512,512,,D:\female\11\533_4.webp
533_5.png,OK,135.7,32.0,76.4,512,512,,D:\female\11\533_5.webp
533_6.png,OK,135.8,32.0,76.4,512,512,,D:\female\11\533_6.webp
533_7.png,OK,135.8,32.1,76.4,512,512,,D:\female\11\533_7.webp
533_8.png,OK,135.8,32.1,76.4,512,512,,D:\female\11\533_8.webp
533_9.png,OK,135.7,32.0,76.4,512,512,,D:\female\11\533_9.webp
534.png,OK,183.4,26.0,85.8,512,512,,D:\female\11\534.webp
535.png,OK,261.2,37.5,85.7,512,512,,D:\female\11\535.webp
536.png,OK,293.4,48.2,83.6,512,512,,D:\female\11\536.webp
537.png,OK,185.9,21.0,88.7,512,512,,D:\female\11\537.webp
537_1.png,OK,213.8,25.2,88.2,512,512,,D:\female\11\537_1.webp
537_10.png,OK,206.5,31.1,84.9,512,512,,D:\female\11\537_10.webp
537_11.png,OK,213.0,28.5,86.6,512,512,,D:\female\11\537_11.webp
537_12.png,OK,196.8,25.1,87.2,512,512,,D:\female\11\537_12.webp
537_13.png,OK,217.0,27.5,87.3,512,512,,D:\female\11\537_13.webp
537_2.png,OK,216.6,25.7,88.1,512,512,,D:\female\11\537_2.webp
537_3.png,OK,217.1,26.3,87.9,512,512,,D:\female\11\537_3.webp
537_4.png,OK,196.6,24.9,87.3,512,512,,D:\female\11\537_4.webp
537_5.png,OK,200.3,30.3,84.9,512,512,,D:\female\11\537_5.webp
537_6.png,OK,197.1,23.8,87.9,512,512,,D:\female\11\537_6.webp
537_7.png,OK,195.6,43.8,77.6,512,512,,D:\female\11\537_7.webp
537_8.png,OK,210.2,31.0,85.2,512,512,,D:\female\11\537_8.webp
537_9.png,OK,213.5,30.4,85.8,512,512,,D:\female\11\537_9.webp
538.png,OK,181.9,20.5,88.8,512,512,,D:\female\11\538.webp
538_1.png,OK,196.1,22.5,88.5,512,512,,D:\female\11\538_1.webp
538_10.png,OK,193.5,27.8,85.6,512,512,,D:\female\11\538_10.webp
538_11.png,OK,196.2,25.5,87.0,512,512,,D:\female\11\538_11.webp
538_12.png,OK,186.3,23.0,87.7,512,512,,D:\female\11\538_12.webp
538_13.png,OK,202.0,25.2,87.5,512,512,,D:\female\11\538_13.webp
538_14.png,OK,192.7,25.4,86.8,512,512,,D:\female\11\538_14.webp
538_15.png,OK,208.0,39.0,81.3,512,512,,D:\female\11\538_15.webp
538_16.png,OK,187.2,25.0,86.6,512,512,,D:\female\11\538_16.webp
538_17.png,OK,186.9,24.4,86.9,512,512,,D:\female\11\538_17.webp
538_18.png,OK,192.8,27.7,85.6,512,512,,D:\female\11\538_18.webp
538_19.png,OK,210.3,29.3,86.1,512,512,,D:\female\11\538_19.webp
538_2.png,OK,203.2,24.0,88.2,512,512,,D:\female\11\538_2.webp
538_20.png,OK,205.0,29.2,85.8,512,512,,D:\female\11\538_20.webp
538_21.png,OK,213.0,28.8,86.5,512,512,,D:\female\11\538_21.webp
538_22.png,OK,213.7,33.1,84.5,512,512,,D:\female\11\538_22.webp
538_23.png,OK,189.1,22.7,88.0,512,512,,D:\female\11\538_23.webp
538_24.png,OK,193.2,26.8,86.1,512,512,,D:\female\11\538_24.webp
538_25.png,OK,213.4,36.0,83.1,512,512,,D:\female\11\538_25.webp
538_3.png,OK,204.5,24.5,88.0,512,512,,D:\female\11\538_3.webp
538_4.png,OK,183.5,23.0,87.4,512,512,,D:\female\11\538_4.webp
538_5.png,OK,191.0,26.9,85.9,512,512,,D:\female\11\538_5.webp
538_6.png,OK,185.2,22.2,88.0,512,512,,D:\female\11\538_6.webp
538_7.png,OK,196.5,38.1,80.6,512,512,,D:\female\11\538_7.webp
538_8.png,OK,195.6,28.1,85.6,512,512,,D:\female\11\538_8.webp
538_9.png,OK,200.2,28.2,85.9,512,512,,D:\female\11\538_9.webp
539.png,OK,213.4,35.9,83.2,512,512,,D:\female\11\539.webp
539_1.png,OK,213.7,36.0,83.2,512,512,,D:\female\11\539_1.webp
539_2.png,OK,213.4,36.0,83.1,512,512,,D:\female\11\539_2.webp
53_1.png,OK,244.5,31.5,87.1,512,512,,D:\female\11\53_1.webp
53_2.png,OK,205.0,21.4,89.5,512,512,,D:\female\11\53_2.webp
53_3.png,OK,244.8,31.9,87.0,512,512,,D:\female\11\53_3.webp
54.png,OK,207.2,24.7,88.1,512,512,,D:\female\11\54.webp
54.png,OK,9.2,2.5,72.7,512,512,,D:\female\9\54.webp
540.png,OK,101.7,8.3,91.8,512,512,,D:\female\11\540.webp
540_1.png,OK,127.7,13.6,89.3,512,512,,D:\female\11\540_1.webp
540_10.png,OK,122.4,14.2,88.4,512,512,,D:\female\11\540_10.webp
540_11.png,OK,123.9,13.0,89.5,512,512,,D:\female\11\540_11.webp
540_12.png,OK,106.6,9.8,90.8,512,512,,D:\female\11\540_12.webp
540_13.png,OK,113.9,13.1,88.5,512,512,,D:\female\11\540_13.webp
540_14.png,OK,125.6,14.4,88.6,512,512,,D:\female\11\540_14.webp
540_15.png,OK,113.9,13.6,88.0,512,512,,D:\female\11\540_15.webp
540_16.png,OK,124.7,13.1,89.5,512,512,,D:\female\11\540_16.webp
540_17.png,OK,133.1,29.8,77.6,512,512,,D:\female\11\540_17.webp
540_18.png,OK,104.6,10.5,90.0,512,512,,D:\female\11\540_18.webp
540_19.png,OK,120.1,13.5,88.8,512,512,,D:\female\11\540_19.webp
540_2.png,OK,128.5,12.8,90.1,512,512,,D:\female\11\540_2.webp
540_20.png,OK,125.5,12.5,90.0,512,512,,D:\female\11\540_20.webp
540_21.png,OK,123.9,13.3,89.3,512,512,,D:\female\11\540_21.webp
540_22.png,OK,125.7,13.2,89.5,512,512,,D:\female\11\540_22.webp
540_23.png,OK,127.2,27.6,78.3,512,512,,D:\female\11\540_23.webp
540_24.png,OK,128.3,27.2,78.8,512,512,,D:\female\11\540_24.webp
540_25.png,OK,119.7,21.8,81.8,512,512,,D:\female\11\540_25.webp
540_3.png,OK,119.7,11.6,90.3,512,512,,D:\female\11\540_3.webp
540_4.png,OK,126.6,13.0,89.7,512,512,,D:\female\11\540_4.webp
540_5.png,OK,119.2,11.8,90.1,512,512,,D:\female\11\540_5.webp
540_6.png,OK,128.0,27.3,78.7,512,512,,D:\female\11\540_6.webp
540_7.png,OK,82.1,16.0,80.5,512,512,,D:\female\11\540_7.webp
540_8.png,OK,112.9,16.8,85.1,512,512,,D:\female\11\540_8.webp
540_9.png,OK,117.7,15.0,87.3,512,512,,D:\female\11\540_9.webp
541.png,OK,137.4,18.2,86.7,512,512,,D:\female\11\541.webp
542.png,OK,137.4,18.2,86.7,512,512,,D:\female\11\542.webp
543.png,OK,137.4,18.2,86.8,512,512,,D:\female\11\543.webp
543_1.png,OK,137.5,18.2,86.8,512,512,,D:\female\11\543_1.webp
544.png,OK,137.6,18.2,86.8,512,512,,D:\female\11\544.webp
544_1.png,OK,137.4,17.8,87.0,512,512,,D:\female\11\544_1.webp
544_2.png,OK,137.3,17.8,87.0,512,512,,D:\female\11\544_2.webp
545.png,OK,137.4,17.8,87.0,512,512,,D:\female\11\545.webp
545_1.png,OK,137.5,17.7,87.1,512,512,,D:\female\11\545_1.webp
545_2.png,OK,137.4,17.7,87.1,512,512,,D:\female\11\545_2.webp
546.png,OK,183.2,21.9,88.0,512,512,,D:\female\11\546.webp
546_1.png,OK,198.0,29.0,85.3,512,512,,D:\female\11\546_1.webp
546_10.png,OK,184.4,22.0,88.0,512,512,,D:\female\11\546_10.webp
546_11.png,OK,196.1,38.4,80.4,512,512,,D:\female\11\546_11.webp
546_12.png,OK,202.6,28.5,85.9,512,512,,D:\female\11\546_12.webp
546_13.png,OK,182.8,21.7,88.1,512,512,,D:\female\11\546_13.webp
546_2.png,OK,182.9,22.4,87.7,512,512,,D:\female\11\546_2.webp
546_3.png,OK,195.3,27.0,86.2,512,512,,D:\female\11\546_3.webp
546_4.png,OK,186.5,26.1,86.0,512,512,,D:\female\11\546_4.webp
546_5.png,OK,210.3,46.8,77.7,512,512,,D:\female\11\546_5.webp
546_6.png,OK,177.2,21.7,87.8,512,512,,D:\female\11\546_6.webp
546_7.png,OK,181.1,21.5,88.1,512,512,,D:\female\11\546_7.webp
546_8.png,OK,195.5,36.2,81.5,512,512,,D:\female\11\546_8.webp
546_9.png,OK,197.0,38.5,80.5,512,512,,D:\female\11\546_9.webp
547.png,OK,180.3,22.8,87.4,512,512,,D:\female\11\547.webp
547_1.png,OK,196.5,29.8,84.9,512,512,,D:\female\11\547_1.webp
547_10.png,OK,176.2,23.2,86.8,512,512,,D:\female\11\547_10.webp
547_11.png,OK,193.8,39.8,79.5,512,512,,D:\female\11\547_11.webp
547_12.png,OK,198.2,31.2,84.2,512,512,,D:\female\11\547_12.webp
547_13.png,OK,178.5,22.3,87.5,512,512,,D:\female\11\547_13.webp
547_2.png,OK,179.3,23.7,86.8,512,512,,D:\female\11\547_2.webp
547_3.png,OK,194.4,28.1,85.5,512,512,,D:\female\11\547_3.webp
547_4.png,OK,184.1,26.8,85.5,512,512,,D:\female\11\547_4.webp
547_5.png,OK,205.8,46.0,77.7,512,512,,D:\female\11\547_5.webp
547_6.png,OK,175.1,23.8,86.4,512,512,,D:\female\11\547_6.webp
547_7.png,OK,178.1,22.3,87.5,512,512,,D:\female\11\547_7.webp
547_8.png,OK,192.6,36.7,80.9,512,512,,D:\female\11\547_8.webp
547_9.png,OK,194.0,39.7,79.5,512,512,,D:\female\11\547_9.webp
548.png,OK,178.5,22.3,87.5,512,512,,D:\female\11\548.webp
549.png,OK,178.3,22.3,87.5,512,512,,D:\female\11\549.webp
54_1.png,OK,208.0,24.9,88.0,512,512,,D:\female\11\54_1.webp
54_2.png,OK,204.5,23.7,88.4,512,512,,D:\female\11\54_2.webp
54_3.png,OK,175.2,21.1,87.9,512,512,,D:\female\11\54_3.webp
55.png,OK,234.4,38.1,83.7,512,512,,D:\female\11\55.webp
55.png,OK,9.2,2.5,72.7,512,512,,D:\female\9\55.webp
550.png,OK,178.3,22.3,87.5,512,512,,D:\female\11\550.webp
550_1.png,OK,178.2,22.2,87.5,512,512,,D:\female\11\550_1.webp
551.png,OK,233.6,38.1,83.7,512,512,,D:\female\11\551.webp
551_1.png,OK,246.9,43.8,82.3,512,512,,D:\female\11\551_1.webp
552.png,OK,246.8,43.9,82.2,512,512,,D:\female\11\552.webp
553.png,OK,199.9,27.5,86.2,512,512,,D:\female\11\553.webp
553_1.png,OK,183.0,23.6,87.1,512,512,,D:\female\11\553_1.webp
553_2.png,OK,188.2,24.4,87.0,512,512,,D:\female\11\553_2.webp
553_3.png,OK,192.8,24.6,87.3,512,512,,D:\female\11\553_3.webp
554.png,OK,255.5,42.4,83.4,512,512,,D:\female\11\554.webp
554_1.png,OK,269.1,46.9,82.6,512,512,,D:\female\11\554_1.webp
555.png,OK,269.3,46.8,82.6,512,512,,D:\female\11\555.webp
556.png,OK,234.6,26.5,88.7,512,512,,D:\female\11\556.webp
556_1.png,OK,236.1,26.8,88.7,512,512,,D:\female\11\556_1.webp
556_2.png,OK,235.6,26.2,88.9,512,512,,D:\female\11\556_2.webp
556_3.png,OK,235.1,26.7,88.6,512,512,,D:\female\11\556_3.webp
556_4.png,OK,240.6,42.2,82.4,512,512,,D:\female\11\556_4.webp
556_5.png,OK,238.3,37.0,84.5,512,512,,D:\female\11\556_5.webp
557.png,OK,238.3,37.1,84.4,512,512,,D:\female\11\557.webp
558.png,OK,196.3,26.9,86.3,512,512,,D:\female\11\558.webp
558_1.png,OK,186.2,24.1,87.0,512,512,,D:\female\11\558_1.webp
559.png,OK,206.6,31.3,84.9,512,512,,D:\female\11\559.webp
559_1.png,OK,197.0,25.3,87.2,512,512,,D:\female\11\559_1.webp
56.png,OK,179.6,20.1,88.8,512,512,,D:\female\11\56.webp
56.png,OK,8.1,2.5,69.6,512,512,,D:\female\9\56.webp
560.png,OK,175.7,41.5,76.4,512,512,,D:\female\11\560.webp
561.png,OK,125.8,29.0,77.0,512,512,,D:\female\11\561.webp
562.png,OK,105.6,14.2,86.5,512,512,,D:\female\11\562.webp
562_1.png,OK,123.1,25.9,79.0,512,512,,D:\female\11\562_1.webp
563.png,OK,237.0,46.1,80.6,512,512,,D:\female\11\563.webp
563_1.png,OK,244.9,61.3,75.0,512,512,,D:\female\11\563_1.webp
564.png,OK,116.6,22.7,80.5,512,512,,D:\female\11\564.webp
565.png,OK,263.6,35.7,86.5,512,512,,D:\female\11\565.webp
565_1.png,OK,257.9,31.3,87.9,512,512,,D:\female\11\565_1.webp
566.png,OK,131.9,20.8,84.2,512,512,,D:\female\11\566.webp
566_1.png,OK,120.0,16.9,85.9,512,512,,D:\female\11\566_1.webp
566_2.png,OK,129.2,18.9,85.4,512,512,,D:\female\11\566_2.webp
567.png,OK,2.1,1.0,50.9,512,512,,D:\female\11\567.webp
568.png,OK,216.3,29.8,86.2,512,512,,D:\female\11\568.webp
568_1.png,OK,253.2,28.5,88.7,512,512,,D:\female\11\568_1.webp
568_2.png,OK,272.1,40.0,85.3,512,512,,D:\female\11\568_2.webp
568_3.png,OK,251.1,26.9,89.3,512,512,,D:\female\11\568_3.webp
568_4.png,OK,193.2,23.2,88.0,512,512,,D:\female\11\568_4.webp
569.png,OK,49.4,12.5,74.6,512,512,,D:\female\11\569.webp
569_1.png,OK,47.5,8.6,82.0,512,512,,D:\female\11\569_1.webp
56_1.png,OK,8.2,2.5,69.8,512,512,,D:\female\9\56_1.webp
56_2.png,OK,8.3,2.6,68.4,512,512,,D:\female\9\56_2.webp
56_3.png,OK,7.4,2.2,70.3,512,512,,D:\female\9\56_3.webp
56_4.png,OK,8.3,2.6,68.3,512,512,,D:\female\9\56_4.webp
57.png,OK,182.2,21.8,88.0,512,512,,D:\female\11\57.webp
57.png,OK,97.6,10.2,89.6,512,512,,D:\female\9\57.webp
570.png,OK,46.8,9.3,80.2,512,512,,D:\female\11\570.webp
570_1.png,OK,45.0,8.9,80.3,512,512,,D:\female\11\570_1.webp
571.png,OK,53.3,10.0,81.2,512,512,,D:\female\11\571.webp
571_1.png,OK,51.8,10.2,80.2,512,512,,D:\female\11\571_1.webp
571_2.png,OK,53.0,15.0,71.7,512,512,,D:\female\11\571_2.webp
572.png,OK,79.8,14.1,82.4,512,512,,D:\female\11\572.webp
572_1.png,OK,68.6,8.7,87.3,512,512,,D:\female\11\572_1.webp
572_2.png,OK,84.5,20.5,75.8,512,512,,D:\female\11\572_2.webp
573.png,OK,220.0,22.6,89.7,512,512,,D:\female\11\573.webp
574.png,OK,262.1,44.3,83.1,512,512,,D:\female\11\574.webp
574_1.png,OK,213.3,37.1,82.6,512,512,,D:\female\11\574_1.webp
574_2.png,OK,219.3,22.4,89.8,512,512,,D:\female\11\574_2.webp
574_3.png,OK,247.3,55.8,77.4,512,512,,D:\female\11\574_3.webp
575.png,OK,174.2,24.5,86.0,512,512,,D:\female\11\575.webp
575_1.png,OK,162.5,23.8,85.4,512,512,,D:\female\11\575_1.webp
575_2.png,OK,176.2,40.0,77.3,512,512,,D:\female\11\575_2.webp
576.png,OK,103.1,17.5,83.0,512,512,,D:\female\11\576.webp
577.png,OK,56.4,12.8,77.4,512,512,,D:\female\11\577.webp
577_1.png,OK,69.5,11.5,83.5,512,512,,D:\female\11\577_1.webp
577_2.png,OK,62.0,10.4,83.2,512,512,,D:\female\11\577_2.webp
578.png,OK,292.5,44.2,84.9,512,512,,D:\female\11\578.webp
578_1.png,OK,299.4,62.2,79.2,512,512,,D:\female\11\578_1.webp
579.png,OK,47.1,10.1,78.6,512,512,,D:\female\11\579.webp
579_1.png,OK,56.6,17.1,69.8,512,512,,D:\female\11\579_1.webp
579_2.png,OK,55.8,10.9,80.4,512,512,,D:\female\11\579_2.webp
57_1.png,OK,211.2,28.7,86.4,512,512,,D:\female\11\57_1.webp
57_1.png,OK,101.8,11.9,88.3,512,512,,D:\female\9\57_1.webp
57_2.png,OK,195.5,38.6,80.3,512,512,,D:\female\11\57_2.webp
57_2.png,OK,85.4,8.2,90.4,512,512,,D:\female\9\57_2.webp
57_3.png,OK,195.3,25.3,87.0,512,512,,D:\female\11\57_3.webp
57_4.png,OK,220.6,54.4,75.3,512,512,,D:\female\11\57_4.webp
57_5.png,OK,203.4,27.0,86.7,512,512,,D:\female\11\57_5.webp
57_6.png,OK,196.3,25.4,87.1,512,512,,D:\female\11\57_6.webp
57_7.png,OK,207.4,26.1,87.4,512,512,,D:\female\11\57_7.webp
57_8.png,OK,213.6,28.0,86.9,512,512,,D:\female\11\57_8.webp
58.png,OK,196.5,23.0,88.3,512,512,,D:\female\11\58.webp
58.png,OK,82.2,14.0,82.9,512,512,,D:\female\9\58.webp
580.png,OK,168.4,44.2,73.8,512,512,,D:\female\11\580.webp
580_1.png,OK,166.0,32.9,80.2,512,512,,D:\female\11\580_1.webp
581.png,OK,77.6,10.8,86.1,512,512,,D:\female\11\581.webp
581_1.png,OK,105.7,13.4,87.3,512,512,,D:\female\11\581_1.webp
581_2.png,OK,123.0,14.7,88.1,512,512,,D:\female\11\581_2.webp
581_3.png,OK,148.1,16.5,88.8,512,512,,D:\female\11\581_3.webp
582.png,OK,145.8,35.3,75.8,512,512,,D:\female\11\582.webp
582_1.png,OK,145.2,22.1,84.8,512,512,,D:\female\11\582_1.webp
583.png,OK,192.6,50.3,73.9,512,512,,D:\female\11\583.webp
583_1.png,OK,189.1,40.8,78.4,512,512,,D:\female\11\583_1.webp
584.png,OK,252.8,39.2,84.5,512,512,,D:\female\11\584.webp
584_1.png,OK,284.3,45.1,84.2,512,512,,D:\female\11\584_1.webp
584_2.png,OK,295.0,46.6,84.2,512,512,,D:\female\11\584_2.webp
585.png,OK,62.1,16.4,73.5,512,512,,D:\female\11\585.webp
585_1.png,OK,62.5,17.7,71.6,512,512,,D:\female\11\585_1.webp
585_2.png,OK,66.2,17.8,73.1,512,512,,D:\female\11\585_2.webp
586.png,OK,50.3,13.3,73.5,512,512,,D:\female\11\586.webp
587.png,OK,64.6,18.1,72.0,512,512,,D:\female\11\587.webp
587_1.png,OK,54.2,11.1,79.5,512,512,,D:\female\11\587_1.webp
588.png,OK,187.8,19.2,89.8,512,512,,D:\female\11\588.webp
588_1.png,OK,183.2,17.7,90.3,512,512,,D:\female\11\588_1.webp
589.png,OK,110.6,13.0,88.3,512,512,,D:\female\11\589.webp
589_1.png,OK,110.6,13.0,88.3,512,512,,D:\female\11\589_1.webp
589_2.png,OK,109.5,12.6,88.5,512,512,,D:\female\11\589_2.webp
589_3.png,OK,110.8,13.1,88.2,512,512,,D:\female\11\589_3.webp
58_1.png,OK,227.9,31.8,86.0,512,512,,D:\female\11\58_1.webp
58_2.png,OK,209.0,40.5,80.6,512,512,,D:\female\11\58_2.webp
58_3.png,OK,210.6,27.9,86.8,512,512,,D:\female\11\58_3.webp
58_4.png,OK,236.3,59.1,75.0,512,512,,D:\female\11\58_4.webp
58_5.png,OK,216.2,28.8,86.7,512,512,,D:\female\11\58_5.webp
58_6.png,OK,210.3,26.7,87.3,512,512,,D:\female\11\58_6.webp
58_7.png,OK,220.3,27.7,87.4,512,512,,D:\female\11\58_7.webp
58_8.png,OK,227.9,30.2,86.8,512,512,,D:\female\11\58_8.webp
59.png,OK,184.7,46.5,74.8,512,512,,D:\female\11\59.webp
59.png,OK,92.4,13.7,85.1,512,512,,D:\female\9\59.webp
590.png,OK,213.6,33.3,84.4,512,512,,D:\female\11\590.webp
590_1.png,OK,212.1,26.4,87.5,512,512,,D:\female\11\590_1.webp
591.png,OK,173.0,29.9,82.7,512,512,,D:\female\11\591.webp
592.png,OK,330.3,69.2,79.0,512,512,,D:\female\11\592.webp
592_1.png,OK,357.5,68.5,80.8,512,512,,D:\female\11\592_1.webp
593.png,OK,160.6,25.2,84.3,512,512,,D:\female\11\593.webp
593_1.png,OK,180.7,31.8,82.4,512,512,,D:\female\11\593_1.webp
594.png,OK,111.0,25.5,77.1,512,512,,D:\female\11\594.webp
594_1.png,OK,114.6,20.2,82.4,512,512,,D:\female\11\594_1.webp
595.png,OK,153.0,23.5,84.6,512,512,,D:\female\11\595.webp
595_1.png,OK,135.9,21.6,84.1,512,512,,D:\female\11\595_1.webp
596.png,OK,69.5,17.9,74.3,512,512,,D:\female\11\596.webp
596_1.png,OK,52.1,10.1,80.5,512,512,,D:\female\11\596_1.webp
596_2.png,OK,58.7,10.3,82.4,512,512,,D:\female\11\596_2.webp
597.png,OK,224.5,22.4,90.0,512,512,,D:\female\11\597.webp
597_1.png,OK,209.1,40.1,80.8,512,512,,D:\female\11\597_1.webp
597_2.png,OK,201.8,38.3,81.0,512,512,,D:\female\11\597_2.webp
597_3.png,OK,239.8,47.2,80.3,512,512,,D:\female\11\597_3.webp
598.png,OK,132.4,20.8,84.3,512,512,,D:\female\11\598.webp
598_1.png,OK,143.1,34.2,76.1,512,512,,D:\female\11\598_1.webp
599.png,OK,103.9,28.0,73.1,512,512,,D:\female\11\599.webp
599_1.png,OK,87.4,13.0,85.1,512,512,,D:\female\11\599_1.webp
599_2.png,OK,96.8,14.2,85.3,512,512,,D:\female\11\599_2.webp
59_1.png,OK,174.7,20.4,88.3,512,512,,D:\female\11\59_1.webp
59_2.png,OK,187.4,22.8,87.8,512,512,,D:\female\11\59_2.webp
59_3.png,OK,189.4,23.7,87.5,512,512,,D:\female\11\59_3.webp
5_1.png,OK,57.3,6.5,88.6,512,512,,D:\female\11\5_1.webp
5_1.png,OK,30.3,5.0,83.6,512,512,,D:\female\9\5_1.webp
5_10.png,OK,57.5,8.3,85.6,512,512,,D:\female\11\5_10.webp
5_11.png,OK,57.4,8.3,85.5,512,512,,D:\female\11\5_11.webp
5_12.png,OK,57.5,8.3,85.6,512,512,,D:\female\11\5_12.webp
5_13.png,OK,57.4,8.3,85.6,512,512,,D:\female\11\5_13.webp
5_14.png,OK,57.3,8.3,85.5,512,512,,D:\female\11\5_14.webp
5_15.png,OK,57.3,8.3,85.6,512,512,,D:\female\11\5_15.webp
5_2.png,OK,57.7,8.3,85.7,512,512,,D:\female\11\5_2.webp
5_2.png,OK,32.4,5.7,82.5,512,512,,D:\female\9\5_2.webp
5_3.png,OK,57.6,8.3,85.7,512,512,,D:\female\11\5_3.webp
5_3.png,OK,36.5,8.1,77.8,512,512,,D:\female\9\5_3.webp
5_4.png,OK,57.8,8.3,85.7,512,512,,D:\female\11\5_4.webp
5_4.png,OK,36.5,7.8,78.5,512,512,,D:\female\9\5_4.webp
5_5.png,OK,57.6,8.3,85.7,512,512,,D:\female\11\5_5.webp
5_6.png,OK,57.6,8.3,85.6,512,512,,D:\female\11\5_6.webp
5_7.png,OK,50.3,5.5,89.1,512,512,,D:\female\11\5_7.webp
5_8.png,OK,57.6,8.3,85.7,512,512,,D:\female\11\5_8.webp
5_9.png,OK,58.9,7.2,87.8,512,512,,D:\female\11\5_9.webp
6.png,OK,168.1,18.8,88.8,512,512,,D:\female\11\6.webp
6.png,OK,104.8,15.5,85.2,512,512,,D:\female\9\6.webp
60.png,OK,184.0,44.4,75.8,512,512,,D:\female\11\60.webp
60.png,OK,104.5,16.0,84.7,512,512,,D:\female\9\60.webp
600.png,OK,159.2,27.4,82.8,512,512,,D:\female\11\600.webp
600_1.png,OK,225.1,42.4,81.2,512,512,,D:\female\11\600_1.webp
600_2.png,OK,217.5,45.0,79.3,512,512,,D:\female\11\600_2.webp
601.png,OK,128.9,26.2,79.6,512,512,,D:\female\11\601.webp
601_1.png,OK,109.8,15.4,86.0,512,512,,D:\female\11\601_1.webp
602.png,OK,141.5,34.7,75.4,512,512,,D:\female\11\602.webp
602_1.png,OK,133.0,24.6,81.5,512,512,,D:\female\11\602_1.webp
603.png,OK,80.7,11.4,85.9,512,512,,D:\female\11\603.webp
603_1.png,OK,64.0,8.9,86.1,512,512,,D:\female\11\603_1.webp
604.png,OK,67.5,13.0,80.7,512,512,,D:\female\11\604.webp
605.png,OK,188.6,19.2,89.8,512,512,,D:\female\11\605.webp
605_1.png,OK,181.9,17.0,90.7,512,512,,D:\female\11\605_1.webp
605_10.png,OK,190.6,19.0,90.0,512,512,,D:\female\11\605_10.webp
605_2.png,OK,193.1,41.5,78.5,512,512,,D:\female\11\605_2.webp
605_3.png,OK,183.0,16.8,90.8,512,512,,D:\female\11\605_3.webp
605_4.png,OK,191.0,41.1,78.5,512,512,,D:\female\11\605_4.webp
605_5.png,OK,171.6,15.8,90.8,512,512,,D:\female\11\605_5.webp
605_6.png,OK,203.7,39.2,80.7,512,512,,D:\female\11\605_6.webp
605_7.png,OK,196.7,21.2,89.2,512,512,,D:\female\11\605_7.webp
605_8.png,OK,200.0,42.6,78.7,512,512,,D:\female\11\605_8.webp
605_9.png,OK,201.7,20.7,89.7,512,512,,D:\female\11\605_9.webp
606.png,OK,217.6,30.0,86.2,512,512,,D:\female\11\606.webp
606_1.png,OK,221.2,41.2,81.4,512,512,,D:\female\11\606_1.webp
606_2.png,OK,215.0,35.5,83.5,512,512,,D:\female\11\606_2.webp
606_3.png,OK,207.9,25.0,88.0,512,512,,D:\female\11\606_3.webp
606_4.png,OK,221.8,29.4,86.7,512,512,,D:\female\11\606_4.webp
607.png,OK,269.7,63.0,76.6,512,512,,D:\female\11\607.webp
607_1.png,OK,282.3,64.0,77.3,512,512,,D:\female\11\607_1.webp
608.png,OK,299.3,62.9,79.0,512,512,,D:\female\11\608.webp
608_1.png,OK,311.0,74.3,76.1,512,512,,D:\female\11\608_1.webp
609.png,OK,38.5,10.7,72.1,512,512,,D:\female\11\609.webp
609_1.png,OK,33.3,6.1,81.7,512,512,,D:\female\11\609_1.webp
609_2.png,OK,36.7,7.0,81.0,512,512,,D:\female\11\609_2.webp
60_1.png,OK,159.9,18.9,88.2,512,512,,D:\female\11\60_1.webp
60_2.png,OK,178.3,22.1,87.6,512,512,,D:\female\11\60_2.webp
60_3.png,OK,168.9,21.0,87.6,512,512,,D:\female\11\60_3.webp
61.png,OK,189.5,25.6,86.5,512,512,,D:\female\11\61.webp
61.png,OK,129.7,19.7,84.8,512,512,,D:\female\9\61.webp
610.png,OK,165.9,24.2,85.4,512,512,,D:\female\11\610.webp
611.png,OK,134.4,28.0,79.2,512,512,,D:\female\11\611.webp
611_1.png,OK,116.3,22.1,81.0,512,512,,D:\female\11\611_1.webp
612.png,OK,124.4,22.0,82.3,512,512,,D:\female\11\612.webp
612_1.png,OK,180.5,46.3,74.4,512,512,,D:\female\11\612_1.webp
612_2.png,OK,171.3,30.4,82.2,512,512,,D:\female\11\612_2.webp
612_3.png,OK,218.2,30.8,85.9,512,512,,D:\female\11\612_3.webp
613.png,OK,202.8,21.1,89.6,512,512,,D:\female\11\613.webp
613_1.png,OK,215.5,33.9,84.3,512,512,,D:\female\11\613_1.webp
614.png,OK,365.5,84.8,76.8,512,512,,D:\female\11\614.webp
614_1.png,OK,366.6,87.0,76.3,512,512,,D:\female\11\614_1.webp
615.png,OK,242.8,30.0,87.6,512,512,,D:\female\11\615.webp
615_1.png,OK,266.8,38.5,85.6,512,512,,D:\female\11\615_1.webp
615_2.png,OK,260.9,33.3,87.2,512,512,,D:\female\11\615_2.webp
615_3.png,OK,242.7,31.1,87.2,512,512,,D:\female\11\615_3.webp
615_4.png,OK,243.9,37.2,84.7,512,512,,D:\female\11\615_4.webp
615_5.png,OK,249.0,33.0,86.8,512,512,,D:\female\11\615_5.webp
615_6.png,OK,259.0,48.6,81.2,512,512,,D:\female\11\615_6.webp
615_7.png,OK,259.1,46.4,82.1,512,512,,D:\female\11\615_7.webp
616.png,OK,173.0,25.6,85.2,512,512,,D:\female\11\616.webp
616_1.png,OK,166.7,25.9,84.4,512,512,,D:\female\11\616_1.webp
617.png,OK,107.4,16.4,84.7,512,512,,D:\female\11\617.webp
617_1.png,OK,117.2,15.9,86.4,512,512,,D:\female\11\617_1.webp
617_2.png,OK,123.8,27.8,77.6,512,512,,D:\female\11\617_2.webp
618.png,OK,79.4,13.1,83.5,512,512,,D:\female\11\618.webp
618_1.png,OK,70.4,8.8,87.5,512,512,,D:\female\11\618_1.webp
619.png,OK,48.6,11.0,77.4,512,512,,D:\female\11\619.webp
619_1.png,OK,49.5,10.0,79.7,512,512,,D:\female\11\619_1.webp
61_1.png,OK,170.8,21.6,87.3,512,512,,D:\female\11\61_1.webp
61_2.png,OK,179.7,30.4,83.1,512,512,,D:\female\11\61_2.webp
61_3.png,OK,184.1,28.4,84.6,512,512,,D:\female\11\61_3.webp
62.png,OK,205.8,25.1,87.8,512,512,,D:\female\11\62.webp
62.png,OK,2.8,1.2,55.1,512,512,,D:\female\9\62.webp
620.png,OK,132.8,24.3,81.7,512,512,,D:\female\11\620.webp
620_1.png,OK,130.3,22.5,82.7,512,512,,D:\female\11\620_1.webp
621.png,OK,189.2,19.9,89.5,512,512,,D:\female\11\621.webp
622.png,OK,104.9,25.9,75.3,512,512,,D:\female\11\622.webp
622_1.png,OK,99.7,17.3,82.7,512,512,,D:\female\11\622_1.webp
622_2.png,OK,83.3,12.7,84.8,512,512,,D:\female\11\622_2.webp
622_3.png,OK,101.6,16.5,83.7,512,512,,D:\female\11\622_3.webp
623.png,OK,212.3,48.5,77.2,512,512,,D:\female\11\623.webp
623_1.png,OK,215.7,53.0,75.4,512,512,,D:\female\11\623_1.webp
624.png,OK,239.0,30.6,87.2,512,512,,D:\female\11\624.webp
624_1.png,OK,265.7,40.2,84.9,512,512,,D:\female\11\624_1.webp
625.png,OK,140.9,23.0,83.7,512,512,,D:\female\11\625.webp
625_1.png,OK,147.7,33.7,77.2,512,512,,D:\female\11\625_1.webp
626.png,OK,104.2,27.1,74.0,512,512,,D:\female\11\626.webp
626_1.png,OK,105.4,29.1,72.4,512,512,,D:\female\11\626_1.webp
627.png,OK,41.8,12.2,70.7,512,512,,D:\female\11\627.webp
627_1.png,OK,45.0,14.1,68.7,512,512,,D:\female\11\627_1.webp
628.png,OK,143.1,38.7,73.0,512,512,,D:\female\11\628.webp
628_1.png,OK,135.2,25.5,81.2,512,512,,D:\female\11\628_1.webp
629.png,OK,184.5,18.5,90.0,512,512,,D:\female\11\629.webp
62_1.png,OK,239.0,29.9,87.5,512,512,,D:\female\11\62_1.webp
62_2.png,OK,227.4,27.1,88.1,512,512,,D:\female\11\62_2.webp
62_3.png,OK,242.6,62.2,74.4,512,512,,D:\female\11\62_3.webp
62_4.png,OK,219.5,47.8,78.2,512,512,,D:\female\11\62_4.webp
62_5.png,OK,235.7,32.3,86.3,512,512,,D:\female\11\62_5.webp
63.png,OK,193.0,22.9,88.1,512,512,,D:\female\11\63.webp
63.png,OK,34.9,11.7,66.5,512,512,,D:\female\9\63.webp
630.png,OK,200.5,41.0,79.6,512,512,,D:\female\11\630.webp
630_1.png,OK,282.8,40.6,85.6,512,512,,D:\female\11\630_1.webp
630_2.png,OK,289.9,42.5,85.3,512,512,,D:\female\11\630_2.webp
630_3.png,OK,289.4,41.2,85.8,512,512,,D:\female\11\630_3.webp
631.png,OK,315.2,69.1,78.1,512,512,,D:\female\11\631.webp
631_1.png,OK,253.3,36.3,85.7,512,512,,D:\female\11\631_1.webp
631_2.png,OK,239.2,35.2,85.3,512,512,,D:\female\11\631_2.webp
632.png,OK,170.8,39.9,76.7,512,512,,D:\female\11\632.webp
632_1.png,OK,162.9,26.7,83.6,512,512,,D:\female\11\632_1.webp
633.png,OK,97.8,21.4,78.1,512,512,,D:\female\11\633.webp
633_1.png,OK,109.1,32.8,69.9,512,512,,D:\female\11\633_1.webp
634.png,OK,91.0,13.3,85.4,512,512,,D:\female\11\634.webp
635.png,OK,173.7,22.9,86.8,512,512,,D:\female\11\635.webp
635_1.png,OK,170.3,20.8,87.8,512,512,,D:\female\11\635_1.webp
636.png,OK,101.8,18.7,81.7,512,512,,D:\female\11\636.webp
636_1.png,OK,103.4,19.3,81.4,512,512,,D:\female\11\636_1.webp
637.png,OK,161.7,21.0,87.0,512,512,,D:\female\11\637.webp
638.png,OK,183.0,26.7,85.4,512,512,,D:\female\11\638.webp
638_1.png,OK,136.1,24.5,82.0,512,512,,D:\female\11\638_1.webp
638_2.png,OK,186.0,29.3,84.2,512,512,,D:\female\11\638_2.webp
638_3.png,OK,198.8,46.0,76.9,512,512,,D:\female\11\638_3.webp
638_4.png,OK,186.7,25.6,86.3,512,512,,D:\female\11\638_4.webp
639.png,OK,221.3,25.8,88.3,512,512,,D:\female\11\639.webp
639_1.png,OK,247.0,58.0,76.5,512,512,,D:\female\11\639_1.webp
639_2.png,OK,202.0,25.5,87.4,512,512,,D:\female\11\639_2.webp
63_1.png,OK,236.8,29.7,87.4,512,512,,D:\female\11\63_1.webp
63_1.png,OK,30.1,7.3,75.9,512,512,,D:\female\9\63_1.webp
63_2.png,OK,226.2,27.0,88.1,512,512,,D:\female\11\63_2.webp
63_2.png,OK,32.8,8.3,74.7,512,512,,D:\female\9\63_2.webp
63_3.png,OK,240.8,62.4,74.1,512,512,,D:\female\11\63_3.webp
63_3.png,OK,34.6,11.4,67.1,512,512,,D:\female\9\63_3.webp
63_4.png,OK,218.4,47.7,78.2,512,512,,D:\female\11\63_4.webp
63_4.png,OK,32.9,8.6,73.9,512,512,,D:\female\9\63_4.webp
63_5.png,OK,233.1,31.2,86.6,512,512,,D:\female\11\63_5.webp
64.png,OK,237.1,30.9,87.0,512,512,,D:\female\11\64.webp
64.png,OK,9.0,3.8,58.1,512,512,,D:\female\9\64.webp
640.png,OK,220.0,28.8,86.9,512,512,,D:\female\11\640.webp
640_1.png,OK,216.1,26.9,87.5,512,512,,D:\female\11\640_1.webp
640_2.png,OK,231.3,33.0,85.7,512,512,,D:\female\11\640_2.webp
641.png,OK,144.9,21.1,85.4,512,512,,D:\female\11\641.webp
641_1.png,OK,125.9,21.7,82.8,512,512,,D:\female\11\641_1.webp
642.png,OK,104.4,15.7,84.9,512,512,,D:\female\11\642.webp
642_1.png,OK,118.6,16.0,86.6,512,512,,D:\female\11\642_1.webp
643.png,OK,208.8,45.2,78.4,512,512,,D:\female\11\643.webp
643_1.png,OK,200.6,52.3,73.9,512,512,,D:\female\11\643_1.webp
643_2.png,OK,182.1,32.0,82.4,512,512,,D:\female\11\643_2.webp
643_3.png,OK,159.0,30.4,80.9,512,512,,D:\female\11\643_3.webp
644.png,OK,161.4,37.2,77.0,512,512,,D:\female\11\644.webp
644_1.png,OK,146.7,20.9,85.8,512,512,,D:\female\11\644_1.webp
645.png,OK,142.8,18.0,87.4,512,512,,D:\female\11\645.webp
645_1.png,OK,143.0,17.4,87.8,512,512,,D:\female\11\645_1.webp
645_2.png,OK,150.4,33.9,77.5,512,512,,D:\female\11\645_2.webp
646.png,OK,111.4,18.5,83.4,512,512,,D:\female\11\646.webp
646_1.png,OK,114.5,28.7,74.9,512,512,,D:\female\11\646_1.webp
646_2.png,OK,110.5,19.7,82.2,512,512,,D:\female\11\646_2.webp
646_3.png,OK,109.7,19.1,82.6,512,512,,D:\female\11\646_3.webp
646_4.png,OK,88.0,14.2,83.9,512,512,,D:\female\11\646_4.webp
647.png,OK,206.1,44.6,78.4,512,512,,D:\female\11\647.webp
647_1.png,OK,206.4,47.8,76.9,512,512,,D:\female\11\647_1.webp
648.png,OK,223.9,43.7,80.5,512,512,,D:\female\11\648.webp
648_1.png,OK,247.7,47.0,81.0,512,512,,D:\female\11\648_1.webp
649.png,OK,42.8,9.2,78.5,512,512,,D:\female\11\649.webp
649_1.png,OK,42.2,9.0,78.6,512,512,,D:\female\11\649_1.webp
64_1.png,OK,212.7,24.4,88.5,512,512,,D:\female\11\64_1.webp
64_1.png,OK,9.6,4.2,56.3,512,512,,D:\female\9\64_1.webp
64_2.png,OK,246.8,33.1,86.6,512,512,,D:\female\11\64_2.webp
64_3.png,OK,265.8,40.1,84.9,512,512,,D:\female\11\64_3.webp
64_4.png,OK,239.9,31.5,86.9,512,512,,D:\female\11\64_4.webp
65.png,OK,242.8,56.0,76.9,512,512,,D:\female\11\65.webp
65.png,OK,9.2,3.9,57.5,512,512,,D:\female\9\65.webp
650.png,OK,120.6,18.4,84.8,512,512,,D:\female\11\650.webp
650_1.png,OK,115.6,16.1,86.1,512,512,,D:\female\11\650_1.webp
650_2.png,OK,125.5,29.4,76.6,512,512,,D:\female\11\650_2.webp
651.png,OK,66.7,17.5,73.8,512,512,,D:\female\11\651.webp
651_1.png,OK,63.6,16.9,73.4,512,512,,D:\female\11\651_1.webp
651_2.png,OK,70.0,22.8,67.4,512,512,,D:\female\11\651_2.webp
651_3.png,OK,70.6,23.2,67.2,512,512,,D:\female\11\651_3.webp
652.png,OK,93.1,17.7,81.0,512,512,,D:\female\11\652.webp
652_1.png,OK,92.9,18.4,80.2,512,512,,D:\female\11\652_1.webp
652_2.png,OK,94.2,25.0,73.4,512,512,,D:\female\11\652_2.webp
653.png,OK,181.0,23.5,87.0,512,512,,D:\female\11\653.webp
653_1.png,OK,181.5,23.1,87.3,512,512,,D:\female\11\653_1.webp
653_2.png,OK,190.6,43.1,77.4,512,512,,D:\female\11\653_2.webp
654.png,OK,145.6,28.1,80.7,512,512,,D:\female\11\654.webp
654_1.png,OK,155.8,33.8,78.3,512,512,,D:\female\11\654_1.webp
654_2.png,OK,166.0,35.3,78.7,512,512,,D:\female\11\654_2.webp
654_3.png,OK,172.8,54.3,68.6,512,512,,D:\female\11\654_3.webp
655.png,OK,243.9,29.8,87.8,512,512,,D:\female\11\655.webp
655_1.png,OK,253.0,37.0,85.4,512,512,,D:\female\11\655_1.webp
655_2.png,OK,300.7,74.7,75.1,512,512,,D:\female\11\655_2.webp
656.png,OK,197.6,32.5,83.5,512,512,,D:\female\11\656.webp
656_1.png,OK,280.3,79.8,71.5,512,512,,D:\female\11\656_1.webp
657.png,OK,173.6,26.3,84.9,512,512,,D:\female\11\657.webp
657_1.png,OK,171.5,26.6,84.5,512,512,,D:\female\11\657_1.webp
658.png,OK,90.5,13.7,84.9,512,512,,D:\female\11\658.webp
658_1.png,OK,87.7,13.2,84.9,512,512,,D:\female\11\658_1.webp
659.png,OK,121.4,22.6,81.4,512,512,,D:\female\11\659.webp
659_1.png,OK,102.5,22.0,78.5,512,512,,D:\female\11\659_1.webp
659_2.png,OK,128.1,27.9,78.2,512,512,,D:\female\11\659_2.webp
659_3.png,OK,125.2,32.4,74.1,512,512,,D:\female\11\659_3.webp
659_4.png,OK,121.7,24.1,80.2,512,512,,D:\female\11\659_4.webp
65_1.png,OK,277.0,50.4,81.8,512,512,,D:\female\11\65_1.webp
65_1.png,OK,8.8,3.6,59.5,512,512,,D:\female\9\65_1.webp
65_10.png,OK,260.3,47.0,81.9,512,512,,D:\female\11\65_10.webp
65_11.png,OK,251.1,42.6,83.0,512,512,,D:\female\11\65_11.webp
65_2.png,OK,277.0,49.4,82.2,512,512,,D:\female\11\65_2.webp
65_2.png,OK,7.0,2.8,60.3,512,512,,D:\female\9\65_2.webp
65_3.png,OK,254.7,44.1,82.7,512,512,,D:\female\11\65_3.webp
65_4.png,OK,254.8,40.8,84.0,512,512,,D:\female\11\65_4.webp
65_5.png,OK,246.1,43.1,82.5,512,512,,D:\female\11\65_5.webp
65_6.png,OK,296.6,59.8,79.8,512,512,,D:\female\11\65_6.webp
65_7.png,OK,237.3,52.6,77.9,512,512,,D:\female\11\65_7.webp
65_8.png,OK,248.8,43.0,82.7,512,512,,D:\female\11\65_8.webp
65_9.png,OK,249.6,40.5,83.8,512,512,,D:\female\11\65_9.webp
66.png,OK,211.6,32.8,84.5,512,512,,D:\female\11\66.webp
66.png,OK,9.7,3.5,63.4,512,512,,D:\female\9\66.webp
660.png,OK,96.3,32.8,65.9,512,512,,D:\female\11\660.webp
660_1.png,OK,89.0,25.3,71.6,512,512,,D:\female\11\660_1.webp
661.png,OK,178.7,24.7,86.2,512,512,,D:\female\11\661.webp
661_1.png,OK,181.2,23.6,87.0,512,512,,D:\female\11\661_1.webp
661_2.png,OK,190.2,43.0,77.4,512,512,,D:\female\11\661_2.webp
662.png,OK,264.1,64.7,75.5,512,512,,D:\female\11\662.webp
662_1.png,OK,199.0,41.5,79.2,512,512,,D:\female\11\662_1.webp
663.png,OK,149.5,29.7,80.2,512,512,,D:\female\11\663.webp
664.png,OK,172.0,46.0,73.3,512,512,,D:\female\11\664.webp
664_1.png,OK,167.5,42.4,74.7,512,512,,D:\female\11\664_1.webp
665.png,OK,134.4,19.4,85.5,512,512,,D:\female\11\665.webp
666.png,OK,36.6,8.0,78.2,512,512,,D:\female\11\666.webp
666_1.png,OK,33.8,7.5,77.8,512,512,,D:\female\11\666_1.webp
666_2.png,OK,35.9,7.2,80.0,512,512,,D:\female\11\666_2.webp
667.png,OK,156.6,24.1,84.6,512,512,,D:\female\11\667.webp
667_1.png,OK,174.7,28.1,83.9,512,512,,D:\female\11\667_1.webp
667_2.png,OK,160.4,34.7,78.4,512,512,,D:\female\11\667_2.webp
667_3.png,OK,170.2,29.5,82.7,512,512,,D:\female\11\667_3.webp
668.png,OK,74.7,14.1,81.1,512,512,,D:\female\11\668.webp
668_1.png,OK,71.0,19.7,72.3,512,512,,D:\female\11\668_1.webp
668_2.png,OK,67.1,11.3,83.1,512,512,,D:\female\11\668_2.webp
668_3.png,OK,67.5,12.2,81.9,512,512,,D:\female\11\668_3.webp
669.png,OK,208.9,19.5,90.7,512,512,,D:\female\11\669.webp
669_1.png,OK,214.8,20.8,90.3,512,512,,D:\female\11\669_1.webp
66_1.png,OK,211.6,29.9,85.9,512,512,,D:\female\11\66_1.webp
66_2.png,OK,216.7,52.3,75.9,512,512,,D:\female\11\66_2.webp
66_3.png,OK,208.6,28.5,86.3,512,512,,D:\female\11\66_3.webp
67.png,OK,200.1,31.3,84.4,512,512,,D:\female\11\67.webp
67.png,OK,2.7,1.2,53.5,512,512,,D:\female\9\67.webp
670.png,OK,187.9,34.7,81.5,512,512,,D:\female\11\670.webp
670_1.png,OK,186.1,28.8,84.5,512,512,,D:\female\11\670_1.webp
670_2.png,OK,160.2,27.3,83.0,512,512,,D:\female\11\670_2.webp
670_3.png,OK,189.0,26.8,85.8,512,512,,D:\female\11\670_3.webp
670_4.png,OK,172.4,24.8,85.6,512,512,,D:\female\11\670_4.webp
671.png,OK,176.7,46.8,73.5,512,512,,D:\female\11\671.webp
671_1.png,OK,161.5,28.9,82.1,512,512,,D:\female\11\671_1.webp
671_2.png,OK,143.7,18.4,87.2,512,512,,D:\female\11\671_2.webp
672.png,OK,175.6,31.6,82.0,512,512,,D:\female\11\672.webp
672_1.png,OK,174.0,30.8,82.3,512,512,,D:\female\11\672_1.webp
673.png,OK,51.4,11.9,76.8,512,512,,D:\female\11\673.webp
673_1.png,OK,47.3,10.8,77.1,512,512,,D:\female\11\673_1.webp
674.png,OK,80.5,13.3,83.4,512,512,,D:\female\11\674.webp
674_1.png,OK,88.1,23.3,73.6,512,512,,D:\female\11\674_1.webp
674_2.png,OK,92.8,25.1,72.9,512,512,,D:\female\11\674_2.webp
674_3.png,OK,46.7,11.7,75.0,512,512,,D:\female\11\674_3.webp
674_4.png,OK,64.3,10.2,84.2,512,512,,D:\female\11\674_4.webp
675.png,OK,160.9,43.7,72.9,512,512,,D:\female\11\675.webp
675_1.png,OK,149.9,37.7,74.9,512,512,,D:\female\11\675_1.webp
675_2.png,OK,152.8,39.0,74.5,512,512,,D:\female\11\675_2.webp
675_3.png,OK,122.4,23.8,80.5,512,512,,D:\female\11\675_3.webp
676.png,OK,64.2,12.4,80.7,512,512,,D:\female\11\676.webp
676_1.png,OK,56.4,10.8,80.8,512,512,,D:\female\11\676_1.webp
677.png,OK,142.8,18.9,86.8,512,512,,D:\female\11\677.webp
677_1.png,OK,143.3,19.2,86.6,512,512,,D:\female\11\677_1.webp
677_2.png,OK,143.2,19.3,86.5,512,512,,D:\female\11\677_2.webp
678.png,OK,204.2,25.9,87.3,512,512,,D:\female\11\678.webp
678_1.png,OK,220.4,28.9,86.9,512,512,,D:\female\11\678_1.webp
678_2.png,OK,165.5,26.0,84.3,512,512,,D:\female\11\678_2.webp
678_3.png,OK,209.4,26.8,87.2,512,512,,D:\female\11\678_3.webp
678_4.png,OK,235.3,51.4,78.2,512,512,,D:\female\11\678_4.webp
679.png,OK,115.7,22.4,80.6,512,512,,D:\female\11\679.webp
679_1.png,OK,119.9,20.1,83.2,512,512,,D:\female\11\679_1.webp
679_2.png,OK,98.9,30.8,68.9,512,512,,D:\female\11\679_2.webp
67_1.png,OK,2.7,1.2,54.7,512,512,,D:\female\9\67_1.webp
68.png,OK,175.6,28.5,83.8,512,512,,D:\female\11\68.webp
68.png,OK,10.6,3.8,64.6,512,512,,D:\female\9\68.webp
680.png,OK,284.9,44.1,84.5,512,512,,D:\female\11\680.webp
680_1.png,OK,243.6,33.1,86.4,512,512,,D:\female\11\680_1.webp
681.png,OK,59.0,17.2,70.8,512,512,,D:\female\11\681.webp
681_1.png,OK,57.2,11.8,79.3,512,512,,D:\female\11\681_1.webp
682.png,OK,85.1,13.1,84.6,512,512,,D:\female\11\682.webp
682_1.png,OK,74.8,13.7,81.7,512,512,,D:\female\11\682_1.webp
683.png,OK,127.9,31.5,75.3,512,512,,D:\female\11\683.webp
683_1.png,OK,118.3,23.1,80.5,512,512,,D:\female\11\683_1.webp
683_2.png,OK,121.2,22.2,81.6,512,512,,D:\female\11\683_2.webp
683_3.png,OK,122.4,24.5,80.0,512,512,,D:\female\11\683_3.webp
683_4.png,OK,119.3,22.2,81.4,512,512,,D:\female\11\683_4.webp
683_5.png,OK,120.8,23.1,80.9,512,512,,D:\female\11\683_5.webp
684.png,OK,140.9,23.0,83.7,512,512,,D:\female\11\684.webp
684_1.png,OK,174.2,43.1,75.3,512,512,,D:\female\11\684_1.webp
685.png,OK,176.6,23.3,86.8,512,512,,D:\female\11\685.webp
685_1.png,OK,181.6,24.5,86.5,512,512,,D:\female\11\685_1.webp
685_2.png,OK,183.0,25.3,86.2,512,512,,D:\female\11\685_2.webp
686.png,OK,264.4,51.1,80.7,512,512,,D:\female\11\686.webp
686_1.png,OK,290.1,79.3,72.7,512,512,,D:\female\11\686_1.webp
686_2.png,OK,243.2,57.0,76.6,512,512,,D:\female\11\686_2.webp
686_3.png,OK,227.3,35.4,84.4,512,512,,D:\female\11\686_3.webp
686_4.png,OK,258.1,56.7,78.0,512,512,,D:\female\11\686_4.webp
687.png,OK,130.3,35.8,72.5,512,512,,D:\female\11\687.webp
688.png,OK,166.1,23.3,86.0,512,512,,D:\female\11\688.webp
688_1.png,OK,137.8,25.0,81.9,512,512,,D:\female\11\688_1.webp
689.png,OK,75.3,13.8,81.6,512,512,,D:\female\11\689.webp
689_1.png,OK,94.5,25.4,73.1,512,512,,D:\female\11\689_1.webp
68_1.png,OK,180.0,30.0,83.3,512,512,,D:\female\11\68_1.webp
68_10.png,OK,188.0,37.2,80.2,512,512,,D:\female\11\68_10.webp
68_11.png,OK,205.2,51.1,75.1,512,512,,D:\female\11\68_11.webp
68_12.png,OK,203.2,50.1,75.3,512,512,,D:\female\11\68_12.webp
68_13.png,OK,148.4,34.4,76.8,512,512,,D:\female\11\68_13.webp
68_14.png,OK,204.8,51.8,74.7,512,512,,D:\female\11\68_14.webp
68_15.png,OK,206.0,48.0,76.7,512,512,,D:\female\11\68_15.webp
68_16.png,OK,131.4,14.2,89.2,512,512,,D:\female\11\68_16.webp
68_17.png,OK,211.6,58.8,72.2,512,512,,D:\female\11\68_17.webp
68_18.png,OK,219.9,64.2,70.8,512,512,,D:\female\11\68_18.webp
68_19.png,OK,206.3,51.8,74.9,512,512,,D:\female\11\68_19.webp
68_2.png,OK,190.7,33.0,82.7,512,512,,D:\female\11\68_2.webp
68_3.png,OK,205.8,50.7,75.3,512,512,,D:\female\11\68_3.webp
68_4.png,OK,151.7,19.8,87.0,512,512,,D:\female\11\68_4.webp
68_5.png,OK,219.4,48.5,77.9,512,512,,D:\female\11\68_5.webp
68_6.png,OK,223.0,49.7,77.7,512,512,,D:\female\11\68_6.webp
68_7.png,OK,230.0,46.2,79.9,512,512,,D:\female\11\68_7.webp
68_8.png,OK,225.3,44.4,80.3,512,512,,D:\female\11\68_8.webp
68_9.png,OK,196.5,49.4,74.8,512,512,,D:\female\11\68_9.webp
69.png,OK,230.8,41.3,82.1,512,512,,D:\female\11\69.webp
69.png,OK,13.0,5.1,60.8,512,512,,D:\female\9\69.webp
690.png,OK,148.9,27.1,81.8,512,512,,D:\female\11\690.webp
690_1.png,OK,152.8,27.5,82.0,512,512,,D:\female\11\690_1.webp
691.png,OK,75.7,17.9,76.4,512,512,,D:\female\11\691.webp
691_1.png,OK,86.5,23.8,72.5,512,512,,D:\female\11\691_1.webp
691_2.png,OK,78.0,16.3,79.0,512,512,,D:\female\11\691_2.webp
692.png,OK,257.8,49.9,80.6,512,512,,D:\female\11\692.webp
693.png,OK,60.8,8.8,85.6,512,512,,D:\female\11\693.webp
693_1.png,OK,90.3,12.2,86.5,512,512,,D:\female\11\693_1.webp
694.png,OK,236.3,41.2,82.6,512,512,,D:\female\11\694.webp
694_1.png,OK,231.1,35.4,84.7,512,512,,D:\female\11\694_1.webp
694_2.png,OK,216.1,40.2,81.4,512,512,,D:\female\11\694_2.webp
694_3.png,OK,262.8,64.1,75.6,512,512,,D:\female\11\694_3.webp
694_4.png,OK,212.1,29.2,86.2,512,512,,D:\female\11\694_4.webp
695.png,OK,140.6,40.2,71.4,512,512,,D:\female\11\695.webp
695_1.png,OK,115.3,24.4,78.8,512,512,,D:\female\11\695_1.webp
695_2.png,OK,131.3,26.9,79.5,512,512,,D:\female\11\695_2.webp
696.png,OK,339.2,76.3,77.5,512,512,,D:\female\11\696.webp
696_1.png,OK,303.2,44.5,85.3,512,512,,D:\female\11\696_1.webp
697.png,OK,113.7,28.4,75.0,512,512,,D:\female\11\697.webp
697_1.png,OK,110.8,21.3,80.8,512,512,,D:\female\11\697_1.webp
698.png,OK,144.3,22.4,84.5,512,512,,D:\female\11\698.webp
698_1.png,OK,147.1,30.7,79.1,512,512,,D:\female\11\698_1.webp
699.png,OK,149.7,45.4,69.6,512,512,,D:\female\11\699.webp
699_1.png,OK,152.0,35.3,76.8,512,512,,D:\female\11\699_1.webp
699_2.png,OK,160.9,29.6,81.6,512,512,,D:\female\11\699_2.webp
699_3.png,OK,178.3,48.3,72.9,512,512,,D:\female\11\699_3.webp
69_1.png,OK,13.0,4.6,64.7,512,512,,D:\female\9\69_1.webp
69_2.png,OK,11.4,3.8,66.6,512,512,,D:\female\9\69_2.webp
6_1.png,OK,166.7,18.0,89.2,512,512,,D:\female\11\6_1.webp
6_1.png,OK,90.1,10.5,88.4,512,512,,D:\female\9\6_1.webp
6_10.png,OK,178.5,22.0,87.7,512,512,,D:\female\11\6_10.webp
6_11.png,OK,178.3,21.9,87.7,512,512,,D:\female\11\6_11.webp
6_12.png,OK,177.8,21.7,87.8,512,512,,D:\female\11\6_12.webp
6_13.png,OK,177.7,22.0,87.6,512,512,,D:\female\11\6_13.webp
6_14.png,OK,177.1,21.9,87.7,512,512,,D:\female\11\6_14.webp
6_15.png,OK,177.0,21.9,87.6,512,512,,D:\female\11\6_15.webp
6_2.png,OK,159.8,17.2,89.2,512,512,,D:\female\11\6_2.webp
6_2.png,OK,99.1,13.8,86.1,512,512,,D:\female\9\6_2.webp
6_3.png,OK,180.2,22.0,87.8,512,512,,D:\female\11\6_3.webp
6_3.png,OK,113.9,20.2,82.3,512,512,,D:\female\9\6_3.webp
6_4.png,OK,152.6,15.6,89.8,512,512,,D:\female\11\6_4.webp
6_4.png,OK,114.0,19.8,82.6,512,512,,D:\female\9\6_4.webp
6_5.png,OK,179.7,21.8,87.9,512,512,,D:\female\11\6_5.webp
6_6.png,OK,179.5,21.9,87.8,512,512,,D:\female\11\6_6.webp
6_7.png,OK,179.3,21.9,87.8,512,512,,D:\female\11\6_7.webp
6_8.png,OK,178.8,21.9,87.8,512,512,,D:\female\11\6_8.webp
6_9.png,OK,178.7,21.9,87.8,512,512,,D:\female\11\6_9.webp
7.png,OK,164.0,15.3,90.7,512,512,,D:\female\11\7.webp
7.png,OK,95.2,13.9,85.4,512,512,,D:\female\9\7.webp
70.png,OK,245.5,31.5,87.2,512,512,,D:\female\11\70.webp
70.png,OK,77.0,8.4,89.0,512,512,,D:\female\9\70.webp
700.png,OK,73.5,16.6,77.3,512,512,,D:\female\11\700.webp
700_1.png,OK,76.3,18.0,76.4,512,512,,D:\female\11\700_1.webp
701.png,OK,201.8,21.1,89.5,512,512,,D:\female\11\701.webp
702.png,OK,228.1,32.0,86.0,512,512,,D:\female\11\702.webp
702_1.png,OK,248.8,45.4,81.7,512,512,,D:\female\11\702_1.webp
703.png,OK,262.2,53.0,79.8,512,512,,D:\female\11\703.webp
703_1.png,OK,249.4,42.9,82.8,512,512,,D:\female\11\703_1.webp
703_2.png,OK,228.3,39.5,82.7,512,512,,D:\female\11\703_2.webp
704.png,OK,74.1,9.7,87.0,512,512,,D:\female\11\704.webp
704_1.png,OK,72.9,12.2,83.3,512,512,,D:\female\11\704_1.webp
704_2.png,OK,81.8,20.1,75.4,512,512,,D:\female\11\704_2.webp
705.png,OK,273.3,41.2,84.9,512,512,,D:\female\11\705.webp
705_1.png,OK,272.6,42.6,84.4,512,512,,D:\female\11\705_1.webp
705_2.png,OK,279.7,47.9,82.9,512,512,,D:\female\11\705_2.webp
705_3.png,OK,281.0,43.9,84.4,512,512,,D:\female\11\705_3.webp
705_4.png,OK,284.6,46.1,83.8,512,512,,D:\female\11\705_4.webp
705_5.png,OK,298.3,72.4,75.7,512,512,,D:\female\11\705_5.webp
705_6.png,OK,299.2,70.1,76.6,512,512,,D:\female\11\705_6.webp
705_7.png,OK,295.5,69.7,76.4,512,512,,D:\female\11\705_7.webp
706.png,OK,63.8,19.6,69.2,512,512,,D:\female\11\706.webp
706_1.png,OK,73.1,26.4,63.9,512,512,,D:\female\11\706_1.webp
706_2.png,OK,70.5,23.6,66.5,512,512,,D:\female\11\706_2.webp
706_3.png,OK,72.0,26.6,63.0,512,512,,D:\female\11\706_3.webp
706_4.png,OK,68.1,21.7,68.2,512,512,,D:\female\11\706_4.webp
707.png,OK,101.4,26.7,73.6,512,512,,D:\female\11\707.webp
707_1.png,OK,80.4,11.9,85.2,512,512,,D:\female\11\707_1.webp
707_2.png,OK,90.0,17.9,80.1,512,512,,D:\female\11\707_2.webp
708.png,OK,150.7,16.2,89.2,512,512,,D:\female\11\708.webp
708_1.png,OK,191.7,27.0,85.9,512,512,,D:\female\11\708_1.webp
708_2.png,OK,174.6,23.4,86.6,512,512,,D:\female\11\708_2.webp
709.png,OK,216.7,45.1,79.2,512,512,,D:\female\11\709.webp
709_1.png,OK,175.9,29.8,83.1,512,512,,D:\female\11\709_1.webp
70_1.png,OK,221.4,28.6,87.1,512,512,,D:\female\11\70_1.webp
70_2.png,OK,248.7,32.4,87.0,512,512,,D:\female\11\70_2.webp
70_3.png,OK,269.7,39.7,85.3,512,512,,D:\female\11\70_3.webp
70_4.png,OK,247.9,31.4,87.3,512,512,,D:\female\11\70_4.webp
71.png,OK,305.7,69.0,77.4,512,512,,D:\female\11\71.webp
71.png,OK,36.8,16.3,55.7,512,512,,D:\female\9\71.webp
710.png,OK,138.1,28.9,79.1,512,512,,D:\female\11\710.webp
710_1.png,OK,151.2,33.0,78.2,512,512,,D:\female\11\710_1.webp
711.png,OK,176.1,25.7,85.4,512,512,,D:\female\11\711.webp
711_1.png,OK,217.2,45.2,79.2,512,512,,D:\female\11\711_1.webp
711_2.png,OK,223.2,42.7,80.9,512,512,,D:\female\11\711_2.webp
712.png,OK,41.3,8.5,79.4,512,512,,D:\female\11\712.webp
712_1.png,OK,45.9,9.6,79.1,512,512,,D:\female\11\712_1.webp
712_2.png,OK,42.0,11.4,72.8,512,512,,D:\female\11\712_2.webp
713.png,OK,170.1,26.0,84.7,512,512,,D:\female\11\713.webp
714.png,OK,70.9,12.0,83.0,512,512,,D:\female\11\714.webp
714_1.png,OK,66.8,14.9,77.6,512,512,,D:\female\11\714_1.webp
715.png,OK,152.3,17.0,88.8,512,512,,D:\female\11\715.webp
715_1.png,OK,186.9,27.4,85.4,512,512,,D:\female\11\715_1.webp
715_2.png,OK,170.8,24.1,85.9,512,512,,D:\female\11\715_2.webp
716.png,OK,183.5,54.9,70.1,512,512,,D:\female\11\716.webp
716_1.png,OK,182.6,52.8,71.1,512,512,,D:\female\11\716_1.webp
716_2.png,OK,179.0,50.8,71.6,512,512,,D:\female\11\716_2.webp
716_3.png,OK,181.8,53.8,70.4,512,512,,D:\female\11\716_3.webp
716_4.png,OK,177.5,48.9,72.5,512,512,,D:\female\11\716_4.webp
717.png,OK,370.2,56.6,84.7,512,512,,D:\female\11\717.webp
717_1.png,OK,369.1,57.2,84.5,512,512,,D:\female\11\717_1.webp
718.png,OK,303.1,40.3,86.7,512,512,,D:\female\11\718.webp
718_1.png,OK,297.5,43.1,85.5,512,512,,D:\female\11\718_1.webp
718_2.png,OK,288.9,42.5,85.3,512,512,,D:\female\11\718_2.webp
719.png,OK,79.6,19.0,76.1,512,512,,D:\female\11\719.webp
71_1.png,OK,311.7,77.8,75.0,512,512,,D:\female\11\71_1.webp
71_1.png,OK,38.4,17.5,54.5,512,512,,D:\female\9\71_1.webp
71_10.png,OK,257.6,44.4,82.8,512,512,,D:\female\11\71_10.webp
71_11.png,OK,261.6,48.3,81.5,512,512,,D:\female\11\71_11.webp
71_12.png,OK,246.1,51.9,78.9,512,512,,D:\female\11\71_12.webp
71_13.png,OK,253.2,43.6,82.8,512,512,,D:\female\11\71_13.webp
71_14.png,OK,249.0,55.4,77.7,512,512,,D:\female\11\71_14.webp
71_15.png,OK,296.4,73.6,75.2,512,512,,D:\female\11\71_15.webp
71_2.png,OK,315.0,74.8,76.2,512,512,,D:\female\11\71_2.webp
71_3.png,OK,297.8,62.9,78.9,512,512,,D:\female\11\71_3.webp
71_4.png,OK,276.6,50.8,81.6,512,512,,D:\female\11\71_4.webp
71_5.png,OK,308.0,61.8,79.9,512,512,,D:\female\11\71_5.webp
71_6.png,OK,259.4,44.2,83.0,512,512,,D:\female\11\71_6.webp
71_7.png,OK,264.0,48.5,81.6,512,512,,D:\female\11\71_7.webp
71_8.png,OK,259.2,47.0,81.9,512,512,,D:\female\11\71_8.webp
71_9.png,OK,268.4,52.1,80.6,512,512,,D:\female\11\71_9.webp
72.png,OK,242.9,30.7,87.4,512,512,,D:\female\11\72.webp
72.png,OK,10.6,4.0,62.4,512,512,,D:\female\9\72.webp
720.png,OK,128.3,34.1,73.4,512,512,,D:\female\11\720.webp
720_1.png,OK,113.8,18.7,83.6,512,512,,D:\female\11\720_1.webp
721.png,OK,204.7,29.6,85.5,512,512,,D:\female\11\721.webp
721_1.png,OK,244.2,42.6,82.6,512,512,,D:\female\11\721_1.webp
721_2.png,OK,243.6,61.4,74.8,512,512,,D:\female\11\721_2.webp
721_3.png,OK,250.8,56.0,77.7,512,512,,D:\female\11\721_3.webp
721_4.png,OK,236.5,28.7,87.9,512,512,,D:\female\11\721_4.webp
722.png,OK,145.0,30.4,79.0,512,512,,D:\female\11\722.webp
722_1.png,OK,144.8,36.9,74.5,512,512,,D:\female\11\722_1.webp
723.png,OK,79.1,10.3,87.0,512,512,,D:\female\11\723.webp
723_1.png,OK,98.4,12.6,87.2,512,512,,D:\female\11\723_1.webp
724.png,OK,236.1,34.2,85.5,512,512,,D:\female\11\724.webp
724_1.png,OK,271.7,60.1,77.9,512,512,,D:\female\11\724_1.webp
725.png,OK,88.3,16.5,81.3,512,512,,D:\female\11\725.webp
725_1.png,OK,99.5,21.8,78.1,512,512,,D:\female\11\725_1.webp
725_2.png,OK,91.4,24.6,73.1,512,512,,D:\female\11\725_2.webp
726.png,OK,140.2,22.0,84.3,512,512,,D:\female\11\726.webp
726_1.png,OK,154.6,34.9,77.4,512,512,,D:\female\11\726_1.webp
727.png,OK,77.0,13.3,82.7,512,512,,D:\female\11\727.webp
727_1.png,OK,80.5,15.8,80.4,512,512,,D:\female\11\727_1.webp
728.png,OK,128.4,30.7,76.1,512,512,,D:\female\11\728.webp
728_1.png,OK,123.0,18.3,85.1,512,512,,D:\female\11\728_1.webp
728_2.png,OK,110.3,22.1,80.0,512,512,,D:\female\11\728_2.webp
729.png,OK,2.6,1.2,52.6,512,512,,D:\female\11\729.webp
729_1.png,OK,2.4,1.2,49.9,512,512,,D:\female\11\729_1.webp
729_2.png,OK,2.6,1.3,48.7,512,512,,D:\female\11\729_2.webp
729_3.png,OK,2.5,1.3,48.7,512,512,,D:\female\11\729_3.webp
729_4.png,OK,2.2,1.1,53.2,512,512,,D:\female\11\729_4.webp
729_5.png,OK,2.3,1.1,51.6,512,512,,D:\female\11\729_5.webp
729_6.png,OK,2.2,1.1,50.5,512,512,,D:\female\11\729_6.webp
729_7.png,OK,2.3,1.1,50.7,512,512,,D:\female\11\729_7.webp
72_1.png,OK,10.1,3.3,67.4,512,512,,D:\female\9\72_1.webp
73.png,OK,121.6,13.2,89.1,512,512,,D:\female\11\73.webp
73.png,OK,2.7,1.2,55.4,512,512,,D:\female\9\73.webp
730.png,OK,163.5,30.4,81.4,512,512,,D:\female\11\730.webp
731.png,OK,83.6,10.4,87.6,512,512,,D:\female\11\731.webp
731_1.png,OK,114.0,15.4,86.5,512,512,,D:\female\11\731_1.webp
731_2.png,OK,100.9,13.9,86.3,512,512,,D:\female\11\731_2.webp
732.png,OK,295.0,39.9,86.5,512,512,,D:\female\11\732.webp
732_1.png,OK,305.7,46.5,84.8,512,512,,D:\female\11\732_1.webp
732_2.png,OK,305.5,66.7,78.2,512,512,,D:\female\11\732_2.webp
732_3.png,OK,305.6,68.7,77.5,512,512,,D:\female\11\732_3.webp
733.png,OK,281.2,49.3,82.5,512,512,,D:\female\11\733.webp
733_1.png,OK,288.4,44.9,84.4,512,512,,D:\female\11\733_1.webp
734.png,OK,173.0,20.3,88.3,512,512,,D:\female\11\734.webp
734_1.png,OK,130.2,20.3,84.4,512,512,,D:\female\11\734_1.webp
735.png,OK,111.1,21.1,81.0,512,512,,D:\female\11\735.webp
735_1.png,OK,107.7,16.0,85.1,512,512,,D:\female\11\735_1.webp
736.png,OK,62.7,20.7,67.1,512,512,,D:\female\11\736.webp
736_1.png,OK,68.7,22.0,67.9,512,512,,D:\female\11\736_1.webp
737.png,OK,156.7,36.7,76.6,512,512,,D:\female\11\737.webp
737_1.png,OK,148.8,30.1,79.8,512,512,,D:\female\11\737_1.webp
737_2.png,OK,156.6,41.7,73.4,512,512,,D:\female\11\737_2.webp
737_3.png,OK,144.9,28.3,80.5,512,512,,D:\female\11\737_3.webp
738.png,OK,189.9,23.6,87.6,512,512,,D:\female\11\738.webp
738_1.png,OK,162.6,21.9,86.5,512,512,,D:\female\11\738_1.webp
739.png,OK,132.7,21.8,83.6,512,512,,D:\female\11\739.webp
739_1.png,OK,116.7,18.9,83.8,512,512,,D:\female\11\739_1.webp
739_2.png,OK,119.1,17.6,85.3,512,512,,D:\female\11\739_2.webp
73_1.png,OK,114.0,11.4,90.0,512,512,,D:\female\11\73_1.webp
73_1.png,OK,2.7,1.2,55.5,512,512,,D:\female\9\73_1.webp
73_2.png,OK,146.9,28.5,80.6,512,512,,D:\female\11\73_2.webp
74.png,OK,54.0,8.3,84.7,512,512,,D:\female\11\74.webp
74.png,OK,71.4,9.0,87.4,512,512,,D:\female\9\74.webp
740.png,OK,205.4,32.3,84.3,512,512,,D:\female\11\740.webp
740_1.png,OK,197.5,29.5,85.0,512,512,,D:\female\11\740_1.webp
741.png,OK,281.6,72.9,74.1,512,512,,D:\female\11\741.webp
741_1.png,OK,287.0,60.2,79.0,512,512,,D:\female\11\741_1.webp
742.png,OK,279.4,47.1,83.1,512,512,,D:\female\11\742.webp
742_1.png,OK,295.1,61.1,79.3,512,512,,D:\female\11\742_1.webp
742_2.png,OK,249.0,35.8,85.6,512,512,,D:\female\11\742_2.webp
743.png,OK,112.1,17.8,84.1,512,512,,D:\female\11\743.webp
743_1.png,OK,90.7,12.6,86.1,512,512,,D:\female\11\743_1.webp
743_2.png,OK,121.6,20.3,83.3,512,512,,D:\female\11\743_2.webp
744.png,OK,75.4,15.4,79.6,512,512,,D:\female\11\744.webp
744_1.png,OK,73.8,17.5,76.3,512,512,,D:\female\11\744_1.webp
745.png,OK,50.0,11.0,78.0,512,512,,D:\female\11\745.webp
745_1.png,OK,44.3,8.0,82.0,512,512,,D:\female\11\745_1.webp
745_2.png,OK,48.0,12.6,73.8,512,512,,D:\female\11\745_2.webp
745_3.png,OK,50.8,10.6,79.1,512,512,,D:\female\11\745_3.webp
746.png,OK,117.6,30.0,74.5,512,512,,D:\female\11\746.webp
746_1.png,OK,106.1,16.3,84.6,512,512,,D:\female\11\746_1.webp
747.png,OK,221.5,20.6,90.7,512,512,,D:\female\11\747.webp
747_1.png,OK,224.2,21.0,90.6,512,512,,D:\female\11\747_1.webp
748.png,OK,166.8,46.4,72.2,512,512,,D:\female\11\748.webp
748_1.png,OK,167.2,46.2,72.4,512,512,,D:\female\11\748_1.webp
749.png,OK,225.7,29.1,87.1,512,512,,D:\female\11\749.webp
749_1.png,OK,239.0,49.1,79.4,512,512,,D:\female\11\749_1.webp
74_1.png,OK,42.0,6.4,84.7,512,512,,D:\female\11\74_1.webp
74_2.png,OK,53.8,8.0,85.2,512,512,,D:\female\11\74_2.webp
75.png,OK,167.4,23.8,85.8,512,512,,D:\female\11\75.webp
75.png,OK,10.3,3.7,64.3,512,512,,D:\female\9\75.webp
750.png,OK,165.6,26.5,84.0,512,512,,D:\female\11\750.webp
750_1.png,OK,196.3,40.9,79.2,512,512,,D:\female\11\750_1.webp
751.png,OK,126.0,23.2,81.6,512,512,,D:\female\11\751.webp
751_1.png,OK,113.4,18.7,83.5,512,512,,D:\female\11\751_1.webp
752.png,OK,220.6,56.9,74.2,512,512,,D:\female\11\752.webp
752_1.png,OK,156.6,26.5,83.1,512,512,,D:\female\11\752_1.webp
753.png,OK,88.3,18.2,79.3,512,512,,D:\female\11\753.webp
753_1.png,OK,92.2,25.9,71.9,512,512,,D:\female\11\753_1.webp
753_2.png,OK,88.7,16.9,80.9,512,512,,D:\female\11\753_2.webp
754.png,OK,51.3,12.2,76.2,512,512,,D:\female\11\754.webp
754_1.png,OK,70.1,20.6,70.6,512,512,,D:\female\11\754_1.webp
754_2.png,OK,69.2,17.1,75.3,512,512,,D:\female\11\754_2.webp
755.png,OK,250.7,22.4,91.0,512,512,,D:\female\11\755.webp
756.png,OK,162.8,41.8,74.3,512,512,,D:\female\11\756.webp
756_1.png,OK,127.5,24.6,80.7,512,512,,D:\female\11\756_1.webp
756_2.png,OK,138.1,32.8,76.3,512,512,,D:\female\11\756_2.webp
757.png,OK,156.6,20.4,87.0,512,512,,D:\female\11\757.webp
757_1.png,OK,142.3,15.5,89.1,512,512,,D:\female\11\757_1.webp
757_2.png,OK,153.1,23.9,84.4,512,512,,D:\female\11\757_2.webp
758.png,OK,105.9,24.9,76.5,512,512,,D:\female\11\758.webp
758_1.png,OK,95.6,21.7,77.3,512,512,,D:\female\11\758_1.webp
759.png,OK,70.9,19.1,73.0,512,512,,D:\female\11\759.webp
759_1.png,OK,67.8,12.4,81.7,512,512,,D:\female\11\759_1.webp
759_2.png,OK,67.2,12.1,81.9,512,512,,D:\female\11\759_2.webp
75_1.png,OK,168.4,23.7,85.9,512,512,,D:\female\11\75_1.webp
75_2.png,OK,180.7,29.2,83.8,512,512,,D:\female\11\75_2.webp
75_3.png,OK,186.5,33.3,82.1,512,512,,D:\female\11\75_3.webp
76.png,OK,223.8,27.7,87.6,512,512,,D:\female\11\76.webp
76.png,OK,10.6,5.0,52.6,512,512,,D:\female\9\76.webp
760.png,OK,66.1,16.8,74.6,512,512,,D:\female\11\760.webp
760_1.png,OK,66.4,16.8,74.6,512,512,,D:\female\11\760_1.webp
761.png,OK,130.2,19.6,84.9,512,512,,D:\female\11\761.webp
761_1.png,OK,146.5,28.9,80.3,512,512,,D:\female\11\761_1.webp
761_2.png,OK,139.3,36.7,73.7,512,512,,D:\female\11\761_2.webp
761_3.png,OK,133.3,24.1,82.0,512,512,,D:\female\11\761_3.webp
762.png,OK,82.1,23.8,71.0,512,512,,D:\female\11\762.webp
763.png,OK,204.6,21.5,89.5,512,512,,D:\female\11\763.webp
764.png,OK,165.4,38.2,76.9,512,512,,D:\female\11\764.webp
765.png,OK,140.3,39.4,71.9,512,512,,D:\female\11\765.webp
765_1.png,OK,142.1,40.2,71.7,512,512,,D:\female\11\765_1.webp
766.png,OK,277.9,68.4,75.4,512,512,,D:\female\11\766.webp
767.png,OK,123.9,17.0,86.3,512,512,,D:\female\11\767.webp
767_1.png,OK,126.8,28.9,77.2,512,512,,D:\female\11\767_1.webp
767_2.png,OK,128.9,15.3,88.2,512,512,,D:\female\11\767_2.webp
767_3.png,OK,133.0,16.2,87.8,512,512,,D:\female\11\767_3.webp
767_4.png,OK,136.6,25.9,81.0,512,512,,D:\female\11\767_4.webp
767_5.png,OK,110.2,12.5,88.7,512,512,,D:\female\11\767_5.webp
768.png,OK,126.9,27.8,78.1,512,512,,D:\female\11\768.webp
768_1.png,OK,117.4,23.2,80.2,512,512,,D:\female\11\768_1.webp
768_2.png,OK,117.0,18.6,84.1,512,512,,D:\female\11\768_2.webp
769.png,OK,77.0,21.0,72.7,512,512,,D:\female\11\769.webp
769_1.png,OK,79.6,23.9,70.0,512,512,,D:\female\11\769_1.webp
769_2.png,OK,75.7,19.6,74.1,512,512,,D:\female\11\769_2.webp
76_1.png,OK,208.2,26.0,87.5,512,512,,D:\female\11\76_1.webp
76_1.png,OK,9.0,4.6,49.4,512,512,,D:\female\9\76_1.webp
76_2.png,OK,208.8,23.2,88.9,512,512,,D:\female\11\76_2.webp
76_3.png,OK,273.6,45.2,83.5,512,512,,D:\female\11\76_3.webp
76_4.png,OK,210.1,27.5,86.9,512,512,,D:\female\11\76_4.webp
77.png,OK,279.6,35.3,87.4,512,512,,D:\female\11\77.webp
77.png,OK,3.3,1.6,53.0,512,512,,D:\female\9\77.webp
770.png,OK,115.3,20.7,82.1,512,512,,D:\female\11\770.webp
770_1.png,OK,114.6,17.9,84.4,512,512,,D:\female\11\770_1.webp
771.png,OK,202.6,17.0,91.6,512,512,,D:\female\11\771.webp
772.png,OK,255.8,73.2,71.4,512,512,,D:\female\11\772.webp
772_1.png,OK,200.8,27.2,86.5,512,512,,D:\female\11\772_1.webp
772_2.png,OK,208.0,33.3,84.0,512,512,,D:\female\11\772_2.webp
773.png,OK,122.6,29.3,76.1,512,512,,D:\female\11\773.webp
774.png,OK,124.6,35.6,71.4,512,512,,D:\female\11\774.webp
774_1.png,OK,115.6,22.2,80.8,512,512,,D:\female\11\774_1.webp
775.png,OK,146.5,18.9,87.1,512,512,,D:\female\11\775.webp
775_1.png,OK,138.5,18.3,86.8,512,512,,D:\female\11\775_1.webp
775_2.png,OK,165.2,34.2,79.3,512,512,,D:\female\11\775_2.webp
776.png,OK,101.0,27.2,73.1,512,512,,D:\female\11\776.webp
776_1.png,OK,96.4,20.9,78.3,512,512,,D:\female\11\776_1.webp
777.png,OK,191.9,24.4,87.3,512,512,,D:\female\11\777.webp
777_1.png,OK,186.3,24.9,86.6,512,512,,D:\female\11\777_1.webp
777_2.png,OK,210.2,42.3,79.9,512,512,,D:\female\11\777_2.webp
777_3.png,OK,202.9,25.3,87.5,512,512,,D:\female\11\777_3.webp
778.png,OK,72.0,21.1,70.6,512,512,,D:\female\11\778.webp
778_1.png,OK,82.2,19.5,76.2,512,512,,D:\female\11\778_1.webp
779.png,OK,233.2,26.9,88.5,512,512,,D:\female\11\779.webp
77_1.png,OK,3.3,1.6,52.6,512,512,,D:\female\9\77_1.webp
77_2.png,OK,3.3,1.5,54.6,512,512,,D:\female\9\77_2.webp
77_3.png,OK,3.2,1.5,53.5,512,512,,D:\female\9\77_3.webp
78.png,OK,210.7,29.1,86.2,512,512,,D:\female\11\78.webp
78.png,OK,79.7,11.3,85.8,512,512,,D:\female\9\78.webp
780.png,OK,272.2,37.7,86.1,512,512,,D:\female\11\780.webp
780_1.png,OK,270.6,38.2,85.9,512,512,,D:\female\11\780_1.webp
781.png,OK,263.1,45.8,82.6,512,512,,D:\female\11\781.webp
781_1.png,OK,252.8,46.3,81.7,512,512,,D:\female\11\781_1.webp
781_2.png,OK,209.6,40.6,80.6,512,512,,D:\female\11\781_2.webp
782.png,OK,296.8,54.6,81.6,512,512,,D:\female\11\782.webp
782_1.png,OK,283.3,46.6,83.6,512,512,,D:\female\11\782_1.webp
782_10.png,OK,306.2,52.1,83.0,512,512,,D:\female\11\782_10.webp
782_11.png,OK,305.6,50.5,83.5,512,512,,D:\female\11\782_11.webp
782_12.png,OK,278.4,45.4,83.7,512,512,,D:\female\11\782_12.webp
782_2.png,OK,316.4,57.8,81.7,512,512,,D:\female\11\782_2.webp
782_3.png,OK,288.2,55.0,80.9,512,512,,D:\female\11\782_3.webp
782_4.png,OK,289.5,43.5,85.0,512,512,,D:\female\11\782_4.webp
782_5.png,OK,284.9,44.8,84.3,512,512,,D:\female\11\782_5.webp
782_6.png,OK,297.8,53.3,82.1,512,512,,D:\female\11\782_6.webp
782_7.png,OK,282.8,44.5,84.3,512,512,,D:\female\11\782_7.webp
782_8.png,OK,319.5,57.5,82.0,512,512,,D:\female\11\782_8.webp
782_9.png,OK,308.4,67.8,78.0,512,512,,D:\female\11\782_9.webp
783.png,OK,67.9,11.2,83.5,512,512,,D:\female\11\783.webp
784.png,OK,159.4,29.6,81.4,512,512,,D:\female\11\784.webp
784_1.png,OK,167.1,33.4,80.0,512,512,,D:\female\11\784_1.webp
785.png,OK,218.1,21.9,90.0,512,512,,D:\female\11\785.webp
785_1.png,OK,190.4,21.4,88.7,512,512,,D:\female\11\785_1.webp
785_2.png,OK,217.0,39.0,82.0,512,512,,D:\female\11\785_2.webp
785_3.png,OK,215.3,24.5,88.6,512,512,,D:\female\11\785_3.webp
786.png,OK,101.7,19.3,81.0,512,512,,D:\female\11\786.webp
786_1.png,OK,105.8,27.5,74.0,512,512,,D:\female\11\786_1.webp
787.png,OK,124.1,14.6,88.2,512,512,,D:\female\11\787.webp
787_1.png,OK,150.1,19.2,87.2,512,512,,D:\female\11\787_1.webp
788.png,OK,236.6,45.2,80.9,512,512,,D:\female\11\788.webp
788_1.png,OK,215.4,44.9,79.2,512,512,,D:\female\11\788_1.webp
789.png,OK,236.7,44.3,81.3,512,512,,D:\female\11\789.webp
789_1.png,OK,241.0,44.9,81.4,512,512,,D:\female\11\789_1.webp
78_1.png,OK,247.0,32.6,86.8,512,512,,D:\female\11\78_1.webp
78_2.png,OK,236.5,34.2,85.5,512,512,,D:\female\11\78_2.webp
78_3.png,OK,237.9,32.1,86.5,512,512,,D:\female\11\78_3.webp
78_4.png,OK,258.8,60.3,76.7,512,512,,D:\female\11\78_4.webp
78_5.png,OK,228.6,26.1,88.6,512,512,,D:\female\11\78_5.webp
78_6.png,OK,217.8,26.0,88.1,512,512,,D:\female\11\78_6.webp
78_7.png,OK,173.0,24.1,86.1,512,512,,D:\female\11\78_7.webp
79.png,OK,194.3,25.1,87.1,512,512,,D:\female\11\79.webp
79.png,OK,8.9,3.1,64.8,512,512,,D:\female\9\79.webp
790.png,OK,149.1,31.1,79.2,512,512,,D:\female\11\790.webp
790_1.png,OK,154.2,22.6,85.4,512,512,,D:\female\11\790_1.webp
790_2.png,OK,173.2,38.5,77.8,512,512,,D:\female\11\790_2.webp
791.png,OK,106.8,16.0,85.0,512,512,,D:\female\11\791.webp
791_1.png,OK,104.1,20.7,80.1,512,512,,D:\female\11\791_1.webp
792.png,OK,152.0,21.5,85.9,512,512,,D:\female\11\792.webp
792_1.png,OK,163.4,38.6,76.4,512,512,,D:\female\11\792_1.webp
792_2.png,OK,155.7,20.4,86.9,512,512,,D:\female\11\792_2.webp
792_3.png,OK,159.6,34.4,78.4,512,512,,D:\female\11\792_3.webp
793.png,OK,89.7,14.3,84.0,512,512,,D:\female\11\793.webp
794.png,OK,115.9,12.0,89.6,512,512,,D:\female\11\794.webp
794_1.png,OK,151.3,20.5,86.4,512,512,,D:\female\11\794_1.webp
794_2.png,OK,134.2,17.5,86.9,512,512,,D:\female\11\794_2.webp
795.png,OK,146.4,28.0,80.9,512,512,,D:\female\11\795.webp
796.png,OK,210.1,29.1,86.2,512,512,,D:\female\11\796.webp
796_1.png,OK,214.5,28.7,86.6,512,512,,D:\female\11\796_1.webp
796_2.png,OK,205.6,36.5,82.2,512,512,,D:\female\11\796_2.webp
796_3.png,OK,240.7,60.4,74.9,512,512,,D:\female\11\796_3.webp
797.png,OK,190.2,30.0,84.2,512,512,,D:\female\11\797.webp
798.png,OK,81.8,15.6,81.0,512,512,,D:\female\11\798.webp
798_1.png,OK,85.7,20.4,76.2,512,512,,D:\female\11\798_1.webp
799.png,OK,113.9,38.9,65.8,512,512,,D:\female\11\799.webp
799_1.png,OK,123.6,36.9,70.2,512,512,,D:\female\11\799_1.webp
799_2.png,OK,106.3,28.0,73.6,512,512,,D:\female\11\799_2.webp
79_1.png,OK,211.6,30.0,85.8,512,512,,D:\female\11\79_1.webp
79_1.png,OK,9.2,3.2,65.1,512,512,,D:\female\9\79_1.webp
79_2.png,OK,213.1,30.7,85.6,512,512,,D:\female\11\79_2.webp
79_3.png,OK,181.9,21.4,88.3,512,512,,D:\female\11\79_3.webp
7_1.png,OK,227.9,32.2,85.9,512,512,,D:\female\11\7_1.webp
7_1.png,OK,82.4,10.0,87.9,512,512,,D:\female\9\7_1.webp
7_10.png,OK,192.0,25.4,86.8,512,512,,D:\female\11\7_10.webp
7_11.png,OK,192.1,25.3,86.8,512,512,,D:\female\11\7_11.webp
7_12.png,OK,192.0,25.5,86.7,512,512,,D:\female\11\7_12.webp
7_13.png,OK,192.1,25.4,86.8,512,512,,D:\female\11\7_13.webp
7_14.png,OK,191.8,25.3,86.8,512,512,,D:\female\11\7_14.webp
7_15.png,OK,191.8,25.4,86.8,512,512,,D:\female\11\7_15.webp
7_2.png,OK,190.9,21.1,89.0,512,512,,D:\female\11\7_2.webp
7_2.png,OK,90.6,13.1,85.5,512,512,,D:\female\9\7_2.webp
7_3.png,OK,192.3,25.3,86.8,512,512,,D:\female\11\7_3.webp
7_3.png,OK,103.8,18.7,82.0,512,512,,D:\female\9\7_3.webp
7_4.png,OK,192.3,25.3,86.8,512,512,,D:\female\11\7_4.webp
7_4.png,OK,103.9,18.3,82.4,512,512,,D:\female\9\7_4.webp
7_5.png,OK,192.3,25.3,86.8,512,512,,D:\female\11\7_5.webp
7_6.png,OK,192.3,25.2,86.9,512,512,,D:\female\11\7_6.webp
7_7.png,OK,192.4,25.3,86.8,512,512,,D:\female\11\7_7.webp
7_8.png,OK,182.2,18.3,90.0,512,512,,D:\female\11\7_8.webp
7_9.png,OK,192.0,25.5,86.7,512,512,,D:\female\11\7_9.webp
8.png,OK,183.2,26.9,85.3,512,512,,D:\female\11\8.webp
8.png,OK,100.9,14.7,85.5,512,512,,D:\female\9\8.webp
80.png,OK,211.1,21.8,89.7,512,512,,D:\female\11\80.webp
80.png,OK,2.6,1.2,55.3,512,512,,D:\female\9\80.webp
800.png,OK,127.4,34.4,73.0,512,512,,D:\female\11\800.webp
801.png,OK,36.1,11.1,69.2,512,512,,D:\female\11\801.webp
801_1.png,OK,72.0,13.0,82.0,512,512,,D:\female\11\801_1.webp
802.png,OK,151.4,16.1,89.4,512,512,,D:\female\11\802.webp
803.png,OK,268.9,57.2,78.7,512,512,,D:\female\11\803.webp
803_1.png,OK,275.9,53.7,80.5,512,512,,D:\female\11\803_1.webp
803_2.png,OK,283.2,56.0,80.2,512,512,,D:\female\11\803_2.webp
804.png,OK,120.8,17.1,85.8,512,512,,D:\female\11\804.webp
804_1.png,OK,112.5,25.4,77.4,512,512,,D:\female\11\804_1.webp
805.png,OK,80.9,21.0,74.0,512,512,,D:\female\11\805.webp
805_1.png,OK,81.7,20.1,75.4,512,512,,D:\female\11\805_1.webp
805_2.png,OK,91.6,28.4,69.0,512,512,,D:\female\11\805_2.webp
806.png,OK,96.4,15.2,84.2,512,512,,D:\female\11\806.webp
806_1.png,OK,106.9,26.8,75.0,512,512,,D:\female\11\806_1.webp
806_2.png,OK,89.8,14.3,84.1,512,512,,D:\female\11\806_2.webp
807.png,OK,203.2,50.8,75.0,512,512,,D:\female\11\807.webp
807_1.png,OK,172.8,35.1,79.7,512,512,,D:\female\11\807_1.webp
807_2.png,OK,194.3,33.6,82.7,512,512,,D:\female\11\807_2.webp
807_3.png,OK,181.0,34.9,80.7,512,512,,D:\female\11\807_3.webp
808.png,OK,39.6,10.5,73.6,512,512,,D:\female\11\808.webp
808_1.png,OK,40.1,9.1,77.3,512,512,,D:\female\11\808_1.webp
809.png,OK,156.2,16.5,89.4,512,512,,D:\female\11\809.webp
80_1.png,OK,2.3,1.0,58.1,512,512,,D:\female\9\80_1.webp
80_2.png,OK,2.3,1.0,58.1,512,512,,D:\female\9\80_2.webp
81.png,OK,245.3,34.7,85.9,512,512,,D:\female\11\81.webp
81.png,OK,48.8,16.9,65.4,512,512,,D:\female\9\81.webp
810.png,OK,149.3,30.4,79.7,512,512,,D:\female\11\810.webp
810_1.png,OK,149.9,25.0,83.3,512,512,,D:\female\11\810_1.webp
811.png,OK,332.7,61.7,81.5,512,512,,D:\female\11\811.webp
812.png,OK,164.2,34.0,79.3,512,512,,D:\female\11\812.webp
812_1.png,OK,128.5,13.5,89.5,512,512,,D:\female\11\812_1.webp
812_2.png,OK,166.7,43.1,74.1,512,512,,D:\female\11\812_2.webp
813.png,OK,51.2,11.8,76.9,512,512,,D:\female\11\813.webp
813_1.png,OK,62.7,16.7,73.3,512,512,,D:\female\11\813_1.webp
813_2.png,OK,67.6,22.3,66.9,512,512,,D:\female\11\813_2.webp
814.png,OK,104.1,21.2,79.7,512,512,,D:\female\11\814.webp
814_1.png,OK,112.8,26.4,76.6,512,512,,D:\female\11\814_1.webp
815.png,OK,103.4,26.1,74.8,512,512,,D:\female\11\815.webp
815_1.png,OK,115.8,35.3,69.5,512,512,,D:\female\11\815_1.webp
815_2.png,OK,115.6,29.2,74.7,512,512,,D:\female\11\815_2.webp
815_3.png,OK,118.5,33.4,71.8,512,512,,D:\female\11\815_3.webp
815_4.png,OK,111.8,25.4,77.3,512,512,,D:\female\11\815_4.webp
816.png,OK,108.6,28.0,74.2,512,512,,D:\female\11\816.webp
816_1.png,OK,80.3,13.3,83.5,512,512,,D:\female\11\816_1.webp
816_2.png,OK,70.8,15.9,77.6,512,512,,D:\female\11\816_2.webp
817.png,OK,199.9,13.8,93.1,512,512,,D:\female\11\817.webp
818.png,OK,197.9,23.2,88.3,512,512,,D:\female\11\818.webp
819.png,OK,311.8,61.1,80.4,512,512,,D:\female\11\819.webp
819_1.png,OK,342.5,100.9,70.5,512,512,,D:\female\11\819_1.webp
819_2.png,OK,292.9,62.8,78.5,512,512,,D:\female\11\819_2.webp
81_1.png,OK,244.8,32.9,86.6,512,512,,D:\female\11\81_1.webp
81_10.png,OK,247.9,37.8,84.7,512,512,,D:\female\11\81_10.webp
81_11.png,OK,261.5,39.7,84.8,512,512,,D:\female\11\81_11.webp
81_2.png,OK,240.8,34.5,85.7,512,512,,D:\female\11\81_2.webp
81_3.png,OK,250.0,33.1,86.8,512,512,,D:\female\11\81_3.webp
81_4.png,OK,270.9,42.7,84.2,512,512,,D:\female\11\81_4.webp
81_5.png,OK,272.2,41.4,84.8,512,512,,D:\female\11\81_5.webp
81_6.png,OK,253.2,36.1,85.8,512,512,,D:\female\11\81_6.webp
81_7.png,OK,235.9,27.8,88.2,512,512,,D:\female\11\81_7.webp
81_8.png,OK,248.8,34.6,86.1,512,512,,D:\female\11\81_8.webp
81_9.png,OK,247.7,32.7,86.8,512,512,,D:\female\11\81_9.webp
82.png,OK,3.0,1.4,52.7,512,512,,D:\female\11\82.webp
82.png,OK,87.5,13.1,85.1,512,512,,D:\female\9\82.webp
820.png,OK,295.8,61.6,79.2,512,512,,D:\female\11\820.webp
820_1.png,OK,316.9,70.0,77.9,512,512,,D:\female\11\820_1.webp
820_2.png,OK,264.1,49.6,81.2,512,512,,D:\female\11\820_2.webp
821.png,OK,105.7,31.9,69.8,512,512,,D:\female\11\821.webp
821_1.png,OK,95.9,20.4,78.7,512,512,,D:\female\11\821_1.webp
822.png,OK,147.3,40.0,72.8,512,512,,D:\female\11\822.webp
822_1.png,OK,144.9,31.2,78.5,512,512,,D:\female\11\822_1.webp
823.png,OK,52.2,13.9,73.5,512,512,,D:\female\11\823.webp
823_1.png,OK,55.6,18.0,67.7,512,512,,D:\female\11\823_1.webp
823_2.png,OK,47.4,11.5,75.8,512,512,,D:\female\11\823_2.webp
823_3.png,OK,54.0,16.7,69.1,512,512,,D:\female\11\823_3.webp
823_4.png,OK,54.9,17.9,67.4,512,512,,D:\female\11\823_4.webp
824.png,OK,152.4,31.5,79.4,512,512,,D:\female\11\824.webp
824_1.png,OK,151.7,31.1,79.5,512,512,,D:\female\11\824_1.webp
825.png,OK,242.0,33.0,86.4,512,512,,D:\female\11\825.webp
825_1.png,OK,192.8,39.5,79.5,512,512,,D:\female\11\825_1.webp
825_2.png,OK,257.5,55.8,78.3,512,512,,D:\female\11\825_2.webp
826.png,OK,256.8,64.2,75.0,512,512,,D:\female\11\826.webp
827.png,OK,201.6,54.2,73.1,512,512,,D:\female\11\827.webp
827_1.png,OK,187.4,34.6,81.5,512,512,,D:\female\11\827_1.webp
828.png,OK,172.8,23.1,86.6,512,512,,D:\female\11\828.webp
828_1.png,OK,176.1,20.2,88.5,512,512,,D:\female\11\828_1.webp
829.png,OK,110.9,16.6,85.1,512,512,,D:\female\11\829.webp
829_1.png,OK,112.4,28.2,74.9,512,512,,D:\female\11\829_1.webp
829_2.png,OK,118.3,28.4,76.0,512,512,,D:\female\11\829_2.webp
83.png,OK,174.7,22.7,87.0,512,512,,D:\female\11\83.webp
83.png,OK,34.2,11.1,67.5,512,512,,D:\female\9\83.webp
830.png,OK,113.6,18.6,83.6,512,512,,D:\female\11\830.webp
830_1.png,OK,115.5,26.5,77.0,512,512,,D:\female\11\830_1.webp
830_2.png,OK,96.9,18.5,80.9,512,512,,D:\female\11\830_2.webp
831.png,OK,108.5,36.7,66.2,512,512,,D:\female\11\831.webp
831_1.png,OK,96.1,26.0,72.9,512,512,,D:\female\11\831_1.webp
831_2.png,OK,100.0,29.8,70.2,512,512,,D:\female\11\831_2.webp
831_3.png,OK,108.3,38.9,64.1,512,512,,D:\female\11\831_3.webp
832.png,OK,98.1,27.1,72.4,512,512,,D:\female\11\832.webp
832_1.png,OK,93.1,24.1,74.1,512,512,,D:\female\11\832_1.webp
833.png,OK,308.6,44.4,85.6,512,512,,D:\female\11\833.webp
834.png,OK,124.9,32.7,73.8,512,512,,D:\female\11\834.webp
834_1.png,OK,119.7,18.2,84.8,512,512,,D:\female\11\834_1.webp
835.png,OK,211.4,25.8,87.8,512,512,,D:\female\11\835.webp
835_1.png,OK,216.2,28.8,86.7,512,512,,D:\female\11\835_1.webp
835_2.png,OK,212.5,28.1,86.8,512,512,,D:\female\11\835_2.webp
835_3.png,OK,219.3,35.1,84.0,512,512,,D:\female\11\835_3.webp
836.png,OK,121.0,34.0,71.9,512,512,,D:\female\11\836.webp
836_1.png,OK,106.7,18.7,82.5,512,512,,D:\female\11\836_1.webp
836_2.png,OK,110.6,20.6,81.4,512,512,,D:\female\11\836_2.webp
837.png,OK,96.9,19.2,80.1,512,512,,D:\female\11\837.webp
837_1.png,OK,102.1,24.6,75.9,512,512,,D:\female\11\837_1.webp
838.png,OK,262.0,25.1,90.4,512,512,,D:\female\11\838.webp
839.png,OK,126.6,25.0,80.3,512,512,,D:\female\11\839.webp
839_1.png,OK,152.0,42.2,72.2,512,512,,D:\female\11\839_1.webp
839_2.png,OK,154.1,39.5,74.4,512,512,,D:\female\11\839_2.webp
839_3.png,OK,154.0,39.2,74.5,512,512,,D:\female\11\839_3.webp
839_4.png,OK,141.3,23.8,83.2,512,512,,D:\female\11\839_4.webp
83_1.png,OK,246.9,58.4,76.3,512,512,,D:\female\11\83_1.webp
83_1.png,OK,30.4,10.2,66.6,512,512,,D:\female\9\83_1.webp
83_2.png,OK,261.6,42.6,83.7,512,512,,D:\female\11\83_2.webp
83_3.png,OK,172.3,20.6,88.0,512,512,,D:\female\11\83_3.webp
83_4.png,OK,205.2,48.7,76.3,512,512,,D:\female\11\83_4.webp
83_5.png,OK,177.5,36.1,79.7,512,512,,D:\female\11\83_5.webp
83_6.png,OK,247.4,44.4,82.0,512,512,,D:\female\11\83_6.webp
84.png,OK,127.9,16.1,87.4,512,512,,D:\female\11\84.webp
84.png,OK,8.2,3.0,63.0,512,512,,D:\female\9\84.webp
840.png,OK,113.0,27.7,75.5,512,512,,D:\female\11\840.webp
840_1.png,OK,90.8,14.7,83.8,512,512,,D:\female\11\840_1.webp
841.png,OK,230.1,40.8,82.3,512,512,,D:\female\11\841.webp
841_1.png,OK,251.1,51.8,79.4,512,512,,D:\female\11\841_1.webp
841_10.png,OK,142.2,36.0,74.7,512,512,,D:\female\11\841_10.webp
841_11.png,OK,241.9,33.0,86.3,512,512,,D:\female\11\841_11.webp
841_2.png,OK,249.2,51.8,79.2,512,512,,D:\female\11\841_2.webp
841_3.png,OK,251.9,49.0,80.5,512,512,,D:\female\11\841_3.webp
841_4.png,OK,242.7,35.2,85.5,512,512,,D:\female\11\841_4.webp
841_5.png,OK,249.0,47.0,81.1,512,512,,D:\female\11\841_5.webp
841_6.png,OK,233.0,41.5,82.2,512,512,,D:\female\11\841_6.webp
841_7.png,OK,235.1,49.2,79.1,512,512,,D:\female\11\841_7.webp
841_8.png,OK,244.1,36.6,85.0,512,512,,D:\female\11\841_8.webp
841_9.png,OK,236.1,34.4,85.4,512,512,,D:\female\11\841_9.webp
842.png,OK,283.2,40.8,85.6,512,512,,D:\female\11\842.webp
842_1.png,OK,254.3,58.2,77.1,512,512,,D:\female\11\842_1.webp
843.png,OK,185.0,20.8,88.8,512,512,,D:\female\11\843.webp
843_1.png,OK,163.3,25.3,84.5,512,512,,D:\female\11\843_1.webp
843_2.png,OK,183.8,24.2,86.8,512,512,,D:\female\11\843_2.webp
844.png,OK,164.0,35.9,78.1,512,512,,D:\female\11\844.webp
844_1.png,OK,144.8,23.8,83.6,512,512,,D:\female\11\844_1.webp
844_2.png,OK,147.7,24.5,83.4,512,512,,D:\female\11\844_2.webp
845.png,OK,157.0,34.0,78.4,512,512,,D:\female\11\845.webp
845_1.png,OK,153.9,23.7,84.6,512,512,,D:\female\11\845_1.webp
845_2.png,OK,138.8,20.7,85.1,512,512,,D:\female\11\845_2.webp
846.png,OK,117.4,26.4,77.5,512,512,,D:\female\11\846.webp
846_1.png,OK,105.1,20.9,80.1,512,512,,D:\female\11\846_1.webp
847.png,OK,106.0,24.6,76.8,512,512,,D:\female\11\847.webp
847_1.png,OK,101.4,15.3,84.9,512,512,,D:\female\11\847_1.webp
847_10.png,OK,100.4,19.8,80.3,512,512,,D:\female\11\847_10.webp
847_11.png,OK,94.9,21.0,77.8,512,512,,D:\female\11\847_11.webp
847_12.png,OK,98.4,16.3,83.4,512,512,,D:\female\11\847_12.webp
847_13.png,OK,103.9,25.7,75.2,512,512,,D:\female\11\847_13.webp
847_14.png,OK,96.6,15.2,84.3,512,512,,D:\female\11\847_14.webp
847_15.png,OK,109.9,20.3,81.5,512,512,,D:\female\11\847_15.webp
847_16.png,OK,97.1,14.9,84.6,512,512,,D:\female\11\847_16.webp
847_17.png,OK,111.1,26.5,76.1,512,512,,D:\female\11\847_17.webp
847_18.png,OK,101.0,16.8,83.4,512,512,,D:\female\11\847_18.webp
847_19.png,OK,117.6,28.5,75.8,512,512,,D:\female\11\847_19.webp
847_2.png,OK,102.1,16.3,84.0,512,512,,D:\female\11\847_2.webp
847_3.png,OK,108.1,22.5,79.1,512,512,,D:\female\11\847_3.webp
847_4.png,OK,68.3,17.1,74.9,512,512,,D:\female\11\847_4.webp
847_5.png,OK,105.4,26.1,75.3,512,512,,D:\female\11\847_5.webp
847_6.png,OK,97.4,17.4,82.2,512,512,,D:\female\11\847_6.webp
847_7.png,OK,103.7,17.9,82.8,512,512,,D:\female\11\847_7.webp
847_8.png,OK,119.9,32.8,72.7,512,512,,D:\female\11\847_8.webp
847_9.png,OK,102.5,17.7,82.7,512,512,,D:\female\11\847_9.webp
848.png,OK,34.9,6.8,80.5,512,512,,D:\female\11\848.webp
848_1.png,OK,31.6,6.0,81.0,512,512,,D:\female\11\848_1.webp
849.png,OK,228.3,35.1,84.6,512,512,,D:\female\11\849.webp
849_1.png,OK,213.2,19.6,90.8,512,512,,D:\female\11\849_1.webp
84_1.png,OK,152.9,27.2,82.2,512,512,,D:\female\11\84_1.webp
84_1.png,OK,8.1,3.1,62.3,512,512,,D:\female\9\84_1.webp
84_2.png,OK,154.7,25.9,83.3,512,512,,D:\female\11\84_2.webp
85.png,OK,116.3,15.8,86.4,512,512,,D:\female\11\85.webp
85.png,OK,5.0,1.9,62.0,512,512,,D:\female\9\85.webp
850.png,OK,293.6,52.4,82.1,512,512,,D:\female\11\850.webp
850_1.png,OK,287.1,49.7,82.7,512,512,,D:\female\11\850_1.webp
850_2.png,OK,297.6,61.6,79.3,512,512,,D:\female\11\850_2.webp
850_3.png,OK,287.5,53.6,81.4,512,512,,D:\female\11\850_3.webp
850_4.png,OK,284.2,46.9,83.5,512,512,,D:\female\11\850_4.webp
851.png,OK,116.1,23.3,79.9,512,512,,D:\female\11\851.webp
851_1.png,OK,121.6,24.2,80.1,512,512,,D:\female\11\851_1.webp
851_2.png,OK,124.3,37.1,70.1,512,512,,D:\female\11\851_2.webp
852.png,OK,120.2,19.5,83.7,512,512,,D:\female\11\852.webp
852_1.png,OK,124.3,20.3,83.6,512,512,,D:\female\11\852_1.webp
853.png,OK,146.9,26.0,82.3,512,512,,D:\female\11\853.webp
853_1.png,OK,158.7,35.7,77.5,512,512,,D:\female\11\853_1.webp
854.png,OK,100.9,24.6,75.7,512,512,,D:\female\11\854.webp
854_1.png,OK,101.5,23.2,77.2,512,512,,D:\female\11\854_1.webp
855.png,OK,109.0,25.3,76.8,512,512,,D:\female\11\855.webp
855_1.png,OK,109.8,16.9,84.6,512,512,,D:\female\11\855_1.webp
855_2.png,OK,126.1,34.8,72.4,512,512,,D:\female\11\855_2.webp
856.png,OK,267.5,57.9,78.3,512,512,,D:\female\11\856.webp
856_1.png,OK,261.1,41.8,84.0,512,512,,D:\female\11\856_1.webp
857.png,OK,169.6,39.3,76.8,512,512,,D:\female\11\857.webp
858.png,OK,146.8,23.6,83.9,512,512,,D:\female\11\858.webp
858_1.png,OK,153.2,28.6,81.3,512,512,,D:\female\11\858_1.webp
859.png,OK,122.0,21.5,82.4,512,512,,D:\female\11\859.webp
859_1.png,OK,109.2,16.1,85.2,512,512,,D:\female\11\859_1.webp
85_1.png,OK,131.6,24.1,81.7,512,512,,D:\female\11\85_1.webp
85_1.png,OK,4.9,1.8,62.8,512,512,,D:\female\9\85_1.webp
85_2.png,OK,133.4,22.9,82.8,512,512,,D:\female\11\85_2.webp
86.png,OK,169.7,25.0,85.3,512,512,,D:\female\11\86.webp
86.png,OK,71.6,9.8,86.3,512,512,,D:\female\9\86.webp
860.png,OK,53.7,11.2,79.1,512,512,,D:\female\11\860.webp
860_1.png,OK,55.1,11.4,79.4,512,512,,D:\female\11\860_1.webp
861.png,OK,58.0,11.0,81.0,512,512,,D:\female\11\861.webp
861_1.png,OK,61.0,10.2,83.3,512,512,,D:\female\11\861_1.webp
861_2.png,OK,67.5,20.2,70.1,512,512,,D:\female\11\861_2.webp
861_3.png,OK,53.9,11.7,78.2,512,512,,D:\female\11\861_3.webp
862.png,OK,65.7,15.4,76.5,512,512,,D:\female\11\862.webp
863.png,OK,266.4,31.2,88.3,512,512,,D:\female\11\863.webp
863_1.png,OK,268.4,44.1,83.6,512,512,,D:\female\11\863_1.webp
863_10.png,OK,191.3,44.3,76.9,512,512,,D:\female\11\863_10.webp
863_11.png,OK,148.5,26.0,82.5,512,512,,D:\female\11\863_11.webp
863_12.png,OK,166.8,28.5,82.9,512,512,,D:\female\11\863_12.webp
863_13.png,OK,155.1,28.2,81.8,512,512,,D:\female\11\863_13.webp
863_14.png,OK,153.4,29.1,81.0,512,512,,D:\female\11\863_14.webp
863_2.png,OK,254.1,33.1,87.0,512,512,,D:\female\11\863_2.webp
863_3.png,OK,259.3,41.3,84.1,512,512,,D:\female\11\863_3.webp
863_4.png,OK,247.0,29.4,88.1,512,512,,D:\female\11\863_4.webp
863_5.png,OK,244.2,28.1,88.5,512,512,,D:\female\11\863_5.webp
863_6.png,OK,253.9,31.7,87.5,512,512,,D:\female\11\863_6.webp
863_7.png,OK,252.6,32.4,87.2,512,512,,D:\female\11\863_7.webp
863_8.png,OK,90.0,20.7,76.9,512,512,,D:\female\11\863_8.webp
863_9.png,OK,159.7,30.7,80.8,512,512,,D:\female\11\863_9.webp
864.png,OK,217.0,24.3,88.8,512,512,,D:\female\11\864.webp
864_1.png,OK,218.5,26.0,88.1,512,512,,D:\female\11\864_1.webp
865.png,OK,255.4,43.0,83.2,512,512,,D:\female\11\865.webp
865_1.png,OK,245.6,35.4,85.6,512,512,,D:\female\11\865_1.webp
865_2.png,OK,270.6,56.3,79.2,512,512,,D:\female\11\865_2.webp
866.png,OK,150.0,38.0,74.7,512,512,,D:\female\11\866.webp
867.png,OK,59.4,14.1,76.2,512,512,,D:\female\11\867.webp
867_1.png,OK,65.3,13.8,78.9,512,512,,D:\female\11\867_1.webp
867_2.png,OK,58.2,10.8,81.4,512,512,,D:\female\11\867_2.webp
868.png,OK,239.4,53.6,77.6,512,512,,D:\female\11\868.webp
868_1.png,OK,264.8,72.2,72.7,512,512,,D:\female\11\868_1.webp
869.png,OK,169.6,28.1,83.4,512,512,,D:\female\11\869.webp
869_1.png,OK,172.4,28.7,83.3,512,512,,D:\female\11\869_1.webp
869_2.png,OK,172.4,27.6,84.0,512,512,,D:\female\11\869_2.webp
869_3.png,OK,168.0,24.2,85.6,512,512,,D:\female\11\869_3.webp
869_4.png,OK,166.3,22.7,86.4,512,512,,D:\female\11\869_4.webp
86_1.png,OK,152.3,22.7,85.1,512,512,,D:\female\11\86_1.webp
86_2.png,OK,172.2,45.9,73.3,512,512,,D:\female\11\86_2.webp
87.png,OK,221.5,30.7,86.1,512,512,,D:\female\11\87.webp
87.png,OK,43.7,11.2,74.5,512,512,,D:\female\9\87.webp
870.png,OK,60.0,9.2,84.6,512,512,,D:\female\11\870.webp
870_1.png,OK,45.8,11.1,75.8,512,512,,D:\female\11\870_1.webp
870_2.png,OK,34.2,9.1,73.3,512,512,,D:\female\11\870_2.webp
871.png,OK,258.7,34.2,86.8,512,512,,D:\female\11\871.webp
871_1.png,OK,255.1,32.8,87.1,512,512,,D:\female\11\871_1.webp
872.png,OK,203.9,34.4,83.1,512,512,,D:\female\11\872.webp
872_1.png,OK,205.1,44.1,78.5,512,512,,D:\female\11\872_1.webp
873.png,OK,217.6,22.6,89.6,512,512,,D:\female\11\873.webp
873_1.png,OK,198.0,32.1,83.8,512,512,,D:\female\11\873_1.webp
874.png,OK,271.6,53.3,80.4,512,512,,D:\female\11\874.webp
874_1.png,OK,242.5,42.5,82.5,512,512,,D:\female\11\874_1.webp
874_2.png,OK,254.9,36.0,85.9,512,512,,D:\female\11\874_2.webp
875.png,OK,102.7,16.1,84.3,512,512,,D:\female\11\875.webp
875_1.png,OK,111.7,27.7,75.2,512,512,,D:\female\11\875_1.webp
876.png,OK,63.7,19.9,68.7,512,512,,D:\female\11\876.webp
876_1.png,OK,68.3,16.8,75.3,512,512,,D:\female\11\876_1.webp
876_2.png,OK,59.1,14.9,74.8,512,512,,D:\female\11\876_2.webp
877.png,OK,208.4,46.1,77.9,512,512,,D:\female\11\877.webp
877_1.png,OK,196.2,27.4,86.0,512,512,,D:\female\11\877_1.webp
877_2.png,OK,160.4,24.6,84.7,512,512,,D:\female\11\877_2.webp
877_3.png,OK,219.6,56.9,74.1,512,512,,D:\female\11\877_3.webp
877_4.png,OK,202.7,38.3,81.1,512,512,,D:\female\11\877_4.webp
878.png,OK,103.3,16.2,84.3,512,512,,D:\female\11\878.webp
878_1.png,OK,106.6,24.3,77.2,512,512,,D:\female\11\878_1.webp
878_2.png,OK,97.0,20.9,78.5,512,512,,D:\female\11\878_2.webp
879.png,OK,221.9,45.6,79.5,512,512,,D:\female\11\879.webp
879_1.png,OK,209.8,25.0,88.1,512,512,,D:\female\11\879_1.webp
879_2.png,OK,211.9,23.7,88.8,512,512,,D:\female\11\879_2.webp
879_3.png,OK,65.6,10.9,83.4,512,512,,D:\female\11\879_3.webp
87_1.png,OK,45.5,14.1,69.0,512,512,,D:\female\9\87_1.webp
88.png,OK,132.8,14.9,88.8,512,512,,D:\female\11\88.webp
88.png,OK,10.4,5.3,49.1,512,512,,D:\female\9\88.webp
880.png,OK,138.6,27.3,80.3,512,512,,D:\female\11\880.webp
880_1.png,OK,139.8,37.3,73.3,512,512,,D:\female\11\880_1.webp
881.png,OK,163.5,18.0,89.0,512,512,,D:\female\11\881.webp
881_1.png,OK,158.1,17.4,89.0,512,512,,D:\female\11\881_1.webp
882.png,OK,145.9,37.5,74.3,512,512,,D:\female\11\882.webp
883.png,OK,49.5,12.0,75.7,512,512,,D:\female\11\883.webp
883_1.png,OK,48.5,16.6,65.8,512,512,,D:\female\11\883_1.webp
884.png,OK,164.4,29.8,81.9,512,512,,D:\female\11\884.webp
884_1.png,OK,146.4,21.0,85.6,512,512,,D:\female\11\884_1.webp
884_2.png,OK,160.2,38.4,76.0,512,512,,D:\female\11\884_2.webp
885.png,OK,153.9,35.8,76.8,512,512,,D:\female\11\885.webp
885_1.png,OK,131.0,20.5,84.3,512,512,,D:\female\11\885_1.webp
885_2.png,OK,137.0,18.4,86.6,512,512,,D:\female\11\885_2.webp
886.png,OK,138.5,21.4,84.5,512,512,,D:\female\11\886.webp
887.png,OK,249.4,50.9,79.6,512,512,,D:\female\11\887.webp
887_1.png,OK,273.7,61.3,77.6,512,512,,D:\female\11\887_1.webp
887_2.png,OK,272.7,57.3,79.0,512,512,,D:\female\11\887_2.webp
887_3.png,OK,251.7,32.6,87.0,512,512,,D:\female\11\887_3.webp
887_4.png,OK,274.1,62.1,77.4,512,512,,D:\female\11\887_4.webp
888.png,OK,280.0,71.0,74.6,512,512,,D:\female\11\888.webp
888_1.png,OK,306.4,83.5,72.8,512,512,,D:\female\11\888_1.webp
888_2.png,OK,301.4,82.1,72.7,512,512,,D:\female\11\888_2.webp
889.png,OK,382.4,76.8,79.9,512,512,,D:\female\11\889.webp
889_1.png,OK,360.3,76.3,78.8,512,512,,D:\female\11\889_1.webp
889_2.png,OK,358.5,70.6,80.3,512,512,,D:\female\11\889_2.webp
889_3.png,OK,390.0,99.8,74.4,512,512,,D:\female\11\889_3.webp
88_1.png,OK,126.9,13.6,89.3,512,512,,D:\female\11\88_1.webp
88_1.png,OK,10.2,5.0,50.9,512,512,,D:\female\9\88_1.webp
88_2.png,OK,10.2,4.9,51.6,512,512,,D:\female\9\88_2.webp
88_3.png,OK,10.0,4.7,52.9,512,512,,D:\female\9\88_3.webp
88_4.png,OK,10.1,4.8,52.1,512,512,,D:\female\9\88_4.webp
89.png,OK,205.4,27.0,86.9,512,512,,D:\female\11\89.webp
89.png,OK,3.2,1.4,56.6,512,512,,D:\female\9\89.webp
890.png,OK,207.9,53.4,74.3,512,512,,D:\female\11\890.webp
890_1.png,OK,180.8,44.9,75.2,512,512,,D:\female\11\890_1.webp
891.png,OK,166.6,28.4,83.0,512,512,,D:\female\11\891.webp
891_1.png,OK,160.5,28.6,82.2,512,512,,D:\female\11\891_1.webp
892.png,OK,106.4,21.5,79.8,512,512,,D:\female\11\892.webp
892_1.png,OK,120.9,26.7,77.9,512,512,,D:\female\11\892_1.webp
893.png,OK,184.3,35.0,81.0,512,512,,D:\female\11\893.webp
893_1.png,OK,157.2,27.4,82.6,512,512,,D:\female\11\893_1.webp
893_2.png,OK,134.0,22.7,83.0,512,512,,D:\female\11\893_2.webp
893_3.png,OK,165.7,27.8,83.2,512,512,,D:\female\11\893_3.webp
894.png,OK,113.4,22.5,80.2,512,512,,D:\female\11\894.webp
894_1.png,OK,147.5,34.5,76.6,512,512,,D:\female\11\894_1.webp
894_2.png,OK,129.7,18.4,85.8,512,512,,D:\female\11\894_2.webp
894_3.png,OK,114.9,20.9,81.8,512,512,,D:\female\11\894_3.webp
895.png,OK,325.6,41.8,87.2,512,512,,D:\female\11\895.webp
896.png,OK,155.1,30.9,80.1,512,512,,D:\female\11\896.webp
896_1.png,OK,136.7,17.7,87.0,512,512,,D:\female\11\896_1.webp
897.png,OK,222.4,48.6,78.2,512,512,,D:\female\11\897.webp
897_1.png,OK,204.0,33.6,83.5,512,512,,D:\female\11\897_1.webp
897_2.png,OK,194.2,32.9,83.1,512,512,,D:\female\11\897_2.webp
897_3.png,OK,190.7,39.9,79.1,512,512,,D:\female\11\897_3.webp
897_4.png,OK,191.1,37.8,80.2,512,512,,D:\female\11\897_4.webp
898.png,OK,261.9,59.0,77.5,512,512,,D:\female\11\898.webp
898_1.png,OK,218.6,27.4,87.5,512,512,,D:\female\11\898_1.webp
898_2.png,OK,211.7,28.7,86.4,512,512,,D:\female\11\898_2.webp
899.png,OK,148.0,42.6,71.2,512,512,,D:\female\11\899.webp
899_1.png,OK,146.5,29.8,79.7,512,512,,D:\female\11\899_1.webp
89_1.png,OK,190.0,23.2,87.8,512,512,,D:\female\11\89_1.webp
89_1.png,OK,3.3,1.5,56.0,512,512,,D:\female\9\89_1.webp
89_2.png,OK,3.7,1.7,54.9,512,512,,D:\female\9\89_2.webp
89_3.png,OK,3.7,1.6,55.2,512,512,,D:\female\9\89_3.webp
89_4.png,OK,3.6,1.6,55.6,512,512,,D:\female\9\89_4.webp
89_5.png,OK,3.6,1.6,55.2,512,512,,D:\female\9\89_5.webp
89_6.png,OK,3.5,1.6,55.5,512,512,,D:\female\9\89_6.webp
8_1.png,OK,198.1,31.9,83.9,512,512,,D:\female\11\8_1.webp
8_1.png,OK,86.7,10.2,88.3,512,512,,D:\female\9\8_1.webp
8_10.png,OK,187.7,28.4,84.9,512,512,,D:\female\11\8_10.webp
8_11.png,OK,187.7,28.3,84.9,512,512,,D:\female\11\8_11.webp
8_12.png,OK,203.8,33.9,83.4,512,512,,D:\female\11\8_12.webp
8_13.png,OK,187.9,28.6,84.8,512,512,,D:\female\11\8_13.webp
8_14.png,OK,187.9,28.5,84.8,512,512,,D:\female\11\8_14.webp
8_15.png,OK,187.9,28.5,84.8,512,512,,D:\female\11\8_15.webp
8_2.png,OK,175.1,24.1,86.2,512,512,,D:\female\11\8_2.webp
8_2.png,OK,95.6,13.2,86.2,512,512,,D:\female\9\8_2.webp
8_3.png,OK,187.8,28.4,84.9,512,512,,D:\female\11\8_3.webp
8_3.png,OK,109.7,19.5,82.2,512,512,,D:\female\9\8_3.webp
8_4.png,OK,187.8,28.4,84.9,512,512,,D:\female\11\8_4.webp
8_4.png,OK,109.6,19.3,82.4,512,512,,D:\female\9\8_4.webp
8_5.png,OK,187.8,28.4,84.9,512,512,,D:\female\11\8_5.webp
8_6.png,OK,187.8,28.4,84.9,512,512,,D:\female\11\8_6.webp
8_7.png,OK,187.7,28.4,84.9,512,512,,D:\female\11\8_7.webp
8_8.png,OK,187.7,28.4,84.9,512,512,,D:\female\11\8_8.webp
8_9.png,OK,187.7,28.4,84.9,512,512,,D:\female\11\8_9.webp
9.png,OK,149.0,14.3,90.4,512,512,,D:\female\11\9.webp
9.png,OK,102.3,15.0,85.4,512,512,,D:\female\9\9.webp
90.png,OK,211.7,24.3,88.5,512,512,,D:\female\11\90.webp
90.png,OK,74.2,7.6,89.7,512,512,,D:\female\9\90.webp
900.png,OK,182.2,36.8,79.8,512,512,,D:\female\11\900.webp
900_1.png,OK,154.0,21.3,86.2,512,512,,D:\female\11\900_1.webp
900_2.png,OK,166.1,39.7,76.1,512,512,,D:\female\11\900_2.webp
900_3.png,OK,153.3,20.3,86.8,512,512,,D:\female\11\900_3.webp
901.png,OK,105.3,25.2,76.1,512,512,,D:\female\11\901.webp
901_1.png,OK,78.3,10.8,86.2,512,512,,D:\female\11\901_1.webp
902.png,OK,269.5,62.9,76.7,512,512,,D:\female\11\902.webp
902_1.png,OK,230.2,34.0,85.2,512,512,,D:\female\11\902_1.webp
902_2.png,OK,202.0,35.3,82.5,512,512,,D:\female\11\902_2.webp
902_3.png,OK,251.1,29.5,88.3,512,512,,D:\female\11\902_3.webp
903.png,OK,148.9,28.9,80.6,512,512,,D:\female\11\903.webp
904.png,OK,151.4,28.3,81.3,512,512,,D:\female\11\904.webp
904_1.png,OK,144.4,30.4,78.9,512,512,,D:\female\11\904_1.webp
905.png,OK,110.1,26.6,75.8,512,512,,D:\female\11\905.webp
906.png,OK,163.3,30.7,81.2,512,512,,D:\female\11\906.webp
906_1.png,OK,124.9,16.7,86.7,512,512,,D:\female\11\906_1.webp
907.png,OK,151.0,28.0,81.4,512,512,,D:\female\11\907.webp
907_1.png,OK,179.0,42.7,76.1,512,512,,D:\female\11\907_1.webp
908.png,OK,48.6,9.7,80.0,512,512,,D:\female\11\908.webp
909.png,OK,472.6,65.5,86.1,512,512,,D:\female\11\909.webp
909_1.png,OK,450.5,67.4,85.0,512,512,,D:\female\11\909_1.webp
909_2.png,OK,445.8,64.9,85.4,512,512,,D:\female\11\909_2.webp
909_3.png,OK,445.6,53.7,88.0,512,512,,D:\female\11\909_3.webp
909_4.png,OK,444.9,53.6,87.9,512,512,,D:\female\11\909_4.webp
909_5.png,OK,449.6,54.0,88.0,512,512,,D:\female\11\909_5.webp
90_1.png,OK,208.5,40.4,80.6,512,512,,D:\female\11\90_1.webp
90_2.png,OK,204.3,24.5,88.0,512,512,,D:\female\11\90_2.webp
90_3.png,OK,226.4,50.1,77.9,512,512,,D:\female\11\90_3.webp
90_4.png,OK,208.1,24.7,88.1,512,512,,D:\female\11\90_4.webp
91.png,OK,218.6,25.8,88.2,512,512,,D:\female\11\91.webp
91.png,OK,25.0,6.0,75.9,512,512,,D:\female\9\91.webp
910.png,OK,196.1,32.5,83.4,512,512,,D:\female\11\910.webp
910_1.png,OK,214.8,42.6,80.2,512,512,,D:\female\11\910_1.webp
910_2.png,OK,219.4,57.9,73.6,512,512,,D:\female\11\910_2.webp
911.png,OK,87.5,10.8,87.7,512,512,,D:\female\11\911.webp
911_1.png,OK,88.0,12.9,85.3,512,512,,D:\female\11\911_1.webp
911_2.png,OK,89.8,18.2,79.8,512,512,,D:\female\11\911_2.webp
912.png,OK,127.4,21.7,83.0,512,512,,D:\female\11\912.webp
912_1.png,OK,123.5,17.4,85.9,512,512,,D:\female\11\912_1.webp
913.png,OK,40.6,11.5,71.6,512,512,,D:\female\11\913.webp
913_1.png,OK,43.0,14.5,66.2,512,512,,D:\female\11\913_1.webp
913_2.png,OK,40.1,10.5,73.9,512,512,,D:\female\11\913_2.webp
914.png,OK,139.9,39.4,71.8,512,512,,D:\female\11\914.webp
914_1.png,OK,127.4,27.8,78.1,512,512,,D:\female\11\914_1.webp
914_2.png,OK,128.3,23.8,81.5,512,512,,D:\female\11\914_2.webp
915.png,OK,104.5,24.0,77.0,512,512,,D:\female\11\915.webp
915_1.png,OK,111.9,24.3,78.3,512,512,,D:\female\11\915_1.webp
916.png,OK,50.6,11.9,76.4,512,512,,D:\female\11\916.webp
917.png,OK,450.8,61.4,86.4,512,512,,D:\female\11\917.webp
917_1.png,OK,423.2,60.4,85.7,512,512,,D:\female\11\917_1.webp
917_2.png,OK,415.2,55.9,86.5,512,512,,D:\female\11\917_2.webp
917_3.png,OK,415.6,45.1,89.1,512,512,,D:\female\11\917_3.webp
917_4.png,OK,419.3,46.9,88.8,512,512,,D:\female\11\917_4.webp
917_5.png,OK,423.3,46.9,88.9,512,512,,D:\female\11\917_5.webp
918.png,OK,111.1,12.6,88.7,512,512,,D:\female\11\918.webp
918_1.png,OK,116.4,14.8,87.3,512,512,,D:\female\11\918_1.webp
918_2.png,OK,176.9,31.7,82.1,512,512,,D:\female\11\918_2.webp
919.png,OK,231.9,45.2,80.5,512,512,,D:\female\11\919.webp
919_1.png,OK,219.4,42.4,80.7,512,512,,D:\female\11\919_1.webp
91_1.png,OK,215.7,42.2,80.4,512,512,,D:\female\11\91_1.webp
91_1.png,OK,31.7,7.2,77.4,512,512,,D:\female\9\91_1.webp
91_2.png,OK,211.9,26.3,87.6,512,512,,D:\female\11\91_2.webp
91_2.png,OK,32.7,9.7,70.3,512,512,,D:\female\9\91_2.webp
91_3.png,OK,234.8,53.1,77.4,512,512,,D:\female\11\91_3.webp
91_3.png,OK,31.6,7.3,76.9,512,512,,D:\female\9\91_3.webp
91_4.png,OK,216.1,26.5,87.7,512,512,,D:\female\11\91_4.webp
92.png,OK,216.6,51.3,76.3,512,512,,D:\female\11\92.webp
92.png,OK,9.8,3.6,63.6,512,512,,D:\female\9\92.webp
920.png,OK,213.2,37.6,82.4,512,512,,D:\female\11\920.webp
920_1.png,OK,206.3,42.9,79.2,512,512,,D:\female\11\920_1.webp
921.png,OK,65.9,9.7,85.3,512,512,,D:\female\11\921.webp
921_1.png,OK,60.3,8.5,85.8,512,512,,D:\female\11\921_1.webp
922.png,OK,51.0,11.1,78.2,512,512,,D:\female\11\922.webp
922_1.png,OK,50.6,8.7,82.9,512,512,,D:\female\11\922_1.webp
922_2.png,OK,71.6,21.8,69.5,512,512,,D:\female\11\922_2.webp
923.png,OK,161.4,26.2,83.8,512,512,,D:\female\11\923.webp
923_1.png,OK,167.0,37.2,77.7,512,512,,D:\female\11\923_1.webp
924.png,OK,188.6,26.0,86.2,512,512,,D:\female\11\924.webp
924_1.png,OK,190.1,24.4,87.2,512,512,,D:\female\11\924_1.webp
925.png,OK,114.8,21.3,81.4,512,512,,D:\female\11\925.webp
925_1.png,OK,116.8,23.7,79.7,512,512,,D:\female\11\925_1.webp
926.png,OK,54.9,12.5,77.2,512,512,,D:\female\11\926.webp
926_1.png,OK,56.3,11.9,78.8,512,512,,D:\female\11\926_1.webp
926_2.png,OK,59.6,15.6,73.8,512,512,,D:\female\11\926_2.webp
927.png,OK,104.8,22.2,78.8,512,512,,D:\female\11\927.webp
927_1.png,OK,74.2,11.3,84.7,512,512,,D:\female\11\927_1.webp
928.png,OK,161.3,37.0,77.1,512,512,,D:\female\11\928.webp
929.png,OK,135.9,24.5,81.9,512,512,,D:\female\11\929.webp
929_1.png,OK,112.4,19.6,82.6,512,512,,D:\female\11\929_1.webp
92_1.png,OK,205.2,25.0,87.8,512,512,,D:\female\11\92_1.webp
92_1.png,OK,9.8,3.7,62.4,512,512,,D:\female\9\92_1.webp
92_2.png,OK,199.1,25.6,87.2,512,512,,D:\female\11\92_2.webp
92_2.png,OK,10.1,3.9,61.6,512,512,,D:\female\9\92_2.webp
92_3.png,OK,207.1,24.2,88.3,512,512,,D:\female\11\92_3.webp
92_3.png,OK,9.8,3.7,62.3,512,512,,D:\female\9\92_3.webp
92_4.png,OK,10.9,4.0,63.2,512,512,,D:\female\9\92_4.webp
93.png,OK,227.8,54.3,76.2,512,512,,D:\female\11\93.webp
93.png,OK,3.7,1.6,56.2,512,512,,D:\female\9\93.webp
930.png,OK,246.6,57.7,76.6,512,512,,D:\female\11\930.webp
930_1.png,OK,233.6,35.0,85.0,512,512,,D:\female\11\930_1.webp
930_2.png,OK,199.8,25.3,87.3,512,512,,D:\female\11\930_2.webp
931.png,OK,260.5,47.6,81.7,512,512,,D:\female\11\931.webp
931_1.png,OK,258.0,33.8,86.9,512,512,,D:\female\11\931_1.webp
932.png,OK,171.2,24.5,85.7,512,512,,D:\female\11\932.webp
932_1.png,OK,181.0,36.8,79.7,512,512,,D:\female\11\932_1.webp
933.png,OK,202.1,22.6,88.8,512,512,,D:\female\11\933.webp
933_1.png,OK,218.6,29.1,86.7,512,512,,D:\female\11\933_1.webp
934.png,OK,78.6,12.9,83.6,512,512,,D:\female\11\934.webp
934_1.png,OK,80.9,17.7,78.1,512,512,,D:\female\11\934_1.webp
935.png,OK,198.3,43.1,78.3,512,512,,D:\female\11\935.webp
935_1.png,OK,187.9,45.3,75.9,512,512,,D:\female\11\935_1.webp
936.png,OK,242.9,43.5,82.1,512,512,,D:\female\11\936.webp
936_1.png,OK,252.6,45.5,82.0,512,512,,D:\female\11\936_1.webp
937.png,OK,135.2,19.4,85.6,512,512,,D:\female\11\937.webp
937_1.png,OK,149.2,19.7,86.8,512,512,,D:\female\11\937_1.webp
938.png,OK,91.9,15.8,82.8,512,512,,D:\female\11\938.webp
938_1.png,OK,104.0,12.8,87.7,512,512,,D:\female\11\938_1.webp
939.png,OK,115.7,17.1,85.2,512,512,,D:\female\11\939.webp
939_1.png,OK,99.1,10.6,89.4,512,512,,D:\female\11\939_1.webp
93_1.png,OK,208.8,25.2,87.9,512,512,,D:\female\11\93_1.webp
93_1.png,OK,3.3,1.4,56.5,512,512,,D:\female\9\93_1.webp
93_2.png,OK,200.8,25.8,87.2,512,512,,D:\female\11\93_2.webp
93_3.png,OK,209.9,24.3,88.4,512,512,,D:\female\11\93_3.webp
94.png,OK,279.0,55.4,80.1,512,512,,D:\female\11\94.webp
94.png,OK,2.9,1.3,54.3,512,512,,D:\female\9\94.webp
940.png,OK,87.2,19.3,77.9,512,512,,D:\female\11\940.webp
940_1.png,OK,81.2,11.8,85.5,512,512,,D:\female\11\940_1.webp
941.png,OK,98.2,16.7,83.0,512,512,,D:\female\11\941.webp
941_1.png,OK,109.5,15.5,85.9,512,512,,D:\female\11\941_1.webp
942.png,OK,65.3,9.2,85.8,512,512,,D:\female\11\942.webp
942_1.png,OK,73.1,17.1,76.6,512,512,,D:\female\11\942_1.webp
943.png,OK,169.2,31.8,81.2,512,512,,D:\female\11\943.webp
943_1.png,OK,174.6,34.6,80.2,512,512,,D:\female\11\943_1.webp
944.png,OK,117.3,18.0,84.6,512,512,,D:\female\11\944.webp
944_1.png,OK,116.5,23.1,80.2,512,512,,D:\female\11\944_1.webp
944_2.png,OK,112.5,17.7,84.3,512,512,,D:\female\11\944_2.webp
945.png,OK,374.5,87.0,76.8,512,512,,D:\female\11\945.webp
945_1.png,OK,362.4,68.7,81.0,512,512,,D:\female\11\945_1.webp
946.png,OK,236.0,55.7,76.4,512,512,,D:\female\11\946.webp
946_1.png,OK,228.3,45.9,79.9,512,512,,D:\female\11\946_1.webp
946_2.png,OK,173.9,26.1,85.0,512,512,,D:\female\11\946_2.webp
947.png,OK,114.8,30.6,73.3,512,512,,D:\female\11\947.webp
947_1.png,OK,108.5,19.6,81.9,512,512,,D:\female\11\947_1.webp
947_2.png,OK,77.8,13.6,82.6,512,512,,D:\female\11\947_2.webp
948.png,OK,194.6,37.6,80.7,512,512,,D:\female\11\948.webp
948_1.png,OK,199.6,40.1,79.9,512,512,,D:\female\11\948_1.webp
949.png,OK,159.9,31.8,80.1,512,512,,D:\female\11\949.webp
949_1.png,OK,159.9,38.9,75.7,512,512,,D:\female\11\949_1.webp
94_1.png,OK,2.8,1.2,55.8,512,512,,D:\female\9\94_1.webp
94_2.png,OK,2.9,1.3,54.3,512,512,,D:\female\9\94_2.webp
94_3.png,OK,2.9,1.3,54.5,512,512,,D:\female\9\94_3.webp
95.png,OK,282.2,55.6,80.3,512,512,,D:\female\11\95.webp
95.png,OK,18.4,5.2,71.5,512,512,,D:\female\9\95.webp
950.png,OK,250.1,28.9,88.5,512,512,,D:\female\11\950.webp
950_1.png,OK,239.0,25.6,89.3,512,512,,D:\female\11\950_1.webp
951.png,OK,193.1,32.9,83.0,512,512,,D:\female\11\951.webp
951_1.png,OK,202.4,38.2,81.1,512,512,,D:\female\11\951_1.webp
951_2.png,OK,191.1,32.8,82.8,512,512,,D:\female\11\951_2.webp
952.png,OK,213.2,64.9,69.5,512,512,,D:\female\11\952.webp
952_1.png,OK,206.5,62.7,69.6,512,512,,D:\female\11\952_1.webp
953.png,OK,169.3,48.6,71.3,512,512,,D:\female\11\953.webp
953_1.png,OK,144.9,34.2,76.4,512,512,,D:\female\11\953_1.webp
954.png,OK,196.5,28.0,85.7,512,512,,D:\female\11\954.webp
954_1.png,OK,192.1,24.6,87.2,512,512,,D:\female\11\954_1.webp
955.png,OK,47.5,7.9,83.3,512,512,,D:\female\11\955.webp
955_1.png,OK,58.6,12.2,79.1,512,512,,D:\female\11\955_1.webp
956.png,OK,64.0,10.4,83.8,512,512,,D:\female\11\956.webp
956_1.png,OK,68.3,12.8,81.3,512,512,,D:\female\11\956_1.webp
957.png,OK,182.8,47.0,74.3,512,512,,D:\female\11\957.webp
957_1.png,OK,187.0,34.3,81.6,512,512,,D:\female\11\957_1.webp
958.png,OK,171.5,31.1,81.9,512,512,,D:\female\11\958.webp
958_1.png,OK,207.2,32.3,84.4,512,512,,D:\female\11\958_1.webp
958_2.png,OK,210.5,34.5,83.6,512,512,,D:\female\11\958_2.webp
959.png,OK,235.8,37.3,84.2,512,512,,D:\female\11\959.webp
959_1.png,OK,235.7,36.5,84.5,512,512,,D:\female\11\959_1.webp
959_2.png,OK,246.2,53.9,78.1,512,512,,D:\female\11\959_2.webp
95_1.png,OK,19.3,5.3,72.5,512,512,,D:\female\9\95_1.webp
96.png,OK,272.3,52.8,80.6,512,512,,D:\female\11\96.webp
96.png,OK,9.6,3.7,61.1,512,512,,D:\female\9\96.webp
960.png,OK,255.5,52.1,79.6,512,512,,D:\female\11\960.webp
960_1.png,OK,253.9,53.0,79.1,512,512,,D:\female\11\960_1.webp
960_2.png,OK,235.6,45.1,80.9,512,512,,D:\female\11\960_2.webp
961.png,OK,180.5,22.9,87.3,512,512,,D:\female\11\961.webp
962.png,OK,134.8,36.7,72.8,512,512,,D:\female\11\962.webp
963.png,OK,60.6,8.4,86.1,512,512,,D:\female\11\963.webp
963_1.png,OK,69.4,14.3,79.3,512,512,,D:\female\11\963_1.webp
964.png,OK,269.3,33.6,87.5,512,512,,D:\female\11\964.webp
964_1.png,OK,256.2,28.8,88.7,512,512,,D:\female\11\964_1.webp
965.png,OK,166.1,34.8,79.1,512,512,,D:\female\11\965.webp
965_1.png,OK,164.8,29.7,82.0,512,512,,D:\female\11\965_1.webp
966.png,OK,234.0,38.4,83.6,512,512,,D:\female\11\966.webp
966_1.png,OK,215.0,38.2,82.2,512,512,,D:\female\11\966_1.webp
966_2.png,OK,229.3,37.4,83.7,512,512,,D:\female\11\966_2.webp
967.png,OK,198.5,32.3,83.7,512,512,,D:\female\11\967.webp
967_1.png,OK,176.4,23.0,86.9,512,512,,D:\female\11\967_1.webp
967_2.png,OK,201.5,27.4,86.4,512,512,,D:\female\11\967_2.webp
968.png,OK,176.5,24.4,86.2,512,512,,D:\female\11\968.webp
968_1.png,OK,127.0,16.4,87.1,512,512,,D:\female\11\968_1.webp
969.png,OK,63.6,19.0,70.1,512,512,,D:\female\11\969.webp
969_1.png,OK,63.1,11.4,82.0,512,512,,D:\female\11\969_1.webp
96_1.png,OK,10.2,4.0,60.5,512,512,,D:\female\9\96_1.webp
96_2.png,OK,9.5,3.7,61.2,512,512,,D:\female\9\96_2.webp
96_3.png,OK,9.5,3.7,60.7,512,512,,D:\female\9\96_3.webp
96_4.png,OK,9.5,3.8,59.7,512,512,,D:\female\9\96_4.webp
97.png,OK,245.5,34.6,85.9,512,512,,D:\female\11\97.webp
97.png,OK,2.7,1.2,54.5,512,512,,D:\female\9\97.webp
970.png,OK,68.6,10.8,84.3,512,512,,D:\female\11\970.webp
970_1.png,OK,69.6,12.9,81.5,512,512,,D:\female\11\970_1.webp
971.png,OK,256.5,34.7,86.5,512,512,,D:\female\11\971.webp
971_1.png,OK,246.1,33.1,86.5,512,512,,D:\female\11\971_1.webp
972.png,OK,238.7,45.1,81.1,512,512,,D:\female\11\972.webp
972_1.png,OK,235.4,35.1,85.1,512,512,,D:\female\11\972_1.webp
973.png,OK,193.5,36.0,81.4,512,512,,D:\female\11\973.webp
973_1.png,OK,203.3,41.1,79.8,512,512,,D:\female\11\973_1.webp
973_2.png,OK,180.4,45.8,74.6,512,512,,D:\female\11\973_2.webp
974.png,OK,226.7,56.0,75.3,512,512,,D:\female\11\974.webp
974_1.png,OK,234.2,62.5,73.3,512,512,,D:\female\11\974_1.webp
975.png,OK,53.9,11.6,78.6,512,512,,D:\female\11\975.webp
976.png,OK,77.2,19.0,75.3,512,512,,D:\female\11\976.webp
976_1.png,OK,87.5,19.0,78.3,512,512,,D:\female\11\976_1.webp
977.png,OK,197.2,39.7,79.8,512,512,,D:\female\11\977.webp
977_1.png,OK,189.2,35.4,81.3,512,512,,D:\female\11\977_1.webp
978.png,OK,283.8,65.5,76.9,512,512,,D:\female\11\978.webp
978_1.png,OK,285.9,66.0,76.9,512,512,,D:\female\11\978_1.webp
979.png,OK,142.5,19.5,86.3,512,512,,D:\female\11\979.webp
979_1.png,OK,145.9,34.2,76.6,512,512,,D:\female\11\979_1.webp
98.png,OK,230.5,29.6,87.2,512,512,,D:\female\11\98.webp
98.png,OK,8.4,3.4,59.4,512,512,,D:\female\9\98.webp
980.png,OK,253.7,50.2,80.2,512,512,,D:\female\11\980.webp
980_1.png,OK,249.3,36.0,85.6,512,512,,D:\female\11\980_1.webp
980_2.png,OK,269.0,48.0,82.2,512,512,,D:\female\11\980_2.webp
981.png,OK,218.2,38.3,82.5,512,512,,D:\female\11\981.webp
981_1.png,OK,243.1,61.7,74.6,512,512,,D:\female\11\981_1.webp
982.png,OK,71.0,17.6,75.2,512,512,,D:\female\11\982.webp
982_1.png,OK,78.0,17.9,77.1,512,512,,D:\female\11\982_1.webp
983.png,OK,68.5,14.8,78.4,512,512,,D:\female\11\983.webp
983_1.png,OK,67.5,17.2,74.5,512,512,,D:\female\11\983_1.webp
984.png,OK,53.0,16.2,69.3,512,512,,D:\female\11\984.webp
985.png,OK,233.4,55.5,76.2,512,512,,D:\female\11\985.webp
985_1.png,OK,184.4,29.0,84.3,512,512,,D:\female\11\985_1.webp
986.png,OK,184.0,20.2,89.0,512,512,,D:\female\11\986.webp
986_1.png,OK,196.3,40.8,79.2,512,512,,D:\female\11\986_1.webp
987.png,OK,366.8,69.6,81.0,512,512,,D:\female\11\987.webp
987_1.png,OK,403.4,75.4,81.3,512,512,,D:\female\11\987_1.webp
988.png,OK,131.4,37.0,71.9,512,512,,D:\female\11\988.webp
988_1.png,OK,122.4,30.8,74.8,512,512,,D:\female\11\988_1.webp
989.png,OK,142.8,24.5,82.9,512,512,,D:\female\11\989.webp
989_1.png,OK,142.0,24.2,83.0,512,512,,D:\female\11\989_1.webp
989_2.png,OK,141.9,24.1,83.0,512,512,,D:\female\11\989_2.webp
98_1.png,OK,188.4,22.5,88.1,512,512,,D:\female\11\98_1.webp
98_1.png,OK,8.3,3.4,59.3,512,512,,D:\female\9\98_1.webp
98_2.png,OK,307.9,85.3,72.3,512,512,,D:\female\11\98_2.webp
98_3.png,OK,255.4,36.7,85.6,512,512,,D:\female\11\98_3.webp
98_4.png,OK,253.7,34.1,86.6,512,512,,D:\female\11\98_4.webp
99.png,OK,272.6,69.6,74.5,512,512,,D:\female\11\99.webp
99.png,OK,51.3,11.9,76.8,512,512,,D:\female\9\99.webp
990.png,OK,85.8,20.7,75.8,512,512,,D:\female\11\990.webp
990_1.png,OK,84.3,19.8,76.5,512,512,,D:\female\11\990_1.webp
991.png,OK,121.8,19.1,84.3,512,512,,D:\female\11\991.webp
991_1.png,OK,132.4,29.5,77.7,512,512,,D:\female\11\991_1.webp
992.png,OK,306.6,68.7,77.6,512,512,,D:\female\11\992.webp
992_1.png,OK,282.2,77.6,72.5,512,512,,D:\female\11\992_1.webp
993.png,OK,269.4,45.4,83.2,512,512,,D:\female\11\993.webp
993_1.png,OK,283.6,64.8,77.1,512,512,,D:\female\11\993_1.webp
993_2.png,OK,287.1,66.0,77.0,512,512,,D:\female\11\993_2.webp
994.png,OK,266.5,60.9,77.1,512,512,,D:\female\11\994.webp
994_1.png,OK,280.6,71.4,74.6,512,512,,D:\female\11\994_1.webp
995.png,OK,309.8,67.3,78.3,512,512,,D:\female\11\995.webp
995_1.png,OK,298.9,84.8,71.6,512,512,,D:\female\11\995_1.webp
996.png,OK,148.1,33.2,77.6,512,512,,D:\female\11\996.webp
996_1.png,OK,149.4,29.7,80.1,512,512,,D:\female\11\996_1.webp
996_2.png,OK,143.4,26.6,81.5,512,512,,D:\female\11\996_2.webp
996_3.png,OK,136.0,28.9,78.7,512,512,,D:\female\11\996_3.webp
996_4.png,OK,128.2,33.3,74.0,512,512,,D:\female\11\996_4.webp
997.png,OK,50.2,7.0,86.0,512,512,,D:\female\11\997.webp
997_1.png,OK,46.1,6.5,86.0,512,512,,D:\female\11\997_1.webp
998.png,OK,114.7,25.2,78.0,512,512,,D:\female\11\998.webp
999.png,OK,252.0,59.6,76.3,512,512,,D:\female\11\999.webp
999_1.png,OK,238.7,37.5,84.3,512,512,,D:\female\11\999_1.webp
99_1.png,OK,304.0,49.1,83.9,512,512,,D:\female\11\99_1.webp
99_1.png,OK,52.2,11.9,77.1,512,512,,D:\female\9\99_1.webp
99_10.png,OK,220.5,27.8,87.4,512,512,,D:\female\11\99_10.webp
99_2.png,OK,255.1,56.9,77.7,512,512,,D:\female\11\99_2.webp
99_2.png,OK,54.7,16.7,69.5,512,512,,D:\female\9\99_2.webp
99_3.png,OK,227.0,29.1,87.2,512,512,,D:\female\11\99_3.webp
99_3.png,OK,53.0,13.7,74.2,512,512,,D:\female\9\99_3.webp
99_4.png,OK,313.6,73.2,76.7,512,512,,D:\female\11\99_4.webp
99_5.png,OK,229.6,45.1,80.4,512,512,,D:\female\11\99_5.webp
99_6.png,OK,237.7,29.2,87.7,512,512,,D:\female\11\99_6.webp
99_7.png,OK,351.2,95.3,72.9,512,512,,D:\female\11\99_7.webp
99_8.png,OK,308.5,64.9,79.0,512,512,,D:\female\11\99_8.webp
99_9.png,OK,224.5,27.5,87.8,512,512,,D:\female\11\99_9.webp
9_1.png,OK,169.1,19.7,88.4,512,512,,D:\female\11\9_1.webp
9_1.png,OK,87.8,10.1,88.5,512,512,,D:\female\9\9_1.webp
9_10.png,OK,222.9,45.1,79.8,512,512,,D:\female\11\9_10.webp
9_11.png,OK,160.2,39.0,75.6,512,512,,D:\female\11\9_11.webp
9_12.png,OK,179.7,23.7,86.8,512,512,,D:\female\11\9_12.webp
9_13.png,OK,201.7,31.0,84.6,512,512,,D:\female\11\9_13.webp
9_14.png,OK,173.3,41.2,76.2,512,512,,D:\female\11\9_14.webp
9_15.png,OK,135.4,17.3,87.2,512,512,,D:\female\11\9_15.webp
9_2.png,OK,170.5,21.8,87.2,512,512,,D:\female\11\9_2.webp
9_2.png,OK,97.1,13.5,86.0,512,512,,D:\female\9\9_2.webp
9_3.png,OK,149.3,16.4,89.0,512,512,,D:\female\11\9_3.webp
9_3.png,OK,111.6,19.7,82.4,512,512,,D:\female\9\9_3.webp
9_4.png,OK,171.4,24.9,85.5,512,512,,D:\female\11\9_4.webp
9_4.png,OK,111.4,19.5,82.5,512,512,,D:\female\9\9_4.webp
9_5.png,OK,201.5,51.8,74.3,512,512,,D:\female\11\9_5.webp
9_6.png,OK,196.6,35.3,82.0,512,512,,D:\female\11\9_6.webp
9_7.png,OK,195.7,40.1,79.5,512,512,,D:\female\11\9_7.webp
9_8.png,OK,175.9,21.6,87.7,512,512,,D:\female\11\9_8.webp
9_9.png,OK,181.0,24.2,86.6,512,512,,D:\female\11\9_9.webp
